commit,faults,path,IsRecursive,IsNested,HasNestedMethods,HasFunctions,IsFunction,HasFunctionParameters,HasHigherOrderCalls,HasFunctionCalls,HasCurrying,HasPatternMatching,HasLazyValues,HasMultipleParameterLists,FunctionalScoreBool,HasVariables,HasVariableDefinitions,HasInnerVariableAssignment,HasOuterVariableUsage,HasOuterVariableAssignment,HasSideEffects,IsSideEffect,HasSideEffectCalls,HasSideEffectFunctions,ImperativeScoreBool,HasPointsBool,ParadigmScoreBool
HEAD,0,package util - object HttpClientUtil,0.0,0.0,0.0,0.3333333333333333,0.0,0.3333333333333333,0.3333333333333333,0.3333333333333333,0.0,0.0,0.0,0.3333333333333333,1.6666666666666667,0.0,0.0,0.0,0.0,0.0,0.3333333333333333,0.0,0.3333333333333333,0.3333333333333333,1.0,0.3333333333333333,0.08333333333333333
HEAD,2,package api - object ApiPullRequest,0.0,0.0,0.0,1.0,0.0,0.0,1.0,0.0,0.0,1.0,0.0,0.0,3.0,0.0,0.0,0.0,0.0,0.0,0.0,0.0,0.0,0.0,0.0,1.0,1.0
HEAD,0,package model - trait GpgKeyComponent - class GpgKeys,0.0,0.0,0.0,0.0,0.0,0.0,0.0,0.0,0.0,0.0,0.0,0.0,0.0,0.0,0.0,0.0,0.0,0.0,0.0,0.0,0.0,0.0,0.0,0.0,0.0
HEAD,0,package plugin - object Sessions,0.0,0.0,0.0,0.0,0.0,0.0,0.0,0.0,0.0,0.0,0.0,0.0,0.0,0.0,0.0,0.0,0.0,0.0,0.0,0.0,0.0,0.0,0.0,0.0,0.0
HEAD,4,package controller - trait IssuesControllerBase,0.0,0.0,0.0,0.6666666666666666,0.0,0.3333333333333333,0.6666666666666666,0.0,0.0,0.6666666666666666,0.0,0.6666666666666666,3.0,0.0,0.0,0.0,0.0,0.0,0.0,0.0,0.0,0.0,0.0,1.0,1.0
HEAD,9,package util - object JGitUtil,0.0,0.0,0.08,0.74,0.0,0.1,0.74,0.08,0.0,0.18,0.0,0.1,2.02,0.06,0.06,0.06,0.0,0.0,0.46,0.08,0.42,0.12,1.26,0.86,0.31044444444444447
HEAD,0,package util - object JGitUtil - <$anon: util.Using.Releasable[org.eclipse.jgit.lib.ObjectDatabase]>,0.0,0.0,0.0,0.0,0.0,0.0,0.0,0.0,0.0,0.0,0.0,0.0,0.0,0.0,0.0,0.0,0.0,0.0,1.0,1.0,1.0,0.0,3.0,1.0,-1.0
HEAD,0,package util - object JGitUtil - class CommitInfo,0.0,0.0,0.0,0.0,0.0,0.0,0.0,0.0,0.0,0.0,0.0,0.0,0.0,0.0,0.0,0.0,0.0,0.0,0.0,0.0,0.0,0.0,0.0,0.0,0.0
HEAD,0,package util - object AuthUtil,0.0,0.0,0.0,0.0,0.0,0.0,0.0,0.0,0.0,0.0,0.0,0.0,0.0,0.0,0.0,0.0,0.0,0.0,0.5,0.5,0.0,0.0,1.0,0.5,-0.5
HEAD,2,package service - trait MilestonesService,0.0,0.0,0.0,0.0,0.0,0.0,0.0,0.0,0.0,0.125,0.0,1.0,1.125,0.0,0.0,0.0,0.0,0.0,0.625,0.625,0.0,0.0,1.25,1.0,0.16666666666666669
HEAD,3,package servlet - class GitRepositoryServlet,0.0,0.0,0.0,0.0,0.0,0.0,0.0,0.0,0.0,0.25,0.0,0.25,0.5,0.0,0.0,0.0,0.0,0.0,0.75,0.75,0.0,0.0,1.5,1.0,-0.3333333333333333
HEAD,1,package servlet - class GitBucketRepositoryResolver,0.0,0.0,0.0,1.0,0.0,0.0,1.0,0.0,0.0,1.0,0.0,0.0,3.0,0.0,0.0,0.0,0.0,0.0,0.0,0.0,0.0,0.0,0.0,1.0,1.0
HEAD,0,package servlet - class GitBucketReceivePackFactory,0.0,0.0,0.0,0.0,0.0,0.0,0.0,0.0,0.0,0.0,0.0,0.0,0.0,0.0,0.0,0.0,0.0,0.0,1.0,0.0,1.0,0.0,2.0,1.0,-1.0
HEAD,6,package servlet - class CommitLogHook,0.0,0.0,0.0,0.0,0.0,0.0,0.0,0.0,0.0,0.5,0.0,0.0,0.5,0.0,0.0,0.5,0.0,0.0,1.0,1.0,0.5,0.0,3.0,1.0,-0.6666666666666666
HEAD,1,package servlet - class WikiCommitHook,0.0,0.0,0.0,0.0,0.0,0.0,0.0,0.0,0.0,1.0,0.0,0.0,1.0,0.0,0.0,0.0,0.0,0.0,1.0,1.0,0.0,0.0,2.0,1.0,-0.3333333333333333
HEAD,3,package ssh - class GitCommand,0.0,0.0,0.0,0.0,0.0,0.0,0.0,0.0,0.0,0.1111111111111111,0.0,0.0,0.1111111111111111,0.6666666666666666,0.0,0.0,0.6666666666666666,0.5555555555555556,1.0,0.8888888888888888,0.7777777777777778,0.1111111111111111,4.666666666666667,1.0,-0.9629629629629629
HEAD,0,package ssh - class DefaultGitCommand,0.0,0.0,0.0,0.0,0.0,0.0,0.0,0.0,0.0,1.0,0.0,0.6666666666666666,1.6666666666666667,0.0,0.0,0.0,0.0,0.0,0.0,0.0,0.0,0.0,0.0,1.0,1.0
HEAD,2,package ssh - class DefaultGitUploadPack,0.0,0.0,0.0,1.0,0.0,0.0,1.0,0.0,0.0,0.0,0.0,0.0,2.0,1.0,0.0,0.0,1.0,0.0,1.0,1.0,1.0,1.0,6.0,1.0,-0.5
HEAD,2,package ssh - class DefaultGitReceivePack,0.0,0.0,0.0,1.0,0.0,0.0,1.0,0.0,0.0,0.0,0.0,0.0,2.0,1.0,0.0,0.0,1.0,0.0,1.0,1.0,1.0,1.0,6.0,1.0,-0.5
HEAD,2,package ssh - class PluginGitUploadPack,0.0,0.0,0.0,1.0,0.0,0.0,1.0,0.0,0.0,0.0,0.0,0.0,2.0,1.0,0.0,0.0,1.0,0.0,1.0,1.0,1.0,1.0,6.0,1.0,-0.5
HEAD,2,package ssh - class PluginGitReceivePack,0.0,0.0,0.0,1.0,0.0,0.0,1.0,0.0,0.0,0.0,0.0,0.0,2.0,1.0,0.0,0.0,1.0,0.0,1.0,1.0,1.0,1.0,6.0,1.0,-0.5
HEAD,0,package ssh - class GitCommandFactory,0.0,0.0,0.0,0.3333333333333333,0.0,0.0,0.3333333333333333,0.0,0.0,0.3333333333333333,0.0,0.0,1.0,0.0,0.0,0.0,0.0,0.0,0.3333333333333333,0.0,0.3333333333333333,0.0,0.6666666666666666,0.3333333333333333,0.06666666666666667
HEAD,0,package ssh - object PublicKeyAuthenticator,0.0,0.0,0.0,0.0,0.0,0.0,0.0,0.0,0.0,0.0,0.0,0.0,0.0,0.0,0.0,0.0,0.0,0.0,0.5,0.5,0.0,0.0,1.0,0.5,-0.5
HEAD,0,package ssh - object PublicKeyAuthenticator - object AuthType,0.0,0.0,0.0,0.0,0.0,0.0,0.0,0.0,0.0,1.0,0.0,0.0,1.0,0.0,0.0,0.0,0.0,0.0,0.0,0.0,0.0,0.0,0.0,1.0,1.0
HEAD,0,package ssh - class PublicKeyAuthenticator,0.0,0.0,0.0,0.0,0.0,0.0,0.0,0.0,0.0,0.3333333333333333,0.0,0.6666666666666666,1.0,0.0,0.0,0.0,0.0,0.0,0.3333333333333333,0.0,0.3333333333333333,0.0,0.6666666666666666,0.6666666666666666,0.22222222222222224
HEAD,0,package api - object ApiCombinedCommitStatus,0.0,0.0,0.0,1.0,0.0,0.0,1.0,0.0,0.0,1.0,0.0,0.0,3.0,0.0,0.0,0.0,0.0,0.0,0.0,0.0,0.0,0.0,0.0,1.0,1.0
HEAD,2,package api - trait ApiPullRequestControllerBase,0.0,0.0,0.0,0.0,0.0,0.0,0.0,0.0,0.0,1.0,0.0,0.0,1.0,0.0,0.0,0.0,0.0,0.0,0.0,0.0,0.0,0.0,0.0,1.0,1.0
HEAD,0,package model - trait AccountExtraMailAddressComponent - class AccountExtraMailAddresses,0.0,0.0,0.0,0.0,0.0,0.0,0.0,0.0,0.0,0.0,0.0,0.0,0.0,0.0,0.0,0.0,0.0,0.0,0.0,0.0,0.0,0.0,0.0,0.0,0.0
HEAD,0,package controller - trait ValidationSupport,0.0,0.0,0.0,0.7272727272727273,0.0,0.7272727272727273,0.0,0.0,0.0,0.09090909090909091,0.0,0.7272727272727273,2.272727272727273,0.0,0.0,0.09090909090909091,0.0,0.0,0.0,0.0,0.09090909090909091,0.0,0.18181818181818182,0.9090909090909091,0.7272727272727273
HEAD,0,package plugin - class Plugin,0.0,0.0,0.0,0.07407407407407407,0.0,0.0,0.07407407407407407,0.0,0.0,0.037037037037037035,0.0,0.0,0.18518518518518517,0.0,0.0,0.0,0.0,0.0,0.07407407407407407,0.07407407407407407,0.037037037037037035,0.037037037037037035,0.2222222222222222,0.1111111111111111,-0.005291005291005289
HEAD,13,package controller - trait AccountControllerBase,0.0,0.0,0.7272727272727273,0.45454545454545453,0.0,0.0,0.45454545454545453,0.0,0.0,0.45454545454545453,0.0,0.0,2.090909090909091,0.0,0.0,0.0,0.0,0.0,0.0,0.0,0.0,0.0,0.0,0.9090909090909091,0.9090909090909091
HEAD,0,package controller - trait AccountControllerBase - method accountWebHook - <$anon: <error>>,0.0,0.0,0.0,0.0,0.0,0.0,0.0,0.0,0.0,0.0,0.0,0.0,0.0,0.0,0.0,0.0,0.0,0.0,0.0,0.0,0.0,0.0,0.0,0.0,0.0
HEAD,0,package controller - trait AccountControllerBase - method accountWebhookEvents - <$anon: <error>>,0.0,0.0,0.0,0.5,0.0,0.0,0.5,0.0,0.0,0.0,0.0,0.0,1.0,0.0,0.0,0.0,0.0,0.0,0.0,0.0,0.0,0.0,0.0,0.5,0.5
HEAD,0,package controller - trait AccountControllerBase - method existsAccount - <$anon: <error>>,0.0,0.0,0.0,0.0,0.0,0.0,0.0,0.0,0.0,0.0,0.0,0.0,0.0,0.0,0.0,0.0,0.0,0.0,0.0,0.0,0.0,0.0,0.0,0.0,0.0
HEAD,0,package controller - trait AccountControllerBase - method uniqueRepository - <$anon: <error>>,0.0,0.0,0.0,1.0,0.0,0.0,1.0,0.0,0.0,1.0,0.0,0.0,3.0,0.0,0.0,0.0,0.0,0.0,0.0,0.0,0.0,0.0,0.0,1.0,1.0
HEAD,0,package controller - trait AccountControllerBase - method members - <$anon: <error>>,0.0,0.0,0.0,1.0,0.0,0.0,1.0,0.0,0.0,1.0,0.0,0.0,3.0,0.0,0.0,0.0,0.0,0.0,0.0,0.0,0.0,0.0,0.0,1.0,1.0
HEAD,0,package controller - trait AccountControllerBase - method validPublicKey - <$anon: <error>>,0.0,0.0,0.0,0.0,0.0,0.0,0.0,0.0,0.0,1.0,0.0,0.0,1.0,0.0,0.0,0.0,0.0,0.0,0.0,0.0,0.0,0.0,0.0,1.0,1.0
HEAD,0,package controller - trait AccountControllerBase - method validGpgPublicKey - <$anon: <error>>,0.0,0.0,0.0,0.0,0.0,0.0,0.0,0.0,0.0,1.0,0.0,0.0,1.0,0.0,0.0,0.0,0.0,0.0,0.0,0.0,0.0,0.0,0.0,1.0,1.0
HEAD,0,package controller - trait AccountControllerBase - method validAccountName - <$anon: <error>>,0.0,0.0,0.0,0.0,0.0,0.0,0.0,0.0,0.0,1.0,0.0,0.0,1.0,0.0,0.0,0.0,0.0,0.0,0.0,0.0,0.0,0.0,0.0,1.0,1.0
HEAD,2,package model - trait MilestoneComponent - class Milestones,0.0,0.0,0.0,0.0,0.0,0.0,0.0,0.0,0.0,0.0,0.0,0.0,0.0,0.0,0.0,0.0,0.0,0.0,0.0,0.0,0.0,0.0,0.0,0.0,0.0
HEAD,1,package servlet - class InitializeListener,0.0,0.0,0.0,0.5,0.0,0.0,0.5,0.0,0.0,0.25,0.0,0.0,1.25,0.0,0.0,0.0,0.0,0.0,1.0,1.0,0.75,0.0,2.75,1.0,-0.55
HEAD,0,package servlet - class DeleteOldActivityActor,0.0,0.0,0.0,0.0,0.0,0.0,0.0,0.0,0.0,1.0,0.0,0.0,1.0,0.0,0.0,0.0,0.0,0.0,0.0,0.0,0.0,0.0,0.0,1.0,1.0
HEAD,0,package service - trait MergeService,0.0,0.0,0.0,0.5,0.0,0.0,0.5,0.0,0.0,0.2,0.0,0.2,1.4,0.0,0.0,0.0,0.0,0.0,0.3,0.1,0.2,0.1,0.7,0.6,0.3142857142857143
HEAD,1,package service - object MergeService,0.0,0.0,0.0,1.0,0.0,0.0,1.0,0.0,0.0,1.0,0.0,0.0,3.0,0.0,0.0,0.0,0.0,0.0,0.0,0.0,0.0,0.0,0.0,1.0,1.0
HEAD,0,package service - object MergeService - object Util,0.0,0.0,0.0,1.0,0.0,0.0,1.0,0.0,0.0,0.0,0.0,0.0,2.0,0.0,0.0,0.0,0.0,0.0,1.0,0.0,1.0,0.5,2.5,1.0,-0.1
HEAD,1,package service - object MergeService - class MergeCacheInfo,0.0,0.0,0.25,0.625,0.0,0.0,0.625,0.0,0.0,0.0,0.625,0.0,2.125,0.125,0.125,0.125,0.0,0.0,0.5,0.0,0.375,0.125,1.375,0.875,0.29166666666666663
HEAD,1,package service - trait RepositoryCommitFileService,0.0,0.0,0.0,0.75,0.0,0.5,0.75,0.25,0.0,0.5,0.0,1.0,3.75,0.0,0.0,0.0,0.0,0.0,0.5,0.0,0.5,0.25,1.25,1.0,0.6607142857142857
HEAD,1,package controller - trait LabelsControllerBase,0.0,0.0,1.0,0.5,0.0,0.0,0.5,0.0,0.0,0.0,0.0,0.0,2.0,0.0,0.0,0.0,0.0,0.0,0.0,0.0,0.0,0.0,0.0,1.0,1.0
HEAD,0,package controller - trait LabelsControllerBase - method labelName - <$anon: <error>>,0.0,0.0,0.0,0.0,0.0,0.0,0.0,0.0,0.0,0.0,0.0,0.0,0.0,0.0,0.0,0.0,0.0,0.0,0.0,0.0,0.0,0.0,0.0,0.0,0.0
HEAD,1,package controller - trait LabelsControllerBase - method uniqueLabelName - <$anon: <error>>,0.0,0.0,0.0,1.0,0.0,0.0,1.0,0.0,0.0,0.0,0.0,0.0,2.0,0.0,0.0,0.0,0.0,0.0,0.0,0.0,0.0,0.0,0.0,1.0,1.0
HEAD,0,package service - trait SystemSettingsService,0.0,0.0,0.0,0.6666666666666666,0.0,0.0,0.6666666666666666,0.0,0.0,0.0,0.0,0.0,1.3333333333333333,0.0,0.0,0.0,0.0,0.0,0.6666666666666666,0.3333333333333333,0.6666666666666666,0.6666666666666666,2.3333333333333335,0.6666666666666666,-0.17777777777777778
HEAD,0,package service - object SystemSettingsService,0.0,0.0,0.0,1.0,0.0,0.0,1.0,0.0,0.0,0.0,0.0,1.0,3.0,0.0,0.0,0.0,0.0,0.0,0.0,0.0,0.0,0.0,0.0,1.0,1.0
HEAD,0,package service - object SystemSettingsService - class SystemSettings,0.0,0.0,0.0,0.3333333333333333,0.0,0.0,0.3333333333333333,0.0,0.0,0.0,0.0,0.0,0.6666666666666666,0.0,0.0,0.0,0.0,0.0,0.0,0.0,0.0,0.0,0.0,0.3333333333333333,0.3333333333333333
HEAD,0,package service - object SystemSettingsService - object OIDC,0.0,0.0,0.0,0.0,0.0,0.0,0.0,0.0,0.0,0.0,0.0,0.0,0.0,0.0,0.0,0.0,0.0,0.0,0.0,0.0,0.0,0.0,0.0,0.0,0.0
HEAD,0,package util - trait OneselfAuthenticator,0.0,0.0,0.0,0.3333333333333333,0.3333333333333333,0.3333333333333333,0.0,0.3333333333333333,0.0,0.3333333333333333,0.0,0.0,1.6666666666666667,0.0,0.0,0.0,0.0,0.0,0.0,0.0,0.0,0.0,0.0,0.6666666666666666,0.6666666666666666
HEAD,0,package util - trait OwnerAuthenticator,0.0,0.0,0.0,1.0,0.3333333333333333,1.0,0.6666666666666666,0.3333333333333333,0.0,0.3333333333333333,0.0,0.0,3.6666666666666665,0.0,0.0,0.0,0.0,0.0,0.0,0.0,0.0,0.0,0.0,1.0,1.0
HEAD,0,package util - trait UsersAuthenticator,0.0,0.0,0.0,0.3333333333333333,0.3333333333333333,0.3333333333333333,0.0,0.3333333333333333,0.0,0.3333333333333333,0.0,0.0,1.6666666666666667,0.0,0.0,0.0,0.0,0.0,0.0,0.0,0.0,0.0,0.0,0.6666666666666666,0.6666666666666666
HEAD,0,package util - trait AdminAuthenticator,0.0,0.0,0.0,0.3333333333333333,0.3333333333333333,0.3333333333333333,0.0,0.3333333333333333,0.0,0.3333333333333333,0.0,0.0,1.6666666666666667,0.0,0.0,0.0,0.0,0.0,0.0,0.0,0.0,0.0,0.0,0.6666666666666666,0.6666666666666666
HEAD,1,package util - trait ReferrerAuthenticator,0.0,0.0,0.0,1.0,0.3333333333333333,1.0,0.6666666666666666,0.3333333333333333,0.0,0.0,0.0,0.0,3.3333333333333335,0.0,0.0,0.0,0.0,0.0,0.0,0.0,0.0,0.0,0.0,1.0,1.0
HEAD,0,package util - trait ReadableUsersAuthenticator,0.0,0.0,0.0,1.0,0.3333333333333333,1.0,0.6666666666666666,0.3333333333333333,0.0,0.3333333333333333,0.0,0.0,3.6666666666666665,0.0,0.0,0.0,0.0,0.0,0.0,0.0,0.0,0.0,0.0,1.0,1.0
HEAD,0,package util - trait WritableUsersAuthenticator,0.0,0.0,0.0,1.0,0.3333333333333333,1.0,0.6666666666666666,0.3333333333333333,0.0,0.3333333333333333,0.0,0.0,3.6666666666666665,0.0,0.0,0.0,0.0,0.0,0.0,0.0,0.0,0.0,0.0,1.0,1.0
HEAD,2,package util - trait GroupManagerAuthenticator,0.0,0.0,0.0,0.6666666666666666,0.3333333333333333,0.3333333333333333,0.3333333333333333,0.3333333333333333,0.0,0.3333333333333333,0.0,0.0,2.3333333333333335,0.0,0.0,0.0,0.0,0.0,0.0,0.0,0.0,0.0,0.0,0.6666666666666666,0.6666666666666666
HEAD,0,package api - object ApiPersonIdent,0.0,0.0,0.0,0.0,0.0,0.0,0.0,0.0,0.0,0.0,0.0,0.0,0.0,0.0,0.0,0.0,0.0,0.0,0.0,0.0,0.0,0.0,0.0,0.0,0.0
HEAD,3,package controller - trait SystemSettingsControllerBase,0.0,0.0,1.0,0.6666666666666666,0.0,0.0,0.6666666666666666,0.0,0.0,0.3333333333333333,0.0,0.0,2.6666666666666665,0.0,0.0,0.0,0.0,0.0,0.0,0.0,0.0,0.0,0.0,1.0,1.0
HEAD,0,package controller - trait SystemSettingsControllerBase - method multiLineText - <$anon: <error>>,0.0,0.0,0.0,1.0,0.0,0.0,1.0,0.0,0.0,0.0,0.0,0.0,2.0,0.0,0.0,0.0,0.0,0.0,0.0,0.0,0.0,0.0,0.0,1.0,1.0
HEAD,0,package controller - trait SystemSettingsControllerBase - method members - <$anon: <error>>,0.0,0.0,0.0,1.0,0.0,0.0,1.0,0.0,0.0,1.0,0.0,0.0,3.0,0.0,0.0,0.0,0.0,0.0,0.0,0.0,0.0,0.0,0.0,1.0,1.0
HEAD,0,package controller - trait SystemSettingsControllerBase - method disableByNotYourself - <$anon: <error>>,0.0,0.0,0.0,0.0,0.0,0.0,0.0,0.0,0.0,0.0,0.0,0.0,0.0,0.0,0.0,0.0,0.0,0.0,0.0,0.0,0.0,0.0,0.0,0.0,0.0
HEAD,3,package view - object helpers,0.0,0.0,0.0,0.14634146341463414,0.0,0.0,0.14634146341463414,0.0,0.0,0.14634146341463414,0.0,0.4146341463414634,0.8536585365853658,0.024390243902439025,0.024390243902439025,0.024390243902439025,0.0,0.0,0.04878048780487805,0.0,0.04878048780487805,0.0,0.17073170731707318,0.6097560975609756,0.5338753387533876
HEAD,1,package view - object helpers - class RegexReplaceString,0.0,0.0,0.0,1.0,0.0,1.0,1.0,1.0,0.0,0.0,0.0,0.0,4.0,0.0,0.0,0.0,0.0,0.0,0.0,0.0,0.0,0.0,0.0,1.0,1.0
HEAD,0,package view - object helpers - class RichHtmlSeq,0.0,0.0,0.0,0.0,0.0,0.0,0.0,0.0,0.0,0.0,0.0,0.0,0.0,0.0,0.0,0.0,0.0,0.0,0.0,0.0,0.0,0.0,0.0,0.0,0.0
HEAD,11,package service - trait IssuesService,0.0,0.0,0.0,0.23529411764705882,0.0,0.0,0.23529411764705882,0.0,0.0,0.4117647058823529,0.0,1.0,1.8823529411764706,0.0,0.0,0.0,0.0,0.0,0.23529411764705882,0.058823529411764705,0.058823529411764705,0.0,0.35294117647058826,1.0,0.8088235294117647
HEAD,1,package service - object IssuesService - class IssueSearchCondition,0.0,0.0,0.0,0.5,0.0,0.0,0.5,0.0,0.0,0.5,0.0,0.0,1.5,0.0,0.0,0.0,0.0,0.0,0.0,0.0,0.0,0.0,0.0,0.5,0.5
HEAD,1,package service - object IssuesService - object IssueSearchCondition,0.0,0.0,0.0,0.0,0.0,0.0,0.0,0.0,0.0,0.3333333333333333,0.0,0.0,0.3333333333333333,0.0,0.0,0.0,0.0,0.0,0.0,0.0,0.0,0.0,0.0,0.3333333333333333,0.3333333333333333
HEAD,3,package controller - trait IndexControllerBase,0.0,0.0,0.0,0.0,0.0,0.0,0.0,0.0,0.0,0.0,0.0,0.0,0.0,0.0,0.0,0.0,0.0,0.0,1.0,0.0,0.0,0.0,1.0,1.0,-1.0
HEAD,0,package model - trait GroupMemberComponent - class GroupMembers,0.0,0.0,0.0,0.0,0.0,0.0,0.0,0.0,0.0,0.0,0.0,0.0,0.0,0.0,0.0,0.0,0.0,0.0,0.0,0.0,0.0,0.0,0.0,0.0,0.0
HEAD,0,package service - object WikiService,0.0,0.0,0.0,0.0,0.0,0.0,0.0,0.0,0.0,0.0,0.0,1.0,1.0,0.0,0.0,0.0,0.0,0.0,0.0,0.0,0.0,0.0,0.0,1.0,1.0
HEAD,1,package service - trait WikiService,0.0,0.0,0.0,1.0,0.0,0.0,1.0,0.0,0.0,0.16666666666666666,0.0,0.0,2.1666666666666665,0.3333333333333333,0.3333333333333333,0.3333333333333333,0.0,0.0,0.6666666666666666,0.3333333333333333,0.6666666666666666,0.5,3.1666666666666665,1.0,0.12407407407407407
HEAD,0,package plugin - trait TextDecorator,0.0,0.0,0.0,0.0,0.0,0.0,0.0,0.0,0.0,0.0,0.0,1.0,1.0,0.0,0.0,0.0,0.0,0.0,0.0,0.0,0.0,0.0,0.0,1.0,1.0
HEAD,0,package api - object ApiGroup,0.0,0.0,0.0,0.0,0.0,0.0,0.0,0.0,0.0,0.0,0.0,0.0,0.0,0.0,0.0,0.0,0.0,0.0,0.0,0.0,0.0,0.0,0.0,0.0,0.0
HEAD,9,package controller - trait RepositorySettingsControllerBase,0.0,0.0,0.75,0.625,0.0,0.0,0.625,0.0,0.0,0.25,0.0,0.0,2.25,0.0,0.0,0.0,0.0,0.0,0.0,0.0,0.0,0.0,0.0,0.875,0.875
HEAD,0,package controller - trait RepositorySettingsControllerBase - method webHook - <$anon: <error>>,0.0,0.0,0.0,0.0,0.0,0.0,0.0,0.0,0.0,0.0,0.0,0.0,0.0,0.0,0.0,0.0,0.0,0.0,0.0,0.0,0.0,0.0,0.0,0.0,0.0
HEAD,0,package controller - trait RepositorySettingsControllerBase - method webhookEvents - <$anon: <error>>,0.0,0.0,0.0,0.5,0.0,0.0,0.5,0.0,0.0,0.0,0.0,0.0,1.0,0.0,0.0,0.0,0.0,0.0,0.0,0.0,0.0,0.0,0.0,0.5,0.5
HEAD,0,package controller - trait RepositorySettingsControllerBase - method renameRepositoryName - <$anon: <error>>,0.0,0.0,0.0,1.0,0.0,0.0,1.0,0.0,0.0,1.0,0.0,0.0,3.0,0.0,0.0,0.0,0.0,0.0,0.0,0.0,0.0,0.0,0.0,1.0,1.0
HEAD,0,package controller - trait RepositorySettingsControllerBase - method featureOption - <$anon: <error>>,0.0,0.0,0.0,0.0,0.0,0.0,0.0,0.0,0.0,0.0,0.0,0.0,0.0,0.0,0.0,0.0,0.0,0.0,0.0,0.0,0.0,0.0,0.0,0.0,0.0
HEAD,0,package controller - trait RepositorySettingsControllerBase - method transferUser - <$anon: <error>>,0.0,0.0,0.0,1.0,0.0,0.0,1.0,0.0,0.0,1.0,0.0,0.0,3.0,0.0,0.0,0.0,0.0,0.0,0.0,0.0,0.0,0.0,0.0,1.0,1.0
HEAD,0,package controller - trait RepositorySettingsControllerBase - method mergeOptions - <$anon: <error>>,0.0,0.0,0.0,0.5,0.0,0.0,0.5,0.0,0.0,0.0,0.0,0.0,1.0,0.0,0.0,0.0,0.0,0.0,0.0,0.0,0.0,0.0,0.0,0.5,0.5
HEAD,0,package service - trait GpgKeyService,0.0,0.0,0.0,0.0,0.0,0.0,0.0,0.0,0.0,0.3333333333333333,0.0,1.0,1.3333333333333333,0.0,0.0,0.0,0.0,0.0,0.6666666666666666,0.6666666666666666,0.0,0.0,1.3333333333333333,1.0,0.22222222222222224
HEAD,0,package api - object ApiCommit,0.0,0.0,0.0,1.0,0.0,0.0,1.0,0.0,0.0,0.0,0.0,0.0,2.0,0.0,0.0,0.0,0.0,0.0,0.0,0.0,0.0,0.0,0.0,1.0,1.0
HEAD,11,package controller - trait PullRequestsControllerBase,0.0,0.0,0.0,0.3333333333333333,0.0,0.0,0.3333333333333333,0.0,0.0,0.6666666666666666,0.0,0.6666666666666666,2.0,0.0,0.0,0.0,0.0,0.0,0.0,0.0,0.0,0.0,0.0,1.0,1.0
HEAD,0,package servlet - class ControllerFilter,0.0,0.0,0.0,0.0,0.0,0.0,0.0,0.0,0.0,0.0,0.0,0.0,0.0,0.0,0.0,0.0,0.0,0.0,0.5,0.5,0.0,0.0,1.0,0.5,-0.5
HEAD,1,package servlet - class CompositeScalatraFilter,0.0,0.0,0.0,0.0,0.0,0.0,0.0,0.0,0.0,0.75,0.0,0.0,0.75,0.0,0.0,0.0,0.0,0.0,0.75,0.75,0.0,0.0,1.5,1.0,-0.16666666666666663
HEAD,0,package servlet - class MockFilterChain,0.0,0.0,0.0,0.0,0.0,0.0,0.0,0.0,0.0,0.0,0.0,0.0,0.0,1.0,0.0,0.0,1.0,1.0,1.0,1.0,1.0,0.0,6.0,1.0,-1.0
HEAD,1,package api - class CreateARepository,0.0,0.0,0.0,0.0,0.0,0.0,0.0,0.0,0.0,0.0,0.0,0.0,0.0,0.0,0.0,0.0,0.0,0.0,0.0,0.0,0.0,0.0,0.0,0.0,0.0
HEAD,0,package api - object ApiComment,0.0,0.0,0.0,0.0,0.0,0.0,0.0,0.0,0.0,0.0,0.0,0.0,0.0,0.0,0.0,0.0,0.0,0.0,0.0,0.0,0.0,0.0,0.0,0.0,0.0
HEAD,0,package util - object TextAvatarUtil,0.0,0.0,0.0,0.1111111111111111,0.0,0.0,0.1111111111111111,0.0,0.0,0.0,0.0,0.0,0.2222222222222222,0.0,0.0,0.0,0.0,0.0,0.2222222222222222,0.0,0.2222222222222222,0.0,0.4444444444444444,0.3333333333333333,-0.1111111111111111
HEAD,0,package model - trait LabelComponent - class Labels,0.0,0.0,0.0,0.0,0.0,0.0,0.0,0.0,0.0,0.0,0.0,0.0,0.0,0.0,0.0,0.0,0.0,0.0,0.0,0.0,0.0,0.0,0.0,0.0,0.0
HEAD,8,package view - trait LinkConverter,0.0,0.0,0.0,0.5,0.0,0.0,0.5,0.0,0.0,1.0,0.0,1.0,3.0,0.0,0.0,0.0,0.0,0.0,0.0,0.0,0.0,0.0,0.0,1.0,1.0
HEAD,0,package api - object ApiCommits,0.0,0.0,0.0,1.0,0.0,0.0,1.0,0.0,0.0,1.0,0.0,0.0,3.0,1.0,1.0,1.0,0.0,0.0,1.0,0.0,1.0,1.0,6.0,1.0,-0.3333333333333333
HEAD,3,package servlet - class TransactionFilter,0.0,0.0,0.0,0.0,0.0,0.0,0.0,0.0,0.0,0.0,0.0,0.0,0.0,0.0,0.0,0.0,0.0,0.0,1.0,1.0,0.0,0.0,2.0,1.0,-1.0
HEAD,1,package servlet - object Database,0.0,0.0,0.0,0.0,0.0,0.0,0.0,0.0,0.0,0.0,0.0,0.0,0.0,0.0,0.0,0.0,0.0,0.0,0.3333333333333333,0.3333333333333333,0.0,0.0,0.6666666666666666,0.3333333333333333,-0.3333333333333333
HEAD,0,package api - trait ApiGitReferenceControllerBase,0.0,0.0,0.0,0.0,0.0,0.0,0.0,0.0,0.0,0.0,0.0,0.0,0.0,0.0,0.0,0.0,0.0,0.0,0.0,0.0,0.0,0.0,0.0,0.0,0.0
HEAD,0,package util - object EditorConfigUtil,0.0,0.0,0.0,0.0,0.0,0.0,0.0,0.0,0.0,1.0,0.0,0.0,1.0,0.0,0.0,0.0,0.0,0.0,0.0,0.0,0.0,0.0,0.0,1.0,1.0
HEAD,0,package util - object EditorConfigUtil - class JGitResource,0.0,0.0,0.0,0.42857142857142855,0.0,0.0,0.42857142857142855,0.0,0.0,0.0,0.0,0.0,0.8571428571428571,0.0,0.0,0.0,0.0,0.0,0.0,0.0,0.0,0.0,0.0,0.42857142857142855,0.42857142857142855
HEAD,0,package util - object EditorConfigUtil - class JGitResourcePath,0.0,0.0,0.0,0.0,0.0,0.0,0.0,0.0,0.0,0.2,0.0,0.0,0.2,0.0,0.0,0.0,0.0,0.0,0.0,0.0,0.0,0.0,0.0,0.2,0.2
HEAD,0,package util - object EditorConfigUtil - object JGitResourcePath,0.0,0.0,0.0,0.0,0.0,0.0,0.0,0.0,0.0,0.0,0.0,0.0,0.0,0.0,0.0,0.0,0.0,0.0,0.0,0.0,0.0,0.0,0.0,0.0,0.0
HEAD,0,package plugin - trait RepositoryHook,0.0,0.0,0.0,0.0,0.0,0.0,0.0,0.0,0.0,0.0,0.0,1.0,1.0,0.0,0.0,0.0,0.0,0.0,1.0,1.0,0.0,0.0,2.0,1.0,-0.3333333333333333
HEAD,0,package util - object GpgUtil,0.0,0.0,0.0,0.0,0.0,0.0,0.0,0.0,0.0,1.0,0.0,0.6666666666666666,1.6666666666666667,0.0,0.0,0.0,0.0,0.0,0.0,0.0,0.0,0.0,0.0,1.0,1.0
HEAD,20,package controller - trait RepositoryViewerControllerBase,0.0,0.0,0.3333333333333333,0.5,0.0,0.0,0.5,0.16666666666666666,0.0,0.3333333333333333,0.0,0.3333333333333333,2.1666666666666665,0.0,0.0,0.0,0.0,0.0,0.3333333333333333,0.3333333333333333,0.3333333333333333,0.16666666666666666,1.1666666666666667,1.0,0.6018518518518517
HEAD,0,package controller - trait RepositoryViewerControllerBase - method conflict - <$anon: <error>>,0.0,0.0,0.0,0.0,0.0,0.0,0.0,0.0,0.0,0.0,0.0,0.0,0.0,0.0,0.0,0.0,0.0,0.0,0.0,0.0,0.0,0.0,0.0,0.0,0.0
HEAD,1,package plugin - trait IssueHook,0.0,0.0,0.0,0.0,0.0,0.0,0.0,0.0,0.0,0.0,0.0,1.0,1.0,0.0,0.0,0.0,0.0,0.0,1.0,1.0,0.0,0.0,2.0,1.0,-0.3333333333333333
HEAD,0,package plugin - trait PullRequestHook,0.0,0.0,0.0,0.0,0.0,0.0,0.0,0.0,0.0,0.0,0.0,1.0,1.0,0.0,0.0,0.0,0.0,0.0,1.0,1.0,0.0,0.0,2.0,1.0,-0.3333333333333333
HEAD,0,package api - object ApiCommitListItem,0.0,0.0,0.0,1.0,0.0,0.0,1.0,0.0,0.0,0.0,0.0,0.0,2.0,0.0,0.0,0.0,0.0,0.0,0.0,0.0,0.0,0.0,0.0,1.0,1.0
HEAD,0,package view - class Pagination,0.0,0.0,0.0,0.0,0.0,0.0,0.0,0.0,0.0,0.0,0.0,0.0,0.0,0.0,0.0,0.0,0.0,0.0,0.0,0.0,0.0,0.0,0.0,0.0,0.0
HEAD,0,package api - class CreateAStatus,0.0,0.0,0.0,1.0,0.0,0.0,1.0,0.0,0.0,0.0,0.0,0.0,2.0,0.0,0.0,0.0,0.0,0.0,0.0,0.0,0.0,0.0,0.0,1.0,1.0
HEAD,1,package controller - trait DashboardControllerBase,0.0,0.0,0.0,0.0,0.0,0.0,0.0,0.0,0.0,1.0,0.0,0.0,1.0,0.0,0.0,0.0,0.0,0.0,0.0,0.0,0.0,0.0,0.0,1.0,1.0
HEAD,0,package util - object ConfigUtil,0.0,0.0,0.0,0.25,0.0,0.0,0.25,0.0,0.0,0.0,0.0,1.0,1.5,0.0,0.0,0.0,0.0,0.0,0.0,0.0,0.0,0.0,0.0,1.0,1.0
HEAD,0,package service - trait ProtectedBranchService,0.0,0.0,0.0,0.2,0.0,0.0,0.2,0.0,0.0,0.2,0.0,1.0,1.6,0.0,0.0,0.0,0.0,0.0,0.4,0.4,0.0,0.0,0.8,1.0,0.5733333333333334
HEAD,0,package service - object ProtectedBranchService - class ProtectedBranchReceiveHook,0.0,0.0,0.0,0.0,0.0,0.0,0.0,0.0,0.0,0.0,0.0,1.0,1.0,0.0,0.0,0.0,0.0,0.0,0.0,0.0,0.0,0.0,0.0,1.0,1.0
HEAD,2,package service - object ProtectedBranchService - class ProtectedBranchInfo,0.0,0.0,0.0,0.0,0.0,0.0,0.0,0.0,0.0,0.75,0.0,1.0,1.75,0.0,0.0,0.0,0.0,0.0,0.0,0.0,0.0,0.0,0.0,1.0,1.0
HEAD,0,package service - object ProtectedBranchService - object ProtectedBranchInfo,0.0,0.0,0.0,0.0,0.0,0.0,0.0,0.0,0.0,0.0,0.0,0.0,0.0,0.0,0.0,0.0,0.0,0.0,0.0,0.0,0.0,0.0,0.0,0.0,0.0
HEAD,0,package <empty> - object Checksums,0.0,0.0,0.25,0.25,0.0,0.0,0.25,0.0,0.0,0.0,0.0,0.0,0.75,0.0,0.0,0.0,0.0,0.0,0.5,0.25,0.25,0.0,1.0,0.75,-0.08333333333333331
HEAD,4,package service - trait PullRequestService,0.0,0.0,0.0,0.1875,0.0,0.0,0.1875,0.0,0.0,0.5625,0.0,0.8125,1.75,0.0625,0.0625,0.0625,0.0,0.0,0.375,0.375,0.0625,0.0625,1.0625,0.9375,0.46212121212121215
HEAD,0,package api - trait ApiRepositoryContentsControllerBase,0.0,0.0,1.0,1.0,0.0,0.0,1.0,0.0,0.0,1.0,0.0,0.0,4.0,0.0,0.0,1.0,0.0,0.0,0.0,0.0,1.0,0.0,2.0,1.0,0.3333333333333333
HEAD,0,package model - trait RepositoryWebHookComponent - class RepositoryWebHooks,0.0,0.0,0.0,0.0,0.0,0.0,0.0,0.0,0.0,0.0,0.0,0.0,0.0,0.0,0.0,0.0,0.0,0.0,0.0,0.0,0.0,0.0,0.0,0.0,0.0
HEAD,0,package model - trait AccountComponent - class Accounts,0.0,0.0,0.0,0.0,0.0,0.0,0.0,0.0,0.0,0.0,0.0,0.0,0.0,0.0,0.0,0.0,0.0,0.0,0.0,0.0,0.0,0.0,0.0,0.0,0.0
HEAD,0,package util - object Keys - object Session,0.0,0.0,0.0,0.0,0.0,0.0,0.0,0.0,0.0,0.0,0.0,0.0,0.0,0.0,0.0,0.0,0.0,0.0,0.0,0.0,0.0,0.0,0.0,0.0,0.0
HEAD,1,package util - object Keys - object Request,0.0,0.0,0.0,0.0,0.0,0.0,0.0,0.0,0.0,0.0,0.0,0.0,0.0,0.0,0.0,0.0,0.0,0.0,0.0,0.0,0.0,0.0,0.0,0.0,0.0
HEAD,0,package plugin - object Images,0.0,0.0,0.0,0.0,0.0,0.0,0.0,0.0,0.0,0.0,0.0,0.0,0.0,0.0,0.0,0.0,0.0,0.0,0.0,0.0,0.0,0.0,0.0,0.0,0.0
HEAD,1,package <empty> - class ScalatraBootstrap,0.0,0.0,0.0,0.5,0.0,0.0,0.5,0.0,0.0,0.0,0.0,0.0,1.0,0.0,0.0,0.0,0.0,0.0,1.0,1.0,1.0,0.0,3.0,1.0,-0.6
HEAD,3,package util - object JDBCUtil - class RichConnection,0.09090909090909091,0.0,0.09090909090909091,1.0,0.0,0.2727272727272727,1.0,0.2727272727272727,0.0,0.2727272727272727,0.0,0.2727272727272727,3.272727272727273,0.09090909090909091,0.09090909090909091,0.09090909090909091,0.0,0.0,0.5454545454545454,0.09090909090909091,0.5454545454545454,0.2727272727272727,1.7272727272727273,1.0,0.4914862914862915
HEAD,1,package util - object StringUtil,0.0,0.0,0.05,0.35,0.0,0.0,0.35,0.0,0.0,0.1,0.1,0.0,0.95,0.0,0.0,0.0,0.0,0.0,0.25,0.0,0.25,0.0,0.5,0.5,0.16666666666666669
HEAD,0,package service - object RepositoryCreationService,0.0,0.0,0.0,0.25,0.0,0.0,0.25,0.0,0.0,0.25,0.0,0.0,0.75,0.0,0.0,0.0,0.0,0.0,0.5,0.5,0.0,0.0,1.0,0.75,-0.08333333333333333
HEAD,0,package service - trait RepositoryCreationService,0.0,0.0,0.0,0.0,0.0,0.0,0.0,0.0,0.0,0.2,0.0,0.4,0.6,0.0,0.0,0.0,0.0,0.0,0.8,0.4,0.4,0.0,1.6,0.8,-0.39999999999999997
HEAD,0,package service - trait OpenIDConnectService,0.0,0.0,0.0,0.4,0.0,0.0,0.4,0.0,0.0,0.8,0.0,0.2,1.8,0.0,0.0,0.0,0.0,0.0,0.8,0.0,0.8,0.0,1.6,0.8,-0.02666666666666666
HEAD,0,package plugin - trait SuggestionProvider,0.0,0.0,0.0,0.2,0.0,0.0,0.2,0.0,0.0,0.0,0.0,0.0,0.4,0.0,0.0,0.0,0.0,0.0,0.0,0.0,0.0,0.0,0.0,0.2,0.2
HEAD,0,package plugin - class UserNameSuggestionProvider,0.0,0.0,0.0,0.0,0.0,0.0,0.0,0.0,0.0,0.0,0.0,0.0,0.0,0.0,0.0,0.0,0.0,0.0,0.0,0.0,0.0,0.0,0.0,0.0,0.0
HEAD,0,package service - trait CommitsService,0.0,0.0,0.0,0.3333333333333333,0.0,0.0,0.3333333333333333,0.0,0.0,0.1111111111111111,0.0,0.6666666666666666,1.4444444444444444,0.0,0.0,0.0,0.0,0.0,0.3333333333333333,0.2222222222222222,0.1111111111111111,0.1111111111111111,0.7777777777777778,0.8888888888888888,0.42328042328042326
HEAD,0,package api - object ApiPullRequestReviewComment,0.0,0.0,0.0,0.0,0.0,0.0,0.0,0.0,0.0,0.0,0.0,0.0,0.0,0.0,0.0,0.0,0.0,0.0,0.0,0.0,0.0,0.0,0.0,0.0,0.0
HEAD,1,package service - trait HandleCommentService,0.0,0.0,0.0,1.0,0.0,0.0,1.0,1.0,0.0,1.0,0.0,1.0,5.0,0.0,0.0,0.0,0.0,0.0,1.0,0.0,1.0,1.0,3.0,1.0,0.25
HEAD,0,package service - trait RequestCache,0.0,0.0,0.0,0.0,0.0,0.0,0.0,0.0,0.0,0.0,0.0,0.75,0.75,0.0,0.0,0.0,0.0,0.0,0.0,0.0,0.0,0.0,0.0,0.75,0.75
HEAD,10,package service - trait RepositoryService,0.0,0.0,0.037037037037037035,0.07407407407407407,0.0,0.0,0.07407407407407407,0.0,0.0,0.4074074074074074,0.0,1.0,1.5925925925925926,0.0,0.0,0.0,0.0,0.0,0.37037037037037035,0.37037037037037035,0.037037037037037035,0.0,0.7777777777777778,1.0,0.54320987654321
HEAD,0,package service - object RepositoryService,0.0,0.0,0.0,0.3333333333333333,0.0,0.0,0.3333333333333333,0.0,0.0,0.0,0.0,1.0,1.6666666666666667,0.0,0.0,0.0,0.0,0.0,0.0,0.0,0.0,0.0,0.0,1.0,1.0
HEAD,0,package service - object RepositoryService - class RepositoryInfo,0.0,0.0,0.0,0.3333333333333333,0.0,0.0,0.3333333333333333,0.0,0.0,0.0,0.0,0.0,0.6666666666666666,0.0,0.0,0.0,0.0,0.0,0.0,0.0,0.0,0.0,0.0,0.3333333333333333,0.3333333333333333
HEAD,0,package util - class Mailer,0.0,0.0,0.0,1.0,0.0,0.0,1.0,0.0,0.0,0.3333333333333333,0.0,0.0,2.3333333333333335,0.0,0.0,0.0,0.0,0.0,1.0,0.6666666666666666,1.0,0.0,2.6666666666666665,1.0,-0.06666666666666667
HEAD,0,package view - trait AvatarImageProvider,0.0,0.0,0.0,1.0,0.0,0.0,1.0,0.0,0.0,0.0,0.0,1.0,3.0,0.0,0.0,0.0,0.0,0.0,0.0,0.0,0.0,0.0,0.0,1.0,1.0
HEAD,0,package model - trait SshKeyComponent - class SshKeys,0.0,0.0,0.0,0.0,0.0,0.0,0.0,0.0,0.0,0.0,0.0,0.0,0.0,0.0,0.0,0.0,0.0,0.0,0.0,0.0,0.0,0.0,0.0,0.0,0.0
HEAD,0,package plugin - trait Renderer,0.0,0.0,0.0,0.0,0.0,0.0,0.0,0.0,0.0,0.0,0.0,0.0,0.0,0.0,0.0,0.0,0.0,0.0,0.0,0.0,0.0,0.0,0.0,0.0,0.0
HEAD,0,package plugin - object MarkdownRenderer,0.0,0.0,0.0,0.0,0.0,0.0,0.0,0.0,0.0,0.0,0.0,0.0,0.0,0.0,0.0,0.0,0.0,0.0,0.0,0.0,0.0,0.0,0.0,0.0,0.0
HEAD,0,package plugin - object DefaultRenderer,0.0,0.0,0.0,0.0,0.0,0.0,0.0,0.0,0.0,0.0,0.0,0.0,0.0,0.0,0.0,0.0,0.0,0.0,0.0,0.0,0.0,0.0,0.0,0.0,0.0
HEAD,2,package servlet - class PluginControllerFilter,0.0,0.0,0.0,0.6666666666666666,0.0,0.0,0.6666666666666666,0.0,0.0,0.6666666666666666,0.0,0.0,2.0,0.6666666666666666,0.0,0.0,0.6666666666666666,0.3333333333333333,1.0,0.6666666666666666,1.0,0.3333333333333333,4.666666666666667,1.0,-0.4166666666666667
HEAD,0,package api - object ApiReleaseAsset,0.0,0.0,0.0,0.0,0.0,0.0,0.0,0.0,0.0,0.0,0.0,0.0,0.0,0.0,0.0,0.0,0.0,0.0,0.0,0.0,0.0,0.0,0.0,0.0,0.0
HEAD,0,package api - object ApiRelease,0.0,0.0,0.0,1.0,0.0,0.0,1.0,0.0,0.0,0.0,0.0,0.0,2.0,0.0,0.0,0.0,0.0,0.0,0.0,0.0,0.0,0.0,0.0,1.0,1.0
HEAD,0,package model - trait AccountWebHookComponent - class AccountWebHooks,0.0,0.0,0.0,0.0,0.0,0.0,0.0,0.0,0.0,0.0,0.0,0.0,0.0,0.0,0.0,0.0,0.0,0.0,0.0,0.0,0.0,0.0,0.0,0.0,0.0
HEAD,0,package util - object LDAPUtil,0.0,0.0,0.1,0.1,0.0,0.1,0.0,0.1,0.0,0.4,0.0,0.1,0.9,0.0,0.0,0.0,0.0,0.0,0.1,0.0,0.1,0.0,0.2,0.5,0.4333333333333334
HEAD,0,package servlet - class PluginAssetsServlet,0.0,0.0,0.0,1.0,0.0,0.0,1.0,0.0,0.0,1.0,0.0,0.0,3.0,0.0,0.0,0.0,0.0,0.0,1.0,1.0,1.0,0.0,3.0,1.0,0.0
HEAD,0,package util - object Directory,0.0,0.0,0.0,0.0,0.0,0.0,0.0,0.0,0.0,0.0,0.0,0.0,0.0,0.0,0.0,0.0,0.0,0.0,0.0,0.0,0.0,0.0,0.0,0.0,0.0
HEAD,0,package api - object ApiIssue,0.0,0.0,0.0,0.0,0.0,0.0,0.0,0.0,0.0,0.0,0.0,0.0,0.0,0.0,0.0,0.0,0.0,0.0,0.0,0.0,0.0,0.0,0.0,0.0,0.0
HEAD,0,package model - trait ReleaseTagComponent - class ReleaseTags,0.0,0.0,0.0,0.0,0.0,0.0,0.0,0.0,0.0,0.0,0.0,0.0,0.0,0.0,0.0,0.0,0.0,0.0,0.0,0.0,0.0,0.0,0.0,0.0,0.0
HEAD,6,package servlet - class GitAuthenticationFilter,0.0,0.0,0.16666666666666666,0.3333333333333333,0.0,0.0,0.16666666666666666,0.0,0.0,0.5,0.0,0.16666666666666666,1.3333333333333333,0.0,0.0,0.0,0.0,0.0,0.8333333333333334,0.8333333333333334,0.3333333333333333,0.16666666666666666,2.1666666666666665,1.0,-0.3666666666666667
HEAD,0,package servlet - class GitAuthenticationFilter - method doFilter - <$anon: <error>>,0.0,0.0,0.0,0.0,0.0,0.0,0.0,0.0,0.0,0.0,0.0,0.0,0.0,0.0,0.0,0.0,0.0,0.0,1.0,1.0,0.0,0.0,2.0,1.0,-1.0
HEAD,0,package ssh - class NoShell,0.0,0.0,1.0,0.0,0.0,0.0,0.0,0.0,0.0,0.0,0.0,0.0,1.0,1.0,1.0,0.0,1.0,1.0,1.0,0.0,1.0,0.0,6.0,1.0,-0.7142857142857143
HEAD,0,package ssh - class NoShell - method create - <$anon: <error>>,0.0,0.0,0.0,0.0,0.0,0.0,0.0,0.0,0.0,0.0,0.0,0.0,0.0,0.8333333333333334,0.0,0.0,0.8333333333333334,0.6666666666666666,1.0,1.0,0.8333333333333334,0.0,5.166666666666667,1.0,-1.0
HEAD,0,package model - trait TemplateComponent - trait BasicTemplate,0.0,0.0,0.0,0.0,0.0,0.0,0.0,0.0,0.0,0.0,0.0,0.0,0.0,0.0,0.0,0.0,0.0,0.0,0.0,0.0,0.0,0.0,0.0,0.0,0.0
HEAD,0,package model - trait TemplateComponent - trait IssueTemplate,0.0,0.0,0.0,0.0,0.0,0.0,0.0,0.0,0.0,0.0,0.0,0.0,0.0,0.0,0.0,0.0,0.0,0.0,0.0,0.0,0.0,0.0,0.0,0.0,0.0
HEAD,0,package model - trait TemplateComponent - trait LabelTemplate,0.0,0.0,0.0,0.0,0.0,0.0,0.0,0.0,0.0,0.0,0.0,0.0,0.0,0.0,0.0,0.0,0.0,0.0,0.0,0.0,0.0,0.0,0.0,0.0,0.0
HEAD,0,package model - trait TemplateComponent - trait PriorityTemplate,0.0,0.0,0.0,0.0,0.0,0.0,0.0,0.0,0.0,0.0,0.0,0.0,0.0,0.0,0.0,0.0,0.0,0.0,0.0,0.0,0.0,0.0,0.0,0.0,0.0
HEAD,0,package model - trait TemplateComponent - trait MilestoneTemplate,0.0,0.0,0.0,0.0,0.0,0.0,0.0,0.0,0.0,0.0,0.0,0.0,0.0,0.0,0.0,0.0,0.0,0.0,0.0,0.0,0.0,0.0,0.0,0.0,0.0
HEAD,0,package model - trait TemplateComponent - trait CommitTemplate,0.0,0.0,0.0,0.0,0.0,0.0,0.0,0.0,0.0,0.0,0.0,0.0,0.0,0.0,0.0,0.0,0.0,0.0,0.0,0.0,0.0,0.0,0.0,0.0,0.0
HEAD,0,package model - trait TemplateComponent - trait BranchTemplate,0.0,0.0,0.0,0.0,0.0,0.0,0.0,0.0,0.0,0.0,0.0,0.0,0.0,0.0,0.0,0.0,0.0,0.0,0.0,0.0,0.0,0.0,0.0,0.0,0.0
HEAD,0,package model - trait IssueCommentComponent - class IssueComments,0.0,0.0,0.0,0.0,0.0,0.0,0.0,0.0,0.0,0.0,0.0,0.0,0.0,0.0,0.0,0.0,0.0,0.0,0.0,0.0,0.0,0.0,0.0,0.0,0.0
HEAD,0,package model - trait CommitCommentComponent - class CommitComments,0.0,0.0,0.0,0.0,0.0,0.0,0.0,0.0,0.0,0.0,0.0,0.0,0.0,0.0,0.0,0.0,0.0,0.0,0.0,0.0,0.0,0.0,0.0,0.0,0.0
HEAD,0,package util - object LockUtil,0.0,0.0,0.0,0.5,0.0,0.0,0.5,0.0,0.0,0.0,0.0,0.5,1.5,0.0,0.0,0.0,0.0,0.0,1.0,0.0,0.5,0.0,1.5,1.0,-0.4
HEAD,0,package plugin - class PluginRegistry,0.0,0.0,0.0,0.36538461538461536,0.0,0.19230769230769232,0.17307692307692307,0.0,0.0,0.019230769230769232,0.0,0.0,0.75,0.0,0.0,0.0,0.0,0.0,0.4807692307692308,0.4807692307692308,0.0,0.0,0.9615384615384616,0.6538461538461539,-0.08846153846153847
HEAD,0,package plugin - object PluginRegistry,0.0,0.0,0.1111111111111111,0.5555555555555556,0.0,0.0,0.5555555555555556,0.0,0.0,0.3333333333333333,0.1111111111111111,0.0,1.6666666666666667,0.6666666666666666,0.0,0.0,0.6666666666666666,0.4444444444444444,0.4444444444444444,0.4444444444444444,0.4444444444444444,0.2222222222222222,3.3333333333333335,1.0,-0.03647586980920314
HEAD,0,package plugin - object PluginRegistry - method listPluginJars - <$anon: java.io.FilenameFilter>,0.0,0.0,0.0,0.0,0.0,0.0,0.0,0.0,0.0,0.0,0.0,0.0,0.0,0.0,0.0,0.0,0.0,0.0,0.0,0.0,0.0,0.0,0.0,0.0,0.0
HEAD,0,package plugin - class PluginWatchThread,0.0,0.0,1.0,1.0,0.0,0.0,1.0,0.0,0.0,0.0,0.0,0.0,3.0,0.0,0.0,0.0,0.0,0.0,1.0,1.0,1.0,1.0,4.0,1.0,-0.14285714285714285
HEAD,0,package plugin - class PluginWatchThread - method run - <$anon: Thread>,0.0,0.0,0.0,0.0,0.0,0.0,0.0,0.0,0.0,0.0,0.0,0.0,0.0,0.0,0.0,0.0,0.0,0.0,1.0,1.0,0.0,0.0,2.0,1.0,-1.0
HEAD,0,package service - object PaginationHelper,0.0,0.0,0.0,1.0,0.0,0.0,1.0,0.0,0.0,0.0,0.0,0.0,2.0,0.0,0.0,0.0,0.0,0.0,0.0,0.0,0.0,0.0,0.0,1.0,1.0
HEAD,0,package service - trait AccessTokenService,0.0,0.0,0.0,0.14285714285714285,0.0,0.0,0.14285714285714285,0.0,0.0,0.14285714285714285,0.0,0.7142857142857143,1.1428571428571428,0.14285714285714285,0.14285714285714285,0.14285714285714285,0.0,0.0,0.42857142857142855,0.14285714285714285,0.2857142857142857,0.0,1.2857142857142858,0.8571428571428571,0.2857142857142857
HEAD,1,package ssh - object SshUtil,0.0,0.0,0.0,0.0,0.0,0.0,0.0,0.0,0.0,0.0,0.0,0.0,0.0,0.0,0.0,0.0,0.0,0.0,0.5,0.0,0.5,0.0,1.0,0.5,-0.5
HEAD,0,package servlet - class SessionCleanupListener,0.0,0.0,0.0,0.0,0.0,0.0,0.0,0.0,0.0,0.0,0.0,0.0,0.0,0.0,0.0,0.0,0.0,0.0,1.0,1.0,0.0,0.0,2.0,1.0,-1.0
HEAD,1,package model - trait DeployKeyComponent - class DeployKeys,0.0,0.0,0.0,0.0,0.0,0.0,0.0,0.0,0.0,0.0,0.0,0.0,0.0,0.0,0.0,0.0,0.0,0.0,0.0,0.0,0.0,0.0,0.0,0.0,0.0
HEAD,0,package util - object Implicits,0.0,0.0,0.0,0.5,0.0,0.0,0.5,0.0,0.0,0.0,0.0,0.0,1.0,0.0,0.0,0.0,0.0,0.0,0.0,0.0,0.0,0.0,0.0,0.5,0.5
HEAD,0,package util - object Implicits - class RichSeq,0.5,0.0,0.0,1.0,0.0,1.0,1.0,0.5,0.0,0.5,0.0,0.5,5.0,0.0,0.0,0.0,0.0,0.0,0.0,0.0,0.0,0.0,0.0,1.0,1.0
HEAD,0,package util - object Implicits - class RichString,0.0,0.0,0.0,0.5,0.0,0.5,0.5,0.5,0.0,0.5,0.0,0.5,3.0,0.5,0.5,0.5,0.0,0.0,0.5,0.0,0.5,0.0,2.5,0.5,0.045454545454545456
HEAD,0,package util - object Implicits - class RichRequest,0.0,0.0,0.0,0.0,0.0,0.0,0.0,0.0,0.0,0.25,0.0,0.0,0.25,0.0,0.0,0.0,0.0,0.0,0.0,0.0,0.0,0.0,0.0,0.25,0.25
HEAD,0,package util - object Implicits - class RichSession,0.0,0.0,0.0,0.0,0.0,0.0,0.0,0.0,0.0,0.0,0.0,0.0,0.0,0.0,0.0,0.0,0.0,0.0,1.0,0.0,0.0,0.0,1.0,1.0,-1.0
HEAD,0,package api - trait ApiRepositoryCommitControllerBase,0.0,0.0,0.0,0.0,0.0,0.0,0.0,0.0,0.0,0.0,0.0,0.0,0.0,0.0,0.0,0.0,0.0,0.0,0.0,0.0,0.0,0.0,0.0,0.0,0.0
HEAD,0,package plugin - trait GitRepositoryFilter,0.0,0.0,0.0,0.0,0.0,0.0,0.0,0.0,0.0,0.0,0.0,1.0,1.0,0.0,0.0,0.0,0.0,0.0,0.0,0.0,0.0,0.0,0.0,1.0,1.0
HEAD,0,package service - trait DeployKeyService,0.0,0.0,0.0,0.0,0.0,0.0,0.0,0.0,0.0,0.0,0.0,1.0,1.0,0.0,0.0,0.0,0.0,0.0,0.5,0.5,0.0,0.0,1.0,1.0,0.33333333333333337
HEAD,0,package model - trait AccountWebHookEventComponent - class AccountWebHookEvents,0.0,0.0,0.0,0.0,0.0,0.0,0.0,0.0,0.0,0.0,0.0,0.0,0.0,0.0,0.0,0.0,0.0,0.0,0.0,0.0,0.0,0.0,0.0,0.0,0.0
HEAD,0,package service - trait IssueCreationService,0.0,0.0,0.0,0.3333333333333333,0.0,0.0,0.3333333333333333,0.0,0.0,0.3333333333333333,0.0,1.0,2.0,0.0,0.0,0.0,0.0,0.0,0.3333333333333333,0.0,0.3333333333333333,0.0,0.6666666666666666,1.0,0.7333333333333334
HEAD,4,package service - trait WebHookService,0.0,0.0,0.06666666666666667,0.4666666666666667,0.0,0.0,0.4666666666666667,0.0,0.0,0.4666666666666667,0.0,0.9333333333333333,2.4,0.0,0.0,0.0,0.0,0.0,0.5333333333333333,0.4666666666666667,0.0,0.0,1.0,1.0,0.5333333333333333
HEAD,0,package service - trait WebHookService - method callWebHook - <$anon: <error>>,0.0,0.0,0.0,0.0,0.0,0.0,0.0,0.0,0.0,0.0,0.0,0.0,0.0,0.0,0.0,0.0,0.0,0.0,1.0,0.0,0.0,0.0,1.0,1.0,-1.0
HEAD,0,package service - trait WebHookPullRequestService,0.0,0.0,0.0,0.0,0.0,0.0,0.0,0.0,0.0,0.75,0.0,1.0,1.75,0.0,0.0,0.0,0.0,0.0,0.75,0.75,0.0,0.0,1.5,1.0,0.16666666666666669
HEAD,0,package service - trait WebHookPullRequestReviewCommentService,0.0,0.0,0.0,0.0,0.0,0.0,0.0,0.0,0.0,1.0,0.0,1.0,2.0,0.0,0.0,0.0,0.0,0.0,1.0,1.0,0.0,0.0,2.0,1.0,0.0
HEAD,0,package service - trait WebHookIssueCommentService,0.0,0.0,0.0,0.0,0.0,0.0,0.0,0.0,0.0,1.0,0.0,1.0,2.0,0.0,0.0,0.0,0.0,0.0,1.0,1.0,0.0,0.0,2.0,1.0,0.0
HEAD,0,package service - object WebHookService - object WebHookCreatePayload,0.0,0.0,0.0,0.0,0.0,0.0,0.0,0.0,0.0,0.0,0.0,0.0,0.0,0.0,0.0,0.0,0.0,0.0,0.0,0.0,0.0,0.0,0.0,0.0,0.0
HEAD,0,package service - object WebHookService - object WebHookPushPayload,0.0,0.0,0.0,0.5,0.0,0.0,0.5,0.0,0.0,0.0,0.0,0.0,1.0,0.0,0.0,0.0,0.0,0.0,0.0,0.0,0.0,0.0,0.0,0.5,0.5
HEAD,0,package service - object WebHookService - object WebHookPullRequestPayload,0.0,0.0,0.0,1.0,0.0,0.0,1.0,0.0,0.0,0.0,0.0,0.0,2.0,0.0,0.0,0.0,0.0,0.0,0.0,0.0,0.0,0.0,0.0,1.0,1.0
HEAD,0,package service - object WebHookService - object WebHookIssueCommentPayload,0.0,0.0,0.0,1.0,0.0,0.0,1.0,0.0,0.0,0.0,0.0,0.0,2.0,0.0,0.0,0.0,0.0,0.0,0.0,0.0,0.0,0.0,0.0,1.0,1.0
HEAD,0,package service - object WebHookService - object WebHookPullRequestReviewCommentPayload,0.0,0.0,0.0,1.0,0.0,0.0,1.0,0.0,0.0,0.0,0.0,0.0,2.0,0.0,0.0,0.0,0.0,0.0,0.0,0.0,0.0,0.0,0.0,1.0,1.0
HEAD,0,package service - object WebHookService - object WebHookGollumPayload,0.0,0.0,0.0,0.5,0.0,0.0,0.5,0.0,0.0,0.5,0.0,0.0,1.5,0.0,0.0,0.0,0.0,0.0,0.0,0.0,0.0,0.0,0.0,0.5,0.5
HEAD,0,package model - trait IssueComponent - class IssueId,0.0,0.0,0.0,0.0,0.0,0.0,0.0,0.0,0.0,0.0,0.0,0.0,0.0,0.0,0.0,0.0,0.0,0.0,0.0,0.0,0.0,0.0,0.0,0.0,0.0
HEAD,0,package model - trait IssueComponent - class IssueOutline,0.0,0.0,0.0,0.0,0.0,0.0,0.0,0.0,0.0,0.0,0.0,0.0,0.0,0.0,0.0,0.0,0.0,0.0,0.0,0.0,0.0,0.0,0.0,0.0,0.0
HEAD,0,package model - trait IssueComponent - class Issues,0.0,0.0,0.0,0.0,0.0,0.0,0.0,0.0,0.0,0.0,0.0,0.0,0.0,0.0,0.0,0.0,0.0,0.0,0.0,0.0,0.0,0.0,0.0,0.0,0.0
HEAD,2,package servlet - class GitLfsTransferServlet,0.0,0.0,0.0,0.4,0.0,0.0,0.4,0.0,0.0,0.8,0.0,0.0,1.6,0.0,0.0,0.0,0.0,0.0,0.6,0.6,0.0,0.0,1.2,1.0,0.27999999999999997
HEAD,0,package util - object RepositoryName,0.0,0.0,0.0,0.0,0.0,0.0,0.0,0.0,0.0,0.2,0.0,0.0,0.2,0.0,0.0,0.0,0.0,0.0,0.0,0.0,0.0,0.0,0.0,0.2,0.2
HEAD,0,package model - trait CollaboratorComponent - class Collaborators,0.0,0.0,0.0,0.0,0.0,0.0,0.0,0.0,0.0,0.0,0.0,0.0,0.0,0.0,0.0,0.0,0.0,0.0,0.0,0.0,0.0,0.0,0.0,0.0,0.0
HEAD,0,package api - object ApiContents,0.0,0.0,0.0,1.0,0.0,0.0,1.0,0.0,0.0,0.0,0.0,0.0,2.0,0.0,0.0,0.0,0.0,0.0,0.0,0.0,0.0,0.0,0.0,1.0,1.0
HEAD,0,package model - object WebHookContentType,0.0,0.0,0.0,0.0,0.0,0.0,0.0,0.0,0.0,0.0,0.0,0.0,0.0,0.0,0.0,0.0,0.0,0.0,0.0,0.0,0.0,0.0,0.0,0.0,0.0
HEAD,0,package model - object WebHook - object Event,0.0,0.0,0.0,0.0,0.0,0.0,0.0,0.0,0.0,0.0,0.0,0.0,0.0,0.0,0.0,0.0,0.0,0.0,0.0,0.0,0.0,0.0,0.0,0.0,0.0
HEAD,0,package model - trait IssueLabelComponent - class IssueLabels,0.0,0.0,0.0,0.0,0.0,0.0,0.0,0.0,0.0,0.0,0.0,0.0,0.0,0.0,0.0,0.0,0.0,0.0,0.0,0.0,0.0,0.0,0.0,0.0,0.0
HEAD,0,package api - object JsonFormat,0.0,0.0,0.0,0.0,0.0,0.0,0.0,0.0,0.0,0.6666666666666666,0.0,0.3333333333333333,1.0,0.0,0.0,0.0,0.0,0.0,0.0,0.0,0.0,0.0,0.0,1.0,1.0
HEAD,0,package api - object ApiPusher,0.0,0.0,0.0,0.0,0.0,0.0,0.0,0.0,0.0,0.0,0.0,0.0,0.0,0.0,0.0,0.0,0.0,0.0,0.0,0.0,0.0,0.0,0.0,0.0,0.0
HEAD,0,package model - trait RepositoryComponent - class Repositories,0.0,0.0,0.0,0.0,0.0,0.0,0.0,0.0,0.0,0.5,0.0,0.0,0.5,0.0,0.0,0.0,0.0,0.0,0.0,0.0,0.0,0.0,0.0,0.5,0.5
HEAD,0,package util - object SyntaxSugars,0.0,0.0,0.0,0.8333333333333334,0.0,0.8333333333333334,0.0,0.8333333333333334,0.0,0.0,0.0,0.8333333333333334,3.3333333333333335,0.0,0.0,0.0,0.0,0.0,0.8333333333333334,0.16666666666666666,0.6666666666666666,0.0,1.6666666666666667,1.0,0.22222222222222218
HEAD,0,package util - object SyntaxSugars - object ~,0.0,0.0,0.0,0.0,0.0,0.0,0.0,0.0,0.0,0.0,0.0,0.0,0.0,0.0,0.0,0.0,0.0,0.0,0.0,0.0,0.0,0.0,0.0,0.0,0.0
HEAD,0,package util - object SyntaxSugars - class HeadValueAccessibleMap,0.0,0.0,0.0,0.3333333333333333,0.0,0.0,0.3333333333333333,0.0,0.0,0.0,0.0,0.0,0.6666666666666666,0.0,0.0,0.0,0.0,0.0,0.0,0.0,0.0,0.0,0.0,0.3333333333333333,0.3333333333333333
HEAD,0,package service - trait PrioritiesService,0.0,0.0,0.0,0.1111111111111111,0.0,0.0,0.1111111111111111,0.0,0.0,0.0,0.0,1.0,1.2222222222222223,0.0,0.0,0.0,0.0,0.0,0.4444444444444444,0.4444444444444444,0.1111111111111111,0.0,1.0,1.0,0.4444444444444444
HEAD,7,package view - object Markdown,0.0,0.0,0.0,0.0,0.0,0.0,0.0,0.0,0.0,0.0,0.0,0.25,0.25,0.0,0.0,0.0,0.0,0.0,0.0,0.0,0.0,0.0,0.0,0.25,0.25
HEAD,7,package view - object Markdown - class GitBucketMarkedRenderer,0.0,0.0,0.0,0.0,0.0,0.0,0.0,0.0,0.0,0.1111111111111111,0.1111111111111111,0.0,0.2222222222222222,0.1111111111111111,0.1111111111111111,0.1111111111111111,0.0,0.0,0.1111111111111111,0.0,0.1111111111111111,0.0,0.5555555555555556,0.3333333333333333,0.1111111111111111
HEAD,0,package servlet - class ApiAuthenticationFilter,0.0,0.0,0.0,0.0,0.0,0.0,0.0,0.0,0.0,0.5,0.0,0.0,0.5,0.0,0.0,0.0,0.0,0.0,0.75,0.75,0.0,0.0,1.5,1.0,-0.33333333333333337
HEAD,0,package api - object ApiCommitStatus,0.0,0.0,0.0,0.0,0.0,0.0,0.0,0.0,0.0,0.0,0.0,0.0,0.0,0.0,0.0,0.0,0.0,0.0,0.0,0.0,0.0,0.0,0.0,0.0,0.0
HEAD,0,package plugin - trait ReceiveHook,0.0,0.0,0.0,0.0,0.0,0.0,0.0,0.0,0.0,0.0,0.0,1.0,1.0,0.0,0.0,0.0,0.0,0.0,0.5,0.5,0.0,0.0,1.0,1.0,0.33333333333333337
HEAD,2,package util - object FileUtil,0.0,0.0,0.0,0.21428571428571427,0.0,0.07142857142857142,0.14285714285714285,0.07142857142857142,0.0,0.14285714285714285,0.0,0.07142857142857142,0.7142857142857143,0.0,0.0,0.0,0.0,0.0,0.2857142857142857,0.07142857142857142,0.0,0.0,0.35714285714285715,0.5,0.042857142857142864
HEAD,0,package api - object ApiPlugin,0.0,0.0,0.0,0.0,0.0,0.0,0.0,0.0,0.0,0.0,0.0,0.0,0.0,0.0,0.0,0.0,0.0,0.0,0.0,0.0,0.0,0.0,0.0,0.0,0.0
HEAD,0,package model - trait Profile,0.0,0.0,0.0,0.0,0.0,0.0,0.0,0.0,0.0,0.0,0.0,0.0,0.0,0.0,0.0,0.0,0.0,0.0,0.0,0.0,0.0,0.0,0.0,0.0,0.0
HEAD,0,package model - trait Profile - class RichColumn,0.0,0.0,0.0,0.0,0.0,0.0,0.0,0.0,0.0,0.0,0.0,0.0,0.0,0.0,0.0,0.0,0.0,0.0,0.0,0.0,0.0,0.0,0.0,0.0,0.0
HEAD,0,package controller - trait PrioritiesControllerBase,0.0,0.0,1.0,0.5,0.0,0.0,0.5,0.0,0.0,0.0,0.0,0.0,2.0,0.0,0.0,0.0,0.0,0.0,0.0,0.0,0.0,0.0,0.0,1.0,1.0
HEAD,0,package controller - trait PrioritiesControllerBase - method priorityName - <$anon: <error>>,0.0,0.0,0.0,0.0,0.0,0.0,0.0,0.0,0.0,0.0,0.0,0.0,0.0,0.0,0.0,0.0,0.0,0.0,0.0,0.0,0.0,0.0,0.0,0.0,0.0
HEAD,0,package controller - trait PrioritiesControllerBase - method uniquePriorityName - <$anon: <error>>,0.0,0.0,0.0,1.0,0.0,0.0,1.0,0.0,0.0,0.0,0.0,0.0,2.0,0.0,0.0,0.0,0.0,0.0,0.0,0.0,0.0,0.0,0.0,1.0,1.0
HEAD,0,package api - class ApiBranchProtection,0.0,0.0,0.0,0.0,0.0,0.0,0.0,0.0,0.0,0.0,0.0,0.0,0.0,0.0,0.0,0.0,0.0,0.0,0.0,0.0,0.0,0.0,0.0,0.0,0.0
HEAD,0,package api - object ApiBranchProtection,0.0,0.0,0.0,0.0,0.0,0.0,0.0,0.0,0.0,0.0,0.0,0.0,0.0,0.0,0.0,0.0,0.0,0.0,0.0,0.0,0.0,0.0,0.0,0.0,0.0
HEAD,0,package api - object ApiBranchProtection - object EnforcementLevel,0.0,0.0,0.0,0.0,0.0,0.0,0.0,0.0,0.0,0.0,0.0,0.0,0.0,0.0,0.0,0.0,0.0,0.0,0.0,0.0,0.0,0.0,0.0,0.0,0.0
HEAD,0,package api - trait ApiIssueCommentControllerBase,0.0,0.0,0.0,0.0,0.0,0.0,0.0,0.0,0.0,0.0,0.0,1.0,1.0,0.0,0.0,0.0,0.0,0.0,0.0,0.0,0.0,0.0,0.0,1.0,1.0
HEAD,0,package plugin - trait AccountHook,0.0,0.0,0.0,0.0,0.0,0.0,0.0,0.0,0.0,0.0,0.0,1.0,1.0,0.0,0.0,0.0,0.0,0.0,1.0,1.0,0.0,0.0,2.0,1.0,-0.3333333333333333
HEAD,0,package api - object ApiUser,0.0,0.0,0.0,0.0,0.0,0.0,0.0,0.0,0.0,0.0,0.0,0.0,0.0,0.0,0.0,0.0,0.0,0.0,0.0,0.0,0.0,0.0,0.0,0.0,0.0
HEAD,1,package controller - trait ReleaseControllerBase,0.0,0.0,0.0,1.0,0.0,0.0,1.0,0.0,0.0,1.0,0.0,0.0,3.0,0.0,0.0,0.0,0.0,0.0,0.0,0.0,0.0,0.0,0.0,1.0,1.0
HEAD,1,package service - trait ActivityService,0.0,0.0,0.0,0.0,0.0,0.0,0.0,0.0,0.0,0.12,0.0,0.96,1.08,0.0,0.0,0.0,0.0,0.0,0.8,0.8,0.0,0.0,1.6,0.96,-0.10666666666666667
HEAD,0,package api - object ApiRepository,0.0,0.0,0.0,0.0,0.0,0.0,0.0,0.0,0.0,0.0,0.0,0.0,0.0,0.0,0.0,0.0,0.0,0.0,0.0,0.0,0.0,0.0,0.0,0.0,0.0
HEAD,0,package model - trait ProtectedBranchComponent - class ProtectedBranches,0.0,0.0,0.0,0.0,0.0,0.0,0.0,0.0,0.0,0.0,0.0,0.0,0.0,0.0,0.0,0.0,0.0,0.0,0.0,0.0,0.0,0.0,0.0,0.0,0.0
HEAD,0,package model - trait ProtectedBranchComponent - class ProtectedBranchContexts,0.0,0.0,0.0,0.0,0.0,0.0,0.0,0.0,0.0,0.0,0.0,0.0,0.0,0.0,0.0,0.0,0.0,0.0,0.0,0.0,0.0,0.0,0.0,0.0,0.0
HEAD,0,package model - trait CommitStatusComponent - class CommitStatuses,0.0,0.0,0.0,0.0,0.0,0.0,0.0,0.0,0.0,0.0,0.0,0.0,0.0,0.0,0.0,0.0,0.0,0.0,0.0,0.0,0.0,0.0,0.0,0.0,0.0
HEAD,0,package model - object CommitStatus,0.0,0.0,0.0,0.0,0.0,0.0,0.0,0.0,0.0,0.0,0.0,0.0,0.0,0.0,0.0,0.0,0.0,0.0,0.0,0.0,0.0,0.0,0.0,0.0,0.0
HEAD,0,package model - object CommitState,0.0,0.0,0.0,0.0,0.0,0.0,0.0,0.0,0.0,0.0,0.0,0.0,0.0,0.0,0.0,0.0,0.0,0.0,0.0,0.0,0.0,0.0,0.0,0.0,0.0
HEAD,0,package model - trait RepositoryWebHookEventComponent - class RepositoryWebHookEvents,0.0,0.0,0.0,0.0,0.0,0.0,0.0,0.0,0.0,0.0,0.0,0.0,0.0,0.0,0.0,0.0,0.0,0.0,0.0,0.0,0.0,0.0,0.0,0.0,0.0
HEAD,0,package service - trait ReleaseService,0.0,0.0,0.0,0.09090909090909091,0.0,0.0,0.09090909090909091,0.0,0.0,0.0,0.0,1.0,1.1818181818181819,0.0,0.0,0.0,0.0,0.0,0.2727272727272727,0.2727272727272727,0.0,0.0,0.5454545454545454,1.0,0.6363636363636365
HEAD,2,package util - object DatabaseConfig,0.0,0.0,0.0,0.6666666666666666,0.0,0.6666666666666666,0.0,0.6666666666666666,0.0,0.0,0.0,0.6666666666666666,2.6666666666666665,0.0,0.0,0.0,0.0,0.0,0.0,0.0,0.0,0.0,0.0,0.6666666666666666,0.6666666666666666
HEAD,0,package util - object DatabaseType,0.0,0.0,0.0,0.0,0.0,0.0,0.0,0.0,0.0,0.0,0.0,0.0,0.0,0.0,0.0,0.0,0.0,0.0,0.0,0.0,0.0,0.0,0.0,0.0,0.0
HEAD,0,package util - object DatabaseType - object BlockingPostgresDriver,0.0,0.0,0.0,1.0,0.0,0.0,1.0,0.0,0.0,0.0,0.0,0.0,2.0,0.0,0.0,0.0,0.0,0.0,1.0,0.0,1.0,0.0,2.0,1.0,0.0
HEAD,0,package util - trait Validations,0.0,0.0,1.0,0.0,0.0,0.0,0.0,0.0,0.0,0.0,0.0,0.0,1.0,0.0,0.0,0.0,0.0,0.0,0.0,0.0,0.0,0.0,0.0,1.0,1.0
HEAD,0,package util - trait Validations - <$anon: <error>>,0.0,0.0,0.0,0.0,0.0,0.0,0.0,0.0,0.0,0.0,0.0,0.0,0.0,0.0,0.0,0.0,0.0,0.0,0.0,0.0,0.0,0.0,0.0,0.0,0.0
HEAD,0,package util - trait Validations - <$anon: <error>>,0.0,0.0,0.0,0.0,0.0,0.0,0.0,0.0,0.0,0.0,0.0,0.0,0.0,0.0,0.0,0.0,0.0,0.0,0.0,0.0,0.0,0.0,0.0,0.0,0.0
HEAD,0,package util - trait Validations - method date - <$anon: <error>>,0.0,0.0,0.0,0.0,0.0,0.0,0.0,0.0,0.0,0.0,0.0,0.0,0.0,0.0,0.0,0.0,0.0,0.0,0.0,0.0,0.0,0.0,0.0,0.0,0.0
HEAD,0,package model - trait PriorityComponent - class Priorities,0.0,0.0,0.0,0.0,0.0,0.0,0.0,0.0,0.0,0.0,0.0,0.0,0.0,0.0,0.0,0.0,0.0,0.0,0.0,0.0,0.0,0.0,0.0,0.0,0.0
HEAD,0,package api - class CreateALabel,0.0,0.0,0.0,0.0,0.0,0.0,0.0,0.0,0.0,0.0,0.0,0.0,0.0,0.0,0.0,0.0,0.0,0.0,0.0,0.0,0.0,0.0,0.0,0.0,0.0
HEAD,0,package service - trait SshKeyService,0.0,0.0,0.0,0.0,0.0,0.0,0.0,0.0,0.0,0.0,0.0,1.0,1.0,0.0,0.0,0.0,0.0,0.0,0.5,0.5,0.0,0.0,1.0,1.0,0.33333333333333337
HEAD,2,package controller - trait MilestonesControllerBase,0.0,0.0,1.0,1.0,0.0,0.0,1.0,0.0,0.0,1.0,0.0,0.0,4.0,0.0,0.0,0.0,0.0,0.0,0.0,0.0,0.0,0.0,0.0,1.0,1.0
HEAD,1,package controller - trait MilestonesControllerBase - method uniqueMilestone - <$anon: <error>>,0.0,0.0,0.0,1.0,0.0,0.0,1.0,0.0,0.0,1.0,0.0,0.0,3.0,0.0,0.0,0.0,0.0,0.0,0.0,0.0,0.0,0.0,0.0,1.0,1.0
HEAD,1,package controller - trait WikiControllerBase,0.0,0.0,0.5714285714285714,0.2857142857142857,0.0,0.0,0.2857142857142857,0.0,0.0,0.14285714285714285,0.0,0.14285714285714285,1.4285714285714286,0.0,0.0,0.0,0.0,0.0,0.0,0.0,0.0,0.0,0.0,0.7142857142857143,0.7142857142857143
HEAD,0,package controller - trait WikiControllerBase - method unique - <$anon: <error>>,0.0,0.0,0.0,1.0,0.0,0.0,1.0,0.0,0.0,0.0,0.0,0.0,2.0,0.0,0.0,0.0,0.0,0.0,0.0,0.0,0.0,0.0,0.0,1.0,1.0
HEAD,0,package controller - trait WikiControllerBase - method pagename - <$anon: <error>>,0.0,0.0,0.0,1.0,0.0,0.0,1.0,0.0,0.0,0.0,0.0,0.0,2.0,0.0,0.0,0.0,0.0,0.0,0.0,0.0,0.0,0.0,0.0,1.0,1.0
HEAD,0,package controller - trait WikiControllerBase - method conflictForNew - <$anon: <error>>,0.0,0.0,0.0,0.0,0.0,0.0,0.0,0.0,0.0,0.0,0.0,0.0,0.0,0.0,0.0,0.0,0.0,0.0,0.0,0.0,0.0,0.0,0.0,0.0,0.0
HEAD,0,package controller - trait WikiControllerBase - method conflictForEdit - <$anon: <error>>,0.0,0.0,0.0,0.0,0.0,0.0,0.0,0.0,0.0,0.0,0.0,0.0,0.0,0.0,0.0,0.0,0.0,0.0,0.0,0.0,0.0,0.0,0.0,0.0,0.0
HEAD,0,package service - trait RepositorySearchService,0.0,0.0,0.0,0.7142857142857143,0.0,0.0,0.7142857142857143,0.0,0.0,0.42857142857142855,0.0,0.2857142857142857,2.142857142857143,0.0,0.0,0.0,0.0,0.0,0.14285714285714285,0.0,0.14285714285714285,0.0,0.2857142857142857,1.0,0.8571428571428571
HEAD,0,package service - object RepositorySearchService,0.0,0.0,0.0,1.0,0.0,0.0,1.0,0.0,0.0,0.0,0.0,0.0,2.0,0.0,0.0,0.0,0.0,0.0,0.0,0.0,0.0,0.0,0.0,1.0,1.0
HEAD,0,package ssh - object SshServer,0.0,0.0,0.0,0.0,0.0,0.0,0.0,0.0,0.0,0.0,0.0,0.0,0.0,0.0,0.0,0.0,0.0,0.0,0.5,0.5,0.5,0.0,1.5,0.5,-0.5
HEAD,0,package ssh - class SshServerListener,0.0,0.0,0.0,0.5,0.0,0.0,0.5,0.0,0.0,0.0,0.0,0.0,1.0,0.0,0.0,0.0,0.0,0.0,1.0,1.0,1.0,0.5,3.5,1.0,-0.6666666666666666
HEAD,0,package model - trait AccountFederationComponent - class AccountFederations,0.0,0.0,0.0,0.0,0.0,0.0,0.0,0.0,0.0,0.0,0.0,0.0,0.0,0.0,0.0,0.0,0.0,0.0,0.0,0.0,0.0,0.0,0.0,0.0,0.0
HEAD,2,package controller - class FileUploadController,0.0,0.0,0.0,0.25,0.0,0.25,0.25,0.25,0.0,0.5,0.0,0.25,1.75,0.0,0.0,0.0,0.0,0.0,0.75,0.5,0.25,0.0,1.5,1.0,-0.14285714285714285
HEAD,3,package controller - class ControllerBase,0.0,0.0,0.11764705882352941,0.35294117647058826,0.0,0.11764705882352941,0.23529411764705882,0.0,0.0,0.17647058823529413,0.0,0.35294117647058826,1.3529411764705883,0.0,0.0,0.0,0.0,0.0,0.23529411764705882,0.11764705882352941,0.17647058823529413,0.0,0.5294117647058824,0.7058823529411765,0.4117647058823529
HEAD,0,package controller - class ControllerBase - method trim2 - <$anon: <error>>,0.0,0.0,0.0,0.0,0.0,0.0,0.0,0.0,0.0,0.0,0.0,0.0,0.0,0.0,0.0,0.0,0.0,0.0,0.0,0.0,0.0,0.0,0.0,0.0,0.0
HEAD,0,package controller - class Context,0.0,0.0,0.0,1.0,0.0,0.0,1.0,0.0,0.0,0.0,0.0,1.0,3.0,0.0,0.0,0.0,0.0,0.0,0.0,0.0,0.0,0.0,0.0,1.0,1.0
HEAD,1,package controller - trait AccountManagementControllerBase,0.0,0.0,0.8,0.6,0.0,0.0,0.6,0.0,0.0,0.4,0.0,0.0,2.4,0.0,0.0,0.0,0.0,0.0,0.2,0.2,0.2,0.0,0.6,1.0,0.76
HEAD,0,package controller - trait AccountManagementControllerBase - method uniqueUserName - <$anon: <error>>,0.0,0.0,0.0,0.0,0.0,0.0,0.0,0.0,0.0,0.0,0.0,0.0,0.0,0.0,0.0,0.0,0.0,0.0,0.0,0.0,0.0,0.0,0.0,0.0,0.0
HEAD,0,package controller - trait AccountManagementControllerBase - method uniqueMailAddress - <$anon: <error>>,0.0,0.0,0.0,1.0,0.0,0.0,1.0,0.0,0.0,1.0,0.0,0.0,3.0,0.0,0.0,0.0,0.0,0.0,0.0,0.0,0.0,0.0,0.0,1.0,1.0
HEAD,0,package controller - trait AccountManagementControllerBase - method uniqueExtraMailAddress - <$anon: <error>>,0.0,0.0,0.0,1.0,0.0,0.0,1.0,0.0,0.0,1.0,0.0,0.0,3.0,0.0,0.0,0.0,0.0,0.0,0.0,0.0,0.0,0.0,0.0,1.0,1.0
HEAD,0,package controller - trait AccountManagementControllerBase - method reservedNames - <$anon: <error>>,0.0,0.0,0.0,0.0,0.0,0.0,0.0,0.0,0.0,0.0,0.0,0.0,0.0,0.0,0.0,0.0,0.0,0.0,0.0,0.0,0.0,0.0,0.0,0.0,0.0
HEAD,0,package api - object ApiLabel,0.0,0.0,0.0,0.0,0.0,0.0,0.0,0.0,0.0,0.0,0.0,0.0,0.0,0.0,0.0,0.0,0.0,0.0,0.0,0.0,0.0,0.0,0.0,0.0,0.0
HEAD,0,package model - trait ReleaseAssetComponent - class ReleaseAssets,0.0,0.0,0.0,0.0,0.0,0.0,0.0,0.0,0.0,0.0,0.0,0.0,0.0,0.0,0.0,0.0,0.0,0.0,0.0,0.0,0.0,0.0,0.0,0.0,0.0
HEAD,0,package <empty> - object PluginsJson,0.0,0.0,0.0,0.0,0.0,0.0,0.0,0.0,0.0,0.0,0.0,0.0,0.0,0.0,0.0,0.0,0.0,0.0,0.0,0.0,0.0,0.0,0.0,0.0,0.0
HEAD,0,package model - trait ActivityComponent - class Activities,0.0,0.0,0.0,0.0,0.0,0.0,0.0,0.0,0.0,0.0,0.0,0.0,0.0,0.0,0.0,0.0,0.0,0.0,0.0,0.0,0.0,0.0,0.0,0.0,0.0
HEAD,0,package model - trait PullRequestComponent - class PullRequests,0.0,0.0,0.0,0.0,0.0,0.0,0.0,0.0,0.0,0.0,0.0,0.0,0.0,0.0,0.0,0.0,0.0,0.0,0.0,0.0,0.0,0.0,0.0,0.0,0.0
HEAD,0,package model - trait AccessTokenComponent - class AccessTokens,0.0,0.0,0.0,0.0,0.0,0.0,0.0,0.0,0.0,0.0,0.0,0.0,0.0,0.0,0.0,0.0,0.0,0.0,0.0,0.0,0.0,0.0,0.0,0.0,0.0
HEAD,0,package service - trait CommitStatusService,0.0,0.0,0.0,0.0,0.0,0.0,0.0,0.0,0.0,0.2857142857142857,0.0,1.0,1.2857142857142858,0.0,0.0,0.0,0.0,0.0,0.0,0.0,0.0,0.0,0.0,1.0,1.0
HEAD,1,package service - trait AccountFederationService,0.0,0.0,0.0,0.16666666666666666,0.0,0.0,0.16666666666666666,0.0,0.0,0.5,0.0,0.8333333333333334,1.6666666666666667,0.0,0.0,0.0,0.0,0.0,0.3333333333333333,0.16666666666666666,0.16666666666666666,0.0,0.6666666666666666,0.8333333333333334,0.49999999999999994
HEAD,0,package service - trait LabelsService,0.0,0.0,0.0,0.0,0.0,0.0,0.0,0.0,0.0,0.0,0.0,1.0,1.0,0.0,0.0,0.0,0.0,0.0,0.2857142857142857,0.2857142857142857,0.0,0.0,0.5714285714285714,1.0,0.6190476190476192
HEAD,4,package service - trait AccountService,0.0,0.0,0.0,0.20833333333333334,0.0,0.0,0.20833333333333334,0.0,0.0,0.16666666666666666,0.0,1.0,1.5833333333333333,0.0,0.0,0.0,0.0,0.0,0.4583333333333333,0.375,0.20833333333333334,0.0,1.0416666666666667,1.0,0.47261904761904755