commit,faults,path,FractionRecursiveCalls,IsNested,FractionNestedMethods,FractionFunctions,IsFunction,HasFunctionParameters,FractionHigherOrderCalls,FractionFunctionCalls,FractionCurrying,FractionPatternMatching,FractionLazyValues,HasMultipleParameterLists,FunctionalScoreFraction,FractionVariables,FractionVariableDefinitions,FractionInnerVariableAssignment,FractionOuterVariableUsage,FractionOuterVariableAssignment,FractionSideEffects,IsSideEffect,FractionSideEffectCalls,FractionSideEffectFunctions,ImperativeScoreFraction,HasPointsFraction,ParadigmScoreFraction
HEAD,0,package util - object HttpClientUtil,0.0,0.0,0.0,0.631578947368421,0.0,1.0,0.5789473684210527,0.05263157894736842,0.0,0.0,0.0,1.0,3.263157894736842,0.0,0.0,0.0,0.0,0.0,0.5789473684210527,0.0,0.5789473684210527,0.5263157894736842,1.6842105263157894,1.0,0.3191489361702127
HEAD,2,package api - object ApiPullRequest,0.0,0.0,0.0,0.07142857142857142,0.0,0.0,0.07142857142857142,0.0,0.0,0.07142857142857142,0.0,0.0,0.21428571428571427,0.0,0.0,0.0,0.0,0.0,0.0,0.0,0.0,0.0,0.0,1.0,1.0
HEAD,0,package model - trait GpgKeyComponent - class GpgKeys,0.0,0.0,0.0,0.0,0.0,0.0,0.0,0.0,0.0,0.0,0.0,0.0,0.0,0.0,0.0,0.0,0.0,0.0,0.0,0.0,0.0,0.0,0.0,0.0,0.0
HEAD,0,package plugin - object Sessions,0.0,0.0,0.0,0.0,0.0,0.0,0.0,0.0,0.0,0.0,0.0,0.0,0.0,0.0,0.0,0.0,0.0,0.0,0.0,0.0,0.0,0.0,0.0,0.0,0.0
HEAD,4,package controller - trait IssuesControllerBase,0.0,0.0,0.0,0.9090909090909091,0.0,1.0,0.9090909090909091,0.0,0.0,0.9090909090909091,0.0,1.0,3.0,0.0,0.0,0.0,0.0,0.0,0.0,0.0,0.0,0.0,0.0,1.0,1.0
HEAD,9,package util - object JGitUtil,0.0,0.0,0.5789473684210527,0.9256198347107438,0.0,1.0,0.95,0.14285714285714285,0.0,0.7083333333333334,0.0,1.0,3.7692307692307696,0.20588235294117646,0.058823529411764705,0.38235294117647056,0.0,0.0,1.0,1.0,0.8,0.6,3.4000000000000004,1.0,1.0
HEAD,0,package util - object JGitUtil - <$anon: util.Using.Releasable[org.eclipse.jgit.lib.ObjectDatabase]>,0.0,0.0,0.0,0.0,0.0,0.0,0.0,0.0,0.0,0.0,0.0,0.0,0.0,0.0,0.0,0.0,0.0,0.0,1.0,1.0,1.0,0.0,3.0,1.0,-1.0
HEAD,0,package util - object JGitUtil - class CommitInfo,0.0,0.0,0.0,0.0,0.0,0.0,0.0,0.0,0.0,0.0,0.0,0.0,0.0,0.0,0.0,0.0,0.0,0.0,0.0,0.0,0.0,0.0,0.0,0.0,0.0
HEAD,0,package util - object AuthUtil,0.0,0.0,0.0,0.0,0.0,0.0,0.0,0.0,0.0,0.0,0.0,0.0,0.0,0.0,0.0,0.0,0.0,0.0,1.0,1.0,0.0,0.0,2.0,1.0,0.0
HEAD,2,package service - trait MilestonesService,0.0,0.0,0.0,0.0,0.0,0.0,0.0,0.0,0.0,0.047619047619047616,0.0,1.0,1.0476190476190477,0.0,0.0,0.0,0.0,0.0,1.0,1.0,0.0,0.0,2.0,1.0,1.0
HEAD,3,package servlet - class GitRepositoryServlet,0.0,0.0,0.0,0.0,0.0,0.0,0.0,0.0,0.0,0.9402985074626866,0.0,1.0,1.0,0.0,0.0,0.0,0.0,0.0,1.0,1.0,0.0,0.0,2.0,1.0,1.0
HEAD,1,package servlet - class GitBucketRepositoryResolver,0.0,0.0,0.0,0.4166666666666667,0.0,0.0,0.5833333333333334,0.0,0.0,0.4166666666666667,0.0,0.0,1.4166666666666667,0.0,0.0,0.0,0.0,0.0,0.0,0.0,0.0,0.0,0.0,1.0,1.0
HEAD,0,package servlet - class GitBucketReceivePackFactory,0.0,0.0,0.0,0.0,0.0,0.0,0.0,0.0,0.0,0.0,0.0,0.0,0.0,0.0,0.0,0.0,0.0,0.0,0.09090909090909091,0.0,0.06060606060606061,0.0,0.15151515151515152,1.0,-1.0
HEAD,6,package servlet - class CommitLogHook,0.0,0.0,0.0,0.0,0.0,0.0,0.0,0.0,0.0,0.19230769230769232,0.0,0.0,0.19230769230769232,0.0,0.0,0.047619047619047616,0.0,0.0,1.0,1.0,0.047619047619047616,0.0,2.0952380952380953,1.0,-0.8245614035087718
HEAD,1,package servlet - class WikiCommitHook,0.0,0.0,0.0,0.0,0.0,0.0,0.0,0.0,0.0,0.6458333333333334,0.0,0.0,0.6458333333333334,0.0,0.0,0.0,0.0,0.0,1.0,1.0,0.0,0.0,2.0,1.0,-0.5118110236220471
HEAD,3,package ssh - class GitCommand,0.0,0.0,0.0,0.0,0.0,0.0,0.0,0.0,0.0,0.9,0.0,0.0,0.9,0.3333333333333333,0.0,0.0,0.3333333333333333,0.3333333333333333,1.0,1.0,0.3333333333333333,1.0,3.3333333333333335,1.0,-0.4193548387096775
HEAD,0,package ssh - class DefaultGitCommand,0.0,0.0,0.0,0.0,0.0,0.0,0.0,0.0,0.0,0.7777777777777778,0.0,1.0,1.7777777777777777,0.0,0.0,0.0,0.0,0.0,0.0,0.0,0.0,0.0,0.0,1.0,1.0
HEAD,2,package ssh - class DefaultGitUploadPack,0.0,0.0,0.0,0.26666666666666666,0.0,0.0,0.3333333333333333,0.0,0.0,0.0,0.0,0.0,0.6,0.06666666666666667,0.0,0.0,0.06666666666666667,0.0,1.0,1.0,0.3333333333333333,0.26666666666666666,2.7333333333333334,1.0,-0.64
HEAD,2,package ssh - class DefaultGitReceivePack,0.0,0.0,0.0,0.45,0.0,0.0,0.5,0.0,0.0,0.0,0.0,0.0,0.95,0.05,0.0,0.0,0.05,0.0,1.0,1.0,0.5,0.45,3.05,1.0,-0.5249999999999999
HEAD,2,package ssh - class PluginGitUploadPack,0.0,0.0,0.0,0.3333333333333333,0.0,0.0,0.4166666666666667,0.0,0.0,0.0,0.0,0.0,0.75,0.08333333333333333,0.0,0.0,0.08333333333333333,0.0,1.0,1.0,0.4166666666666667,0.3333333333333333,2.916666666666667,1.0,-0.5909090909090909
HEAD,2,package ssh - class PluginGitReceivePack,0.0,0.0,0.0,0.3333333333333333,0.0,0.0,0.4166666666666667,0.0,0.0,0.0,0.0,0.0,0.75,0.08333333333333333,0.0,0.0,0.08333333333333333,0.0,1.0,1.0,0.4166666666666667,0.3333333333333333,2.916666666666667,1.0,-0.5909090909090909
HEAD,0,package ssh - class GitCommandFactory,0.0,0.0,0.0,0.1,0.0,0.0,0.1,0.0,0.0,0.7,0.0,0.0,0.8999999999999999,0.0,0.0,0.0,0.0,0.0,0.05,0.0,0.05,0.0,0.1,1.0,0.8
HEAD,0,package ssh - object PublicKeyAuthenticator,0.0,0.0,0.0,0.0,0.0,0.0,0.0,0.0,0.0,0.0,0.0,0.0,0.0,0.0,0.0,0.0,0.0,0.0,1.0,1.0,0.0,0.0,2.0,1.0,0.0
HEAD,0,package ssh - object PublicKeyAuthenticator - object AuthType,0.0,0.0,0.0,0.0,0.0,0.0,0.0,0.0,0.0,0.6666666666666666,0.0,0.0,0.6666666666666666,0.0,0.0,0.0,0.0,0.0,0.0,0.0,0.0,0.0,0.0,1.0,1.0
HEAD,0,package ssh - class PublicKeyAuthenticator,0.0,0.0,0.0,0.0,0.0,0.0,0.0,0.0,0.0,0.12121212121212122,0.0,1.0,1.121212121212121,0.0,0.0,0.0,0.0,0.0,0.5,0.0,0.25,0.0,0.75,1.0,1.0
HEAD,0,package api - object ApiCombinedCommitStatus,0.0,0.0,0.0,0.16666666666666666,0.0,0.0,0.16666666666666666,0.0,0.0,0.08333333333333333,0.0,0.0,0.41666666666666663,0.0,0.0,0.0,0.0,0.0,0.0,0.0,0.0,0.0,0.0,1.0,1.0
HEAD,2,package api - trait ApiPullRequestControllerBase,0.0,0.0,0.0,0.0,0.0,0.0,0.0,0.0,0.0,0.8846153846153846,0.0,0.0,0.8846153846153846,0.0,0.0,0.0,0.0,0.0,0.0,0.0,0.0,0.0,0.0,1.0,1.0
HEAD,0,package model - trait AccountExtraMailAddressComponent - class AccountExtraMailAddresses,0.0,0.0,0.0,0.0,0.0,0.0,0.0,0.0,0.0,0.0,0.0,0.0,0.0,0.0,0.0,0.0,0.0,0.0,0.0,0.0,0.0,0.0,0.0,0.0,0.0
HEAD,0,package controller - trait ValidationSupport,0.0,0.0,0.0,0.2,0.0,1.0,0.0,0.0,0.0,0.8,0.0,1.0,2.2,0.0,0.0,0.16666666666666666,0.0,0.0,0.0,0.0,0.16666666666666666,0.0,0.3333333333333333,1.0,1.0
HEAD,0,package plugin - class Plugin,0.0,0.0,0.0,0.7341772151898734,0.0,0.0,0.9746835443037974,0.0,0.0,0.25316455696202533,0.0,0.0,1.9620253164556962,0.0,0.0,0.0,0.0,0.0,1.0,1.0,0.9746835443037974,0.7341772151898734,3.7088607594936707,1.0,1.0
HEAD,13,package controller - trait AccountControllerBase,0.0,0.0,0.8461538461538461,0.6666666666666666,0.0,0.0,1.0,0.0,0.0,0.6666666666666666,0.0,0.0,1.6666666666666665,0.0,0.0,0.0,0.0,0.0,0.0,0.0,0.0,0.0,0.0,1.0,1.0
HEAD,0,package controller - trait AccountControllerBase - method accountWebHook - <$anon: <error>>,0.0,0.0,0.0,0.0,0.0,0.0,0.0,0.0,0.0,0.0,0.0,0.0,0.0,0.0,0.0,0.0,0.0,0.0,0.0,0.0,0.0,0.0,0.0,0.0,0.0
HEAD,0,package controller - trait AccountControllerBase - method accountWebhookEvents - <$anon: <error>>,0.0,0.0,0.0,0.4,0.0,0.0,0.6,0.0,0.0,0.0,0.0,0.0,1.0,0.0,0.0,0.0,0.0,0.0,0.0,0.0,0.0,0.0,0.0,1.0,1.0
HEAD,0,package controller - trait AccountControllerBase - method existsAccount - <$anon: <error>>,0.0,0.0,0.0,0.0,0.0,0.0,0.0,0.0,0.0,0.0,0.0,0.0,0.0,0.0,0.0,0.0,0.0,0.0,0.0,0.0,0.0,0.0,0.0,0.0,0.0
HEAD,0,package controller - trait AccountControllerBase - method uniqueRepository - <$anon: <error>>,0.0,0.0,0.0,0.2727272727272727,0.0,0.0,0.36363636363636365,0.0,0.0,0.18181818181818182,0.0,0.0,0.8181818181818181,0.0,0.0,0.0,0.0,0.0,0.0,0.0,0.0,0.0,0.0,1.0,1.0
HEAD,0,package controller - trait AccountControllerBase - method members - <$anon: <error>>,0.0,0.0,0.0,0.16666666666666666,0.0,0.0,0.5,0.0,0.0,0.16666666666666666,0.0,0.0,0.8333333333333333,0.0,0.0,0.0,0.0,0.0,0.0,0.0,0.0,0.0,0.0,1.0,1.0
HEAD,0,package controller - trait AccountControllerBase - method validPublicKey - <$anon: <error>>,0.0,0.0,0.0,0.0,0.0,0.0,0.0,0.0,0.0,0.8,0.0,0.0,0.8,0.0,0.0,0.0,0.0,0.0,0.0,0.0,0.0,0.0,0.0,1.0,1.0
HEAD,0,package controller - trait AccountControllerBase - method validGpgPublicKey - <$anon: <error>>,0.0,0.0,0.0,0.0,0.0,0.0,0.0,0.0,0.0,0.8,0.0,0.0,0.8,0.0,0.0,0.0,0.0,0.0,0.0,0.0,0.0,0.0,0.0,1.0,1.0
HEAD,0,package controller - trait AccountControllerBase - method validAccountName - <$anon: <error>>,0.0,0.0,0.0,0.0,0.0,0.0,0.0,0.0,0.0,0.6666666666666666,0.0,0.0,0.6666666666666666,0.0,0.0,0.0,0.0,0.0,0.0,0.0,0.0,0.0,0.0,1.0,1.0
HEAD,2,package model - trait MilestoneComponent - class Milestones,0.0,0.0,0.0,0.0,0.0,0.0,0.0,0.0,0.0,0.0,0.0,0.0,0.0,0.0,0.0,0.0,0.0,0.0,0.0,0.0,0.0,0.0,0.0,0.0,0.0
HEAD,1,package servlet - class InitializeListener,0.0,0.0,0.0,0.7241379310344828,0.0,0.0,0.7586206896551724,0.0,0.0,0.4827586206896552,0.0,0.0,1.9655172413793105,0.0,0.0,0.0,0.0,0.0,1.0,1.0,0.4,0.0,2.4,1.0,-0.02564102564102553
HEAD,0,package servlet - class DeleteOldActivityActor,0.0,0.0,0.0,0.0,0.0,0.0,0.0,0.0,0.0,1.0,0.0,0.0,1.0,0.0,0.0,0.0,0.0,0.0,0.0,0.0,0.0,0.0,0.0,1.0,1.0
HEAD,0,package service - trait MergeService,0.0,0.0,0.0,0.8,0.0,0.0,0.8,0.0,0.0,0.8656716417910447,0.0,1.0,3.4000000000000004,0.0,0.0,0.0,0.0,0.0,1.0,1.0,0.7466666666666667,0.7333333333333333,2.2266666666666666,1.0,1.0
HEAD,1,package service - object MergeService,0.0,0.0,0.0,0.16666666666666666,0.0,0.0,0.16666666666666666,0.0,0.0,0.16666666666666666,0.0,0.0,0.5,0.0,0.0,0.0,0.0,0.0,0.0,0.0,0.0,0.0,0.0,1.0,1.0
HEAD,0,package service - object MergeService - object Util,0.0,0.0,0.0,0.21052631578947367,0.0,0.0,0.2631578947368421,0.0,0.0,0.0,0.0,0.0,0.47368421052631576,0.0,0.0,0.0,0.0,0.0,0.3157894736842105,0.0,0.3157894736842105,0.0625,0.631578947368421,1.0,-0.14285714285714288
HEAD,1,package service - object MergeService - class MergeCacheInfo,0.0,0.0,0.4230769230769231,1.0,0.0,0.0,1.0,0.0,0.0,0.0,0.5,0.0,2.0,0.15384615384615385,0.038461538461538464,0.038461538461538464,0.0,0.0,0.5769230769230769,0.0,0.46153846153846156,0.23076923076923078,1.5,1.0,1.0
HEAD,1,package service - trait RepositoryCommitFileService,0.0,0.0,0.0,0.8414634146341463,0.0,1.0,0.8414634146341463,0.012195121951219513,0.0,0.5365853658536586,0.0,1.0,4.2317073170731705,0.0,0.0,0.0,0.0,0.0,0.4878048780487805,0.0,0.17073170731707318,0.4878048780487805,1.146341463414634,1.0,1.0
HEAD,1,package controller - trait LabelsControllerBase,0.0,0.0,0.8947368421052632,0.10526315789473684,0.0,0.0,0.2631578947368421,0.0,0.0,0.0,0.0,0.0,1.263157894736842,0.0,0.0,0.0,0.0,0.0,0.0,0.0,0.0,0.0,0.0,1.0,1.0
HEAD,0,package controller - trait LabelsControllerBase - method labelName - <$anon: <error>>,0.0,0.0,0.0,0.0,0.0,0.0,0.0,0.0,0.0,0.0,0.0,0.0,0.0,0.0,0.0,0.0,0.0,0.0,0.0,0.0,0.0,0.0,0.0,0.0,0.0
HEAD,1,package controller - trait LabelsControllerBase - method uniqueLabelName - <$anon: <error>>,0.0,0.0,0.0,0.11764705882352941,0.0,0.0,0.29411764705882354,0.0,0.0,0.0,0.0,0.0,0.4117647058823529,0.0,0.0,0.0,0.0,0.0,0.0,0.0,0.0,0.0,0.0,1.0,1.0
HEAD,0,package service - trait SystemSettingsService,0.0,0.0,0.0,0.967391304347826,0.0,0.0,0.9782608695652174,0.0,0.0,0.0,0.0,0.0,1.9456521739130435,0.0,0.0,0.0,0.0,0.0,1.0,1.0,0.972972972972973,0.9594594594594594,3.9324324324324325,1.0,0.8941798941798942
HEAD,0,package service - object SystemSettingsService,0.0,0.0,0.0,0.625,0.0,0.0,0.75,0.0,0.0,0.0,0.0,1.0,2.375,0.0,0.0,0.0,0.0,0.0,0.0,0.0,0.0,0.0,0.0,1.0,1.0
HEAD,0,package service - object SystemSettingsService - class SystemSettings,0.0,0.0,0.0,0.6666666666666666,0.0,0.0,0.6666666666666666,0.0,0.0,0.0,0.0,0.0,1.3333333333333333,0.0,0.0,0.0,0.0,0.0,0.0,0.0,0.0,0.0,0.0,1.0,1.0
HEAD,0,package service - object SystemSettingsService - object OIDC,0.0,0.0,0.0,0.0,0.0,0.0,0.0,0.0,0.0,0.0,0.0,0.0,0.0,0.0,0.0,0.0,0.0,0.0,0.0,0.0,0.0,0.0,0.0,0.0,0.0
HEAD,0,package util - trait OneselfAuthenticator,0.0,0.0,0.0,1.0,1.0,1.0,0.0,1.0,0.0,0.7142857142857143,0.0,0.0,4.0,0.0,0.0,0.0,0.0,0.0,0.0,0.0,0.0,0.0,0.0,1.0,1.0
HEAD,0,package util - trait OwnerAuthenticator,0.0,0.0,0.0,1.0,1.0,1.0,1.0,1.0,0.0,0.6470588235294118,0.0,0.0,5.0,0.0,0.0,0.0,0.0,0.0,0.0,0.0,0.0,0.0,0.0,1.0,1.0
HEAD,0,package util - trait UsersAuthenticator,0.0,0.0,0.0,1.0,1.0,1.0,0.0,1.0,0.0,0.6666666666666666,0.0,0.0,4.0,0.0,0.0,0.0,0.0,0.0,0.0,0.0,0.0,0.0,0.0,1.0,1.0
HEAD,0,package util - trait AdminAuthenticator,0.0,0.0,0.0,1.0,1.0,1.0,0.0,1.0,0.0,0.6666666666666666,0.0,0.0,4.0,0.0,0.0,0.0,0.0,0.0,0.0,0.0,0.0,0.0,0.0,1.0,1.0
HEAD,1,package util - trait ReferrerAuthenticator,0.0,0.0,0.0,1.0,1.0,1.0,1.0,1.0,0.0,0.0,0.0,0.0,5.0,0.0,0.0,0.0,0.0,0.0,0.0,0.0,0.0,0.0,0.0,1.0,1.0
HEAD,0,package util - trait ReadableUsersAuthenticator,0.0,0.0,0.0,1.0,1.0,1.0,1.0,0.3333333333333333,0.0,0.5714285714285714,0.0,0.0,3.666666666666667,0.0,0.0,0.0,0.0,0.0,0.0,0.0,0.0,0.0,0.0,1.0,1.0
HEAD,0,package util - trait WritableUsersAuthenticator,0.0,0.0,0.0,1.0,1.0,1.0,1.0,0.3333333333333333,0.0,0.625,0.0,0.0,3.666666666666667,0.0,0.0,0.0,0.0,0.0,0.0,0.0,0.0,0.0,0.0,1.0,1.0
HEAD,2,package util - trait GroupManagerAuthenticator,0.0,0.0,0.0,1.0,1.0,1.0,0.2727272727272727,1.0,0.0,0.8181818181818182,0.0,0.0,4.0,0.0,0.0,0.0,0.0,0.0,0.0,0.0,0.0,0.0,0.0,1.0,1.0
HEAD,0,package api - object ApiPersonIdent,0.0,0.0,0.0,0.0,0.0,0.0,0.0,0.0,0.0,0.0,0.0,0.0,0.0,0.0,0.0,0.0,0.0,0.0,0.0,0.0,0.0,0.0,0.0,0.0,0.0
HEAD,3,package controller - trait SystemSettingsControllerBase,0.0,0.0,0.7,0.1111111111111111,0.0,0.0,0.3333333333333333,0.0,0.0,0.1111111111111111,0.0,0.0,1.222222222222222,0.0,0.0,0.0,0.0,0.0,0.0,0.0,0.0,0.0,0.0,1.0,1.0
HEAD,0,package controller - trait SystemSettingsControllerBase - method multiLineText - <$anon: <error>>,0.0,0.0,0.0,0.16666666666666666,0.0,0.0,0.16666666666666666,0.0,0.0,0.0,0.0,0.0,0.3333333333333333,0.0,0.0,0.0,0.0,0.0,0.0,0.0,0.0,0.0,0.0,1.0,1.0
HEAD,0,package controller - trait SystemSettingsControllerBase - method members - <$anon: <error>>,0.0,0.0,0.0,0.16666666666666666,0.0,0.0,0.5,0.0,0.0,0.16666666666666666,0.0,0.0,0.8333333333333333,0.0,0.0,0.0,0.0,0.0,0.0,0.0,0.0,0.0,0.0,1.0,1.0
HEAD,0,package controller - trait SystemSettingsControllerBase - method disableByNotYourself - <$anon: <error>>,0.0,0.0,0.0,0.0,0.0,0.0,0.0,0.0,0.0,0.0,0.0,0.0,0.0,0.0,0.0,0.0,0.0,0.0,0.0,0.0,0.0,0.0,0.0,0.0,0.0
HEAD,3,package view - object helpers,0.0,0.0,0.0,1.0,0.0,0.0,1.0,0.0,0.0,1.0,0.0,1.0,3.8235294117647056,0.20588235294117646,0.029411764705882353,0.058823529411764705,0.0,0.0,0.6764705882352942,0.0,0.6470588235294118,0.0,1.6176470588235294,1.0,1.0
HEAD,1,package view - object helpers - class RegexReplaceString,0.0,0.0,0.0,0.6666666666666666,0.0,1.0,0.3333333333333333,0.3333333333333333,0.0,0.0,0.0,0.0,2.333333333333333,0.0,0.0,0.0,0.0,0.0,0.0,0.0,0.0,0.0,0.0,1.0,1.0
HEAD,0,package view - object helpers - class RichHtmlSeq,0.0,0.0,0.0,0.0,0.0,0.0,0.0,0.0,0.0,0.0,0.0,0.0,0.0,0.0,0.0,0.0,0.0,0.0,0.0,0.0,0.0,0.0,0.0,0.0,0.0
HEAD,11,package service - trait IssuesService,0.0,0.0,0.0,0.6666666666666666,0.0,0.0,0.7777777777777778,0.0,0.0,0.7272727272727273,0.0,1.0,2.4444444444444446,0.0,0.0,0.0,0.0,0.0,1.0,1.0,0.7777777777777778,0.0,2.7777777777777777,1.0,1.0
HEAD,1,package service - object IssuesService - class IssueSearchCondition,0.0,0.0,0.0,0.6956521739130435,0.0,0.0,0.9565217391304348,0.0,0.0,0.59375,0.0,0.0,2.1739130434782608,0.0,0.0,0.0,0.0,0.0,0.0,0.0,0.0,0.0,0.0,1.0,1.0
HEAD,1,package service - object IssuesService - object IssueSearchCondition,0.0,0.0,0.0,0.0,0.0,0.0,0.0,0.0,0.0,0.5217391304347826,0.0,0.0,0.5217391304347826,0.0,0.0,0.0,0.0,0.0,0.0,0.0,0.0,0.0,0.0,1.0,1.0
HEAD,3,package controller - trait IndexControllerBase,0.0,0.0,0.0,0.0,0.0,0.0,0.0,0.0,0.0,0.0,0.0,0.0,0.0,0.0,0.0,0.0,0.0,0.0,0.09090909090909091,0.0,0.0,0.0,0.09090909090909091,1.0,-1.0
HEAD,0,package model - trait GroupMemberComponent - class GroupMembers,0.0,0.0,0.0,0.0,0.0,0.0,0.0,0.0,0.0,0.0,0.0,0.0,0.0,0.0,0.0,0.0,0.0,0.0,0.0,0.0,0.0,0.0,0.0,0.0,0.0
HEAD,0,package service - object WikiService,0.0,0.0,0.0,0.0,0.0,0.0,0.0,0.0,0.0,0.0,0.0,1.0,1.0,0.0,0.0,0.0,0.0,0.0,0.0,0.0,0.0,0.0,0.0,1.0,1.0
HEAD,1,package service - trait WikiService,0.0,0.0,0.0,0.8018867924528302,0.0,0.0,0.8666666666666667,0.0,0.0,0.330188679245283,0.0,0.0,1.9433962264150944,0.14516129032258066,0.04838709677419355,0.0967741935483871,0.0,0.0,1.0,1.0,0.24193548387096775,0.1935483870967742,2.3611111111111107,1.0,1.0
HEAD,0,package plugin - trait TextDecorator,0.0,0.0,0.0,0.0,0.0,0.0,0.0,0.0,0.0,0.0,0.0,1.0,1.0,0.0,0.0,0.0,0.0,0.0,0.0,0.0,0.0,0.0,0.0,1.0,1.0
HEAD,0,package api - object ApiGroup,0.0,0.0,0.0,0.0,0.0,0.0,0.0,0.0,0.0,0.0,0.0,0.0,0.0,0.0,0.0,0.0,0.0,0.0,0.0,0.0,0.0,0.0,0.0,0.0,0.0
HEAD,9,package controller - trait RepositorySettingsControllerBase,0.0,0.0,0.8666666666666667,0.6666666666666666,0.0,0.0,1.0,0.0,0.0,0.8,0.0,0.0,2.2666666666666666,0.0,0.0,0.0,0.0,0.0,0.0,0.0,0.0,0.0,0.0,1.0,1.0
HEAD,0,package controller - trait RepositorySettingsControllerBase - method webHook - <$anon: <error>>,0.0,0.0,0.0,0.0,0.0,0.0,0.0,0.0,0.0,0.0,0.0,0.0,0.0,0.0,0.0,0.0,0.0,0.0,0.0,0.0,0.0,0.0,0.0,0.0,0.0
HEAD,0,package controller - trait RepositorySettingsControllerBase - method webhookEvents - <$anon: <error>>,0.0,0.0,0.0,0.4,0.0,0.0,0.6,0.0,0.0,0.0,0.0,0.0,1.0,0.0,0.0,0.0,0.0,0.0,0.0,0.0,0.0,0.0,0.0,1.0,1.0
HEAD,0,package controller - trait RepositorySettingsControllerBase - method renameRepositoryName - <$anon: <error>>,0.0,0.0,0.0,0.3333333333333333,0.0,0.0,0.4166666666666667,0.0,0.0,0.16666666666666666,0.0,0.0,0.9166666666666666,0.0,0.0,0.0,0.0,0.0,0.0,0.0,0.0,0.0,0.0,1.0,1.0
HEAD,0,package controller - trait RepositorySettingsControllerBase - method featureOption - <$anon: <error>>,0.0,0.0,0.0,0.0,0.0,0.0,0.0,0.0,0.0,0.0,0.0,0.0,0.0,0.0,0.0,0.0,0.0,0.0,0.0,0.0,0.0,0.0,0.0,0.0,0.0
HEAD,0,package controller - trait RepositorySettingsControllerBase - method transferUser - <$anon: <error>>,0.0,0.0,0.0,0.3076923076923077,0.0,0.0,0.38461538461538464,0.0,0.0,0.9230769230769231,0.0,0.0,1.6153846153846154,0.0,0.0,0.0,0.0,0.0,0.0,0.0,0.0,0.0,0.0,1.0,1.0
HEAD,0,package controller - trait RepositorySettingsControllerBase - method mergeOptions - <$anon: <error>>,0.0,0.0,0.0,0.1111111111111111,0.0,0.0,0.1111111111111111,0.0,0.0,0.0,0.0,0.0,0.2222222222222222,0.0,0.0,0.0,0.0,0.0,0.0,0.0,0.0,0.0,0.0,1.0,1.0
HEAD,0,package service - trait GpgKeyService,0.0,0.0,0.0,0.0,0.0,0.0,0.0,0.0,0.0,0.625,0.0,1.0,1.625,0.0,0.0,0.0,0.0,0.0,1.0,1.0,0.0,0.0,2.0,1.0,1.0
HEAD,0,package api - object ApiCommit,0.0,0.0,0.0,0.375,0.0,0.0,0.375,0.0,0.0,0.0,0.0,0.0,0.75,0.0,0.0,0.0,0.0,0.0,0.0,0.0,0.0,0.0,0.0,1.0,1.0
HEAD,11,package controller - trait PullRequestsControllerBase,0.0,0.0,0.0,0.9523809523809523,0.0,0.0,0.9523809523809523,0.0,0.0,0.9523809523809523,0.0,1.0,2.8571428571428568,0.0,0.0,0.0,0.0,0.0,0.0,0.0,0.0,0.0,0.0,1.0,1.0
HEAD,0,package servlet - class ControllerFilter,0.0,0.0,0.0,0.0,0.0,0.0,0.0,0.0,0.0,0.0,0.0,0.0,0.0,0.0,0.0,0.0,0.0,0.0,1.0,1.0,0.0,0.0,2.0,1.0,0.0
HEAD,1,package servlet - class CompositeScalatraFilter,0.0,0.0,0.0,0.0,0.0,0.0,0.0,0.0,0.0,0.7647058823529411,0.0,0.0,0.7647058823529411,0.0,0.0,0.0,0.0,0.0,1.0,1.0,0.0,0.0,2.0,1.0,1.0
HEAD,0,package servlet - class MockFilterChain,0.0,0.0,0.0,0.0,0.0,0.0,0.0,0.0,0.0,0.0,0.0,0.0,0.0,0.3333333333333333,0.0,0.0,0.3333333333333333,0.3333333333333333,1.0,1.0,0.3333333333333333,0.0,3.3333333333333335,1.0,-1.0
HEAD,1,package api - class CreateARepository,0.0,0.0,0.0,0.0,0.0,0.0,0.0,0.0,0.0,0.0,0.0,0.0,0.0,0.0,0.0,0.0,0.0,0.0,0.0,0.0,0.0,0.0,0.0,0.0,0.0
HEAD,0,package api - object ApiComment,0.0,0.0,0.0,0.0,0.0,0.0,0.0,0.0,0.0,0.0,0.0,0.0,0.0,0.0,0.0,0.0,0.0,0.0,0.0,0.0,0.0,0.0,0.0,0.0,0.0
HEAD,0,package util - object TextAvatarUtil,0.0,0.0,0.0,0.3333333333333333,0.0,0.0,0.5,0.0,0.0,0.0,0.0,0.0,0.8333333333333333,0.0,0.0,0.0,0.0,0.0,0.5789473684210527,0.0,0.5789473684210527,0.0,1.1578947368421053,1.0,1.0
HEAD,0,package model - trait LabelComponent - class Labels,0.0,0.0,0.0,0.0,0.0,0.0,0.0,0.0,0.0,0.0,0.0,0.0,0.0,0.0,0.0,0.0,0.0,0.0,0.0,0.0,0.0,0.0,0.0,0.0,0.0
HEAD,8,package view - trait LinkConverter,0.0,0.0,0.0,0.7397260273972602,0.0,0.0,0.863013698630137,0.0,0.0,0.5384615384615384,0.0,1.0,3.0273972602739727,0.0,0.0,0.0,0.0,0.0,0.0,0.0,0.0,0.0,0.0,1.0,1.0
HEAD,0,package api - object ApiCommits,0.0,0.0,0.0,0.5285714285714286,0.0,0.0,0.5571428571428572,0.0,0.0,0.1,0.0,0.0,1.185714285714286,0.1,0.02857142857142857,0.02857142857142857,0.0,0.0,0.05714285714285714,0.0,0.05714285714285714,0.04285714285714286,0.31428571428571433,1.0,0.580952380952381
HEAD,3,package servlet - class TransactionFilter,0.0,0.0,0.0,0.0,0.0,0.0,0.0,0.0,0.0,0.0,0.0,0.0,0.0,0.0,0.0,0.0,0.0,0.0,1.0,1.0,0.0,0.0,2.0,1.0,-1.0
HEAD,1,package servlet - object Database,0.0,0.0,0.0,0.0,0.0,0.0,0.0,0.0,0.0,0.0,0.0,0.0,0.0,0.0,0.0,0.0,0.0,0.0,1.0,1.0,0.0,0.0,2.0,1.0,0.0
HEAD,0,package api - trait ApiGitReferenceControllerBase,0.0,0.0,0.0,0.0,0.0,0.0,0.0,0.0,0.0,0.0,0.0,0.0,0.0,0.0,0.0,0.0,0.0,0.0,0.0,0.0,0.0,0.0,0.0,0.0,0.0
HEAD,0,package util - object EditorConfigUtil,0.0,0.0,0.0,0.0,0.0,0.0,0.0,0.0,0.0,0.3793103448275862,0.0,0.0,0.3793103448275862,0.0,0.0,0.0,0.0,0.0,0.0,0.0,0.0,0.0,0.0,1.0,1.0
HEAD,0,package util - object EditorConfigUtil - class JGitResource,0.0,0.0,0.0,0.7,0.0,0.0,0.8,0.0,0.0,0.0,0.0,0.0,1.5,0.0,0.0,0.0,0.0,0.0,0.0,0.0,0.0,0.0,0.0,1.0,1.0
HEAD,0,package util - object EditorConfigUtil - class JGitResourcePath,0.0,0.0,0.0,0.0,0.0,0.0,0.0,0.0,0.0,0.6666666666666666,0.0,0.0,0.6666666666666666,0.0,0.0,0.0,0.0,0.0,0.0,0.0,0.0,0.0,0.0,1.0,1.0
HEAD,0,package util - object EditorConfigUtil - object JGitResourcePath,0.0,0.0,0.0,0.0,0.0,0.0,0.0,0.0,0.0,0.0,0.0,0.0,0.0,0.0,0.0,0.0,0.0,0.0,0.0,0.0,0.0,0.0,0.0,0.0,0.0
HEAD,0,package plugin - trait RepositoryHook,0.0,0.0,0.0,0.0,0.0,0.0,0.0,0.0,0.0,0.0,0.0,1.0,1.0,0.0,0.0,0.0,0.0,0.0,1.0,1.0,0.0,0.0,2.0,1.0,-0.3333333333333333
HEAD,0,package util - object GpgUtil,0.0,0.0,0.0,0.0,0.0,0.0,0.0,0.0,0.0,0.72,0.0,1.0,1.72,0.0,0.0,0.0,0.0,0.0,0.0,0.0,0.0,0.0,0.0,1.0,1.0
HEAD,20,package controller - trait RepositoryViewerControllerBase,0.0,0.0,0.8823529411764706,0.9361702127659575,0.0,0.0,0.9574468085106383,0.009174311926605505,0.0,0.851063829787234,0.0,1.0,2.74468085106383,0.0,0.0,0.0,0.0,0.0,1.0,1.0,0.5688073394495413,0.6055045871559633,3.1743119266055047,1.0,1.0
HEAD,0,package controller - trait RepositoryViewerControllerBase - method conflict - <$anon: <error>>,0.0,0.0,0.0,0.0,0.0,0.0,0.0,0.0,0.0,0.0,0.0,0.0,0.0,0.0,0.0,0.0,0.0,0.0,0.0,0.0,0.0,0.0,0.0,0.0,0.0
HEAD,1,package plugin - trait IssueHook,0.0,0.0,0.0,0.0,0.0,0.0,0.0,0.0,0.0,0.0,0.0,1.0,1.0,0.0,0.0,0.0,0.0,0.0,1.0,1.0,0.0,0.0,2.0,1.0,-0.3333333333333333
HEAD,0,package plugin - trait PullRequestHook,0.0,0.0,0.0,0.0,0.0,0.0,0.0,0.0,0.0,0.0,0.0,1.0,1.0,0.0,0.0,0.0,0.0,0.0,1.0,1.0,0.0,0.0,2.0,1.0,-0.3333333333333333
HEAD,0,package api - object ApiCommitListItem,0.0,0.0,0.0,0.08333333333333333,0.0,0.0,0.08333333333333333,0.0,0.0,0.0,0.0,0.0,0.16666666666666666,0.0,0.0,0.0,0.0,0.0,0.0,0.0,0.0,0.0,0.0,1.0,1.0
HEAD,0,package view - class Pagination,0.0,0.0,0.0,0.0,0.0,0.0,0.0,0.0,0.0,0.0,0.0,0.0,0.0,0.0,0.0,0.0,0.0,0.0,0.0,0.0,0.0,0.0,0.0,0.0,0.0
HEAD,0,package api - class CreateAStatus,0.0,0.0,0.0,0.5,0.0,0.0,0.5,0.0,0.0,0.0,0.0,0.0,1.0,0.0,0.0,0.0,0.0,0.0,0.0,0.0,0.0,0.0,0.0,1.0,1.0
HEAD,1,package controller - trait DashboardControllerBase,0.0,0.0,0.0,0.0,0.0,0.0,0.0,0.0,0.0,0.625,0.0,0.0,0.625,0.0,0.0,0.0,0.0,0.0,0.0,0.0,0.0,0.0,0.0,1.0,1.0
HEAD,0,package util - object ConfigUtil,0.0,0.0,0.0,0.7142857142857143,0.0,0.0,0.8571428571428571,0.0,0.0,0.0,0.0,1.0,2.571428571428571,0.0,0.0,0.0,0.0,0.0,0.0,0.0,0.0,0.0,0.0,1.0,1.0
HEAD,0,package service - trait ProtectedBranchService,0.0,0.0,0.0,0.15384615384615385,0.0,0.0,0.23076923076923078,0.0,0.0,0.3333333333333333,0.0,1.0,1.3846153846153846,0.0,0.0,0.0,0.0,0.0,1.0,1.0,0.0,0.0,2.0,1.0,1.0
HEAD,0,package service - object ProtectedBranchService - class ProtectedBranchReceiveHook,0.0,0.0,0.0,0.0,0.0,0.0,0.0,0.0,0.0,0.0,0.0,1.0,1.0,0.0,0.0,0.0,0.0,0.0,0.0,0.0,0.0,0.0,0.0,1.0,1.0
HEAD,2,package service - object ProtectedBranchService - class ProtectedBranchInfo,0.0,0.0,0.0,0.0,0.0,0.0,0.0,0.0,0.0,1.0,0.0,1.0,2.0,0.0,0.0,0.0,0.0,0.0,0.0,0.0,0.0,0.0,0.0,1.0,1.0
HEAD,0,package service - object ProtectedBranchService - object ProtectedBranchInfo,0.0,0.0,0.0,0.0,0.0,0.0,0.0,0.0,0.0,0.0,0.0,0.0,0.0,0.0,0.0,0.0,0.0,0.0,0.0,0.0,0.0,0.0,0.0,0.0,0.0
HEAD,0,package <empty> - object Checksums,0.0,0.0,0.5,0.5,0.0,0.0,0.5,0.0,0.0,0.0,0.0,0.0,1.0,0.0,0.0,0.0,0.0,0.0,1.0,1.0,0.25,0.0,2.0,1.0,1.0
HEAD,4,package service - trait PullRequestService,0.0,0.0,0.0,0.7058823529411765,0.0,0.0,0.7941176470588235,0.0,0.0,0.875,0.0,1.0,3.0,0.109375,0.015625,0.0625,0.0,0.0,1.0,1.0,0.5625,0.15625,2.90625,1.0,1.0
HEAD,0,package api - trait ApiRepositoryContentsControllerBase,0.0,0.0,0.14285714285714285,0.38095238095238093,0.0,0.0,0.4126984126984127,0.0,0.0,0.6984126984126984,0.0,0.0,1.6349206349206349,0.0,0.0,0.047619047619047616,0.0,0.0,0.0,0.0,0.047619047619047616,0.0,0.09523809523809523,1.0,0.8899082568807338
HEAD,0,package model - trait RepositoryWebHookComponent - class RepositoryWebHooks,0.0,0.0,0.0,0.0,0.0,0.0,0.0,0.0,0.0,0.0,0.0,0.0,0.0,0.0,0.0,0.0,0.0,0.0,0.0,0.0,0.0,0.0,0.0,0.0,0.0
HEAD,0,package model - trait AccountComponent - class Accounts,0.0,0.0,0.0,0.0,0.0,0.0,0.0,0.0,0.0,0.0,0.0,0.0,0.0,0.0,0.0,0.0,0.0,0.0,0.0,0.0,0.0,0.0,0.0,0.0,0.0
HEAD,0,package util - object Keys - object Session,0.0,0.0,0.0,0.0,0.0,0.0,0.0,0.0,0.0,0.0,0.0,0.0,0.0,0.0,0.0,0.0,0.0,0.0,0.0,0.0,0.0,0.0,0.0,0.0,0.0
HEAD,1,package util - object Keys - object Request,0.0,0.0,0.0,0.0,0.0,0.0,0.0,0.0,0.0,0.0,0.0,0.0,0.0,0.0,0.0,0.0,0.0,0.0,0.0,0.0,0.0,0.0,0.0,0.0,0.0
HEAD,0,package plugin - object Images,0.0,0.0,0.0,0.0,0.0,0.0,0.0,0.0,0.0,0.0,0.0,0.0,0.0,0.0,0.0,0.0,0.0,0.0,0.0,0.0,0.0,0.0,0.0,0.0,0.0
HEAD,1,package <empty> - class ScalatraBootstrap,0.0,0.0,0.0,0.02127659574468085,0.0,0.0,0.02127659574468085,0.0,0.0,0.0,0.0,0.0,0.0425531914893617,0.0,0.0,0.0,0.0,0.0,1.0,1.0,0.3333333333333333,0.0,2.333333333333333,1.0,-0.9636363636363637
HEAD,3,package util - object JDBCUtil - class RichConnection,0.05555555555555555,0.0,0.6,0.88,0.0,1.0,0.9,0.14285714285714285,0.0,0.5833333333333334,0.0,1.0,4.333333333333334,0.2972972972972973,0.08108108108108109,0.08108108108108109,0.0,0.0,1.0,1.0,0.9,0.88,3.27027027027027,1.0,1.0
HEAD,1,package util - object StringUtil,0.0,0.0,0.08333333333333333,1.0,0.0,0.0,1.0,0.0,0.0,0.75,0.16666666666666666,0.0,2.1111111111111107,0.0,0.0,0.0,0.0,0.0,0.2,0.0,0.2,0.0,0.4,1.0,1.0
HEAD,0,package service - object RepositoryCreationService,0.0,0.0,0.0,0.3333333333333333,0.0,0.0,0.3333333333333333,0.0,0.0,0.6666666666666666,0.0,0.0,0.6666666666666666,0.0,0.0,0.0,0.0,0.0,1.0,1.0,0.0,0.0,2.0,1.0,1.0
HEAD,0,package service - trait RepositoryCreationService,0.0,0.0,0.0,0.0,0.0,0.0,0.0,0.0,0.0,0.08888888888888889,0.0,1.0,1.0,0.0,0.0,0.0,0.0,0.0,1.0,1.0,0.044444444444444446,0.0,2.0,1.0,0.0
HEAD,0,package service - trait OpenIDConnectService,0.0,0.0,0.0,0.6666666666666666,0.0,0.0,0.6666666666666666,0.0,0.0,0.7857142857142857,0.0,1.0,2.875,0.0,0.0,0.0,0.0,0.0,0.13636363636363635,0.0,0.13636363636363635,0.0,0.2727272727272727,1.0,0.9436619718309858
HEAD,0,package plugin - trait SuggestionProvider,0.0,0.0,0.0,0.6666666666666666,0.0,0.0,1.0,0.0,0.0,0.0,0.0,0.0,1.6666666666666665,0.0,0.0,0.0,0.0,0.0,0.0,0.0,0.0,0.0,0.0,1.0,1.0
HEAD,0,package plugin - class UserNameSuggestionProvider,0.0,0.0,0.0,0.0,0.0,0.0,0.0,0.0,0.0,0.0,0.0,0.0,0.0,0.0,0.0,0.0,0.0,0.0,0.0,0.0,0.0,0.0,0.0,0.0,0.0
HEAD,0,package service - trait CommitsService,0.0,0.0,0.0,0.2,0.0,0.0,0.2,0.0,0.0,0.4246575342465753,0.0,1.0,1.7397260273972601,0.0,0.0,0.0,0.0,0.0,1.0,1.0,0.1643835616438356,0.1506849315068493,2.0,1.0,1.0
HEAD,0,package api - object ApiPullRequestReviewComment,0.0,0.0,0.0,0.0,0.0,0.0,0.0,0.0,0.0,0.0,0.0,0.0,0.0,0.0,0.0,0.0,0.0,0.0,0.0,0.0,0.0,0.0,0.0,0.0,0.0
HEAD,1,package service - trait HandleCommentService,0.0,0.0,0.0,0.8888888888888888,0.0,0.0,0.9027777777777778,0.013888888888888888,0.0,0.875,0.0,1.0,3.6805555555555554,0.0,0.0,0.0,0.0,0.0,0.4027777777777778,0.0,0.25,0.19444444444444445,0.8472222222222222,1.0,0.6257668711656441
HEAD,0,package service - trait RequestCache,0.0,0.0,0.0,0.0,0.0,0.0,0.0,0.0,0.0,0.0,0.0,1.0,1.0,0.0,0.0,0.0,0.0,0.0,0.0,0.0,0.0,0.0,0.0,1.0,1.0
HEAD,10,package service - trait RepositoryService,0.0,0.0,0.38095238095238093,0.6190476190476191,0.0,0.0,0.7619047619047619,0.0,0.0,0.8333333333333334,0.0,1.0,2.761904761904762,0.0,0.0,0.0,0.0,0.0,1.0,1.0,0.8,0.0,2.8,1.0,1.0
HEAD,0,package service - object RepositoryService,0.0,0.0,0.0,0.3333333333333333,0.0,0.0,0.5,0.0,0.0,0.0,0.0,1.0,1.8333333333333333,0.0,0.0,0.0,0.0,0.0,0.0,0.0,0.0,0.0,0.0,1.0,1.0
HEAD,0,package service - object RepositoryService - class RepositoryInfo,0.0,0.0,0.0,0.5,0.0,0.0,0.5,0.0,0.0,0.0,0.0,0.0,1.0,0.0,0.0,0.0,0.0,0.0,0.0,0.0,0.0,0.0,0.0,1.0,1.0
HEAD,0,package util - class Mailer,0.0,0.0,0.0,0.7560975609756098,0.0,0.0,0.7804878048780488,0.0,0.0,0.0975609756097561,0.0,0.0,1.6341463414634148,0.0,0.0,0.0,0.0,0.0,1.0,1.0,0.5609756097560976,0.0,2.428571428571429,1.0,0.18584070796460175
HEAD,0,package view - trait AvatarImageProvider,0.0,0.0,0.0,0.2857142857142857,0.0,0.0,0.35714285714285715,0.0,0.0,0.0,0.0,1.0,1.6428571428571428,0.0,0.0,0.0,0.0,0.0,0.0,0.0,0.0,0.0,0.0,1.0,1.0
HEAD,0,package model - trait SshKeyComponent - class SshKeys,0.0,0.0,0.0,0.0,0.0,0.0,0.0,0.0,0.0,0.0,0.0,0.0,0.0,0.0,0.0,0.0,0.0,0.0,0.0,0.0,0.0,0.0,0.0,0.0,0.0
HEAD,0,package plugin - trait Renderer,0.0,0.0,0.0,0.0,0.0,0.0,0.0,0.0,0.0,0.0,0.0,0.0,0.0,0.0,0.0,0.0,0.0,0.0,0.0,0.0,0.0,0.0,0.0,0.0,0.0
HEAD,0,package plugin - object MarkdownRenderer,0.0,0.0,0.0,0.0,0.0,0.0,0.0,0.0,0.0,0.0,0.0,0.0,0.0,0.0,0.0,0.0,0.0,0.0,0.0,0.0,0.0,0.0,0.0,0.0,0.0
HEAD,0,package plugin - object DefaultRenderer,0.0,0.0,0.0,0.0,0.0,0.0,0.0,0.0,0.0,0.0,0.0,0.0,0.0,0.0,0.0,0.0,0.0,0.0,0.0,0.0,0.0,0.0,0.0,0.0,0.0
HEAD,2,package servlet - class PluginControllerFilter,0.0,0.0,0.0,0.7727272727272727,0.0,0.0,0.8636363636363636,0.0,0.0,0.7727272727272727,0.0,0.0,2.409090909090909,0.3333333333333333,0.0,0.0,0.3333333333333333,0.3333333333333333,1.0,1.0,0.8636363636363636,0.5454545454545454,3.3333333333333335,1.0,0.009523809523809514
HEAD,0,package api - object ApiReleaseAsset,0.0,0.0,0.0,0.0,0.0,0.0,0.0,0.0,0.0,0.0,0.0,0.0,0.0,0.0,0.0,0.0,0.0,0.0,0.0,0.0,0.0,0.0,0.0,0.0,0.0
HEAD,0,package api - object ApiRelease,0.0,0.0,0.0,0.13333333333333333,0.0,0.0,0.2,0.0,0.0,0.0,0.0,0.0,0.33333333333333337,0.0,0.0,0.0,0.0,0.0,0.0,0.0,0.0,0.0,0.0,1.0,1.0
HEAD,0,package model - trait AccountWebHookComponent - class AccountWebHooks,0.0,0.0,0.0,0.0,0.0,0.0,0.0,0.0,0.0,0.0,0.0,0.0,0.0,0.0,0.0,0.0,0.0,0.0,0.0,0.0,0.0,0.0,0.0,0.0,0.0
HEAD,0,package util - object LDAPUtil,0.0,0.0,0.4444444444444444,0.05263157894736842,0.0,1.0,0.0,0.02631578947368421,0.0,0.6666666666666666,0.0,1.0,2.0789473684210527,0.0,0.0,0.0,0.0,0.0,0.13157894736842105,0.0,0.02631578947368421,0.0,0.15789473684210525,1.0,1.0
HEAD,0,package servlet - class PluginAssetsServlet,0.0,0.0,0.0,0.8484848484848485,0.0,0.0,0.8787878787878788,0.0,0.0,0.8484848484848485,0.0,0.0,2.5757575757575757,0.0,0.0,0.0,0.0,0.0,1.0,1.0,0.8787878787878788,0.0,2.878787878787879,1.0,-0.05555555555555558
HEAD,0,package util - object Directory,0.0,0.0,0.0,0.0,0.0,0.0,0.0,0.0,0.0,0.0,0.0,0.0,0.0,0.0,0.0,0.0,0.0,0.0,0.0,0.0,0.0,0.0,0.0,0.0,0.0
HEAD,0,package api - object ApiIssue,0.0,0.0,0.0,0.0,0.0,0.0,0.0,0.0,0.0,0.0,0.0,0.0,0.0,0.0,0.0,0.0,0.0,0.0,0.0,0.0,0.0,0.0,0.0,0.0,0.0
HEAD,0,package model - trait ReleaseTagComponent - class ReleaseTags,0.0,0.0,0.0,0.0,0.0,0.0,0.0,0.0,0.0,0.0,0.0,0.0,0.0,0.0,0.0,0.0,0.0,0.0,0.0,0.0,0.0,0.0,0.0,0.0,0.0
HEAD,6,package servlet - class GitAuthenticationFilter,0.0,0.0,0.038461538461538464,0.15384615384615385,0.0,0.0,0.23076923076923078,0.0,0.0,0.8363636363636363,0.0,1.0,1.4545454545454546,0.0,0.0,0.0,0.0,0.0,1.0,1.0,0.4230769230769231,0.15384615384615385,2.5769230769230766,1.0,1.0
HEAD,0,package servlet - class GitAuthenticationFilter - method doFilter - <$anon: <error>>,0.0,0.0,0.0,0.0,0.0,0.0,0.0,0.0,0.0,0.0,0.0,0.0,0.0,0.0,0.0,0.0,0.0,0.0,1.0,1.0,0.0,0.0,2.0,1.0,-1.0
HEAD,0,package ssh - class NoShell,0.0,0.0,0.8,0.0,0.0,0.0,0.0,0.0,0.0,0.0,0.0,0.0,0.8,0.43333333333333335,0.13333333333333333,0.0,0.3,0.13333333333333333,0.8,0.0,0.3,0.0,2.1,1.0,-0.44827586206896547
HEAD,0,package ssh - class NoShell - method create - <$anon: <error>>,0.0,0.0,0.0,0.0,0.0,0.0,0.0,0.0,0.0,0.0,0.0,0.0,0.0,0.45454545454545453,0.0,0.0,0.45454545454545453,0.3333333333333333,1.0,1.0,0.45454545454545453,0.0,3.3636363636363638,1.0,-1.0
HEAD,0,package model - trait TemplateComponent - trait BasicTemplate,0.0,0.0,0.0,0.0,0.0,0.0,0.0,0.0,0.0,0.0,0.0,0.0,0.0,0.0,0.0,0.0,0.0,0.0,0.0,0.0,0.0,0.0,0.0,0.0,0.0
HEAD,0,package model - trait TemplateComponent - trait IssueTemplate,0.0,0.0,0.0,0.0,0.0,0.0,0.0,0.0,0.0,0.0,0.0,0.0,0.0,0.0,0.0,0.0,0.0,0.0,0.0,0.0,0.0,0.0,0.0,0.0,0.0
HEAD,0,package model - trait TemplateComponent - trait LabelTemplate,0.0,0.0,0.0,0.0,0.0,0.0,0.0,0.0,0.0,0.0,0.0,0.0,0.0,0.0,0.0,0.0,0.0,0.0,0.0,0.0,0.0,0.0,0.0,0.0,0.0
HEAD,0,package model - trait TemplateComponent - trait PriorityTemplate,0.0,0.0,0.0,0.0,0.0,0.0,0.0,0.0,0.0,0.0,0.0,0.0,0.0,0.0,0.0,0.0,0.0,0.0,0.0,0.0,0.0,0.0,0.0,0.0,0.0
HEAD,0,package model - trait TemplateComponent - trait MilestoneTemplate,0.0,0.0,0.0,0.0,0.0,0.0,0.0,0.0,0.0,0.0,0.0,0.0,0.0,0.0,0.0,0.0,0.0,0.0,0.0,0.0,0.0,0.0,0.0,0.0,0.0
HEAD,0,package model - trait TemplateComponent - trait CommitTemplate,0.0,0.0,0.0,0.0,0.0,0.0,0.0,0.0,0.0,0.0,0.0,0.0,0.0,0.0,0.0,0.0,0.0,0.0,0.0,0.0,0.0,0.0,0.0,0.0,0.0
HEAD,0,package model - trait TemplateComponent - trait BranchTemplate,0.0,0.0,0.0,0.0,0.0,0.0,0.0,0.0,0.0,0.0,0.0,0.0,0.0,0.0,0.0,0.0,0.0,0.0,0.0,0.0,0.0,0.0,0.0,0.0,0.0
HEAD,0,package model - trait IssueCommentComponent - class IssueComments,0.0,0.0,0.0,0.0,0.0,0.0,0.0,0.0,0.0,0.0,0.0,0.0,0.0,0.0,0.0,0.0,0.0,0.0,0.0,0.0,0.0,0.0,0.0,0.0,0.0
HEAD,0,package model - trait CommitCommentComponent - class CommitComments,0.0,0.0,0.0,0.0,0.0,0.0,0.0,0.0,0.0,0.0,0.0,0.0,0.0,0.0,0.0,0.0,0.0,0.0,0.0,0.0,0.0,0.0,0.0,0.0,0.0
HEAD,0,package util - object LockUtil,0.0,0.0,0.0,0.875,0.0,0.0,1.0,0.0,0.0,0.0,0.0,1.0,2.875,0.0,0.0,0.0,0.0,0.0,0.25,0.0,0.25,0.0,0.5,1.0,0.7037037037037037
HEAD,0,package plugin - class PluginRegistry,0.0,0.0,0.0,1.0,0.0,1.0,1.0,0.0,0.0,0.7142857142857143,0.0,0.0,3.0,0.0,0.0,0.0,0.0,0.0,1.0,1.0,0.0,0.0,2.0,1.0,1.0
HEAD,0,package plugin - object PluginRegistry,0.0,0.0,0.1111111111111111,0.85,0.0,0.0,0.9,0.0,0.0,0.7272727272727273,0.025974025974025976,0.0,2.0649350649350646,1.0,0.0,0.0,1.0,0.2,1.0,1.0,1.0,0.85,4.75,1.0,1.0
HEAD,0,package plugin - object PluginRegistry - method listPluginJars - <$anon: java.io.FilenameFilter>,0.0,0.0,0.0,0.0,0.0,0.0,0.0,0.0,0.0,0.0,0.0,0.0,0.0,0.0,0.0,0.0,0.0,0.0,0.0,0.0,0.0,0.0,0.0,0.0,0.0
HEAD,0,package plugin - class PluginWatchThread,0.0,0.0,0.15,0.1,0.0,0.0,0.15,0.0,0.0,0.0,0.0,0.0,0.4,0.0,0.0,0.0,0.0,0.0,1.0,1.0,0.375,0.05,2.425,1.0,-0.7168141592920354
HEAD,0,package plugin - class PluginWatchThread - method run - <$anon: Thread>,0.0,0.0,0.0,0.0,0.0,0.0,0.0,0.0,0.0,0.0,0.0,0.0,0.0,0.0,0.0,0.0,0.0,0.0,1.0,1.0,0.0,0.0,2.0,1.0,-1.0
HEAD,0,package service - object PaginationHelper,0.0,0.0,0.0,0.3333333333333333,0.0,0.0,0.5,0.0,0.0,0.0,0.0,0.0,0.8333333333333333,0.0,0.0,0.0,0.0,0.0,0.0,0.0,0.0,0.0,0.0,1.0,1.0
HEAD,0,package service - trait AccessTokenService,0.0,0.0,0.0,0.2,0.0,0.0,0.2,0.0,0.0,0.5555555555555556,0.0,1.0,1.5555555555555556,0.5454545454545454,0.18181818181818182,0.18181818181818182,0.0,0.0,1.0,1.0,0.2727272727272727,0.0,2.0,1.0,1.0
HEAD,1,package ssh - object SshUtil,0.0,0.0,0.0,0.0,0.0,0.0,0.0,0.0,0.0,0.0,0.0,0.0,0.0,0.0,0.0,0.0,0.0,0.0,0.11764705882352941,0.0,0.11764705882352941,0.0,0.23529411764705882,1.0,0.0
HEAD,0,package servlet - class SessionCleanupListener,0.0,0.0,0.0,0.0,0.0,0.0,0.0,0.0,0.0,0.0,0.0,0.0,0.0,0.0,0.0,0.0,0.0,0.0,1.0,1.0,0.0,0.0,2.0,1.0,-1.0
HEAD,1,package model - trait DeployKeyComponent - class DeployKeys,0.0,0.0,0.0,0.0,0.0,0.0,0.0,0.0,0.0,0.0,0.0,0.0,0.0,0.0,0.0,0.0,0.0,0.0,0.0,0.0,0.0,0.0,0.0,0.0,0.0
HEAD,0,package util - object Implicits,0.0,0.0,0.0,0.5,0.0,0.0,0.75,0.0,0.0,0.0,0.0,0.0,1.25,0.0,0.0,0.0,0.0,0.0,0.0,0.0,0.0,0.0,0.0,1.0,1.0
HEAD,0,package util - object Implicits - class RichSeq,0.1111111111111111,0.0,0.0,1.0,0.0,1.0,1.0,0.1111111111111111,0.0,0.8888888888888888,0.0,1.0,3.6666666666666665,0.0,0.0,0.0,0.0,0.0,0.0,0.0,0.0,0.0,0.0,1.0,1.0
HEAD,0,package util - object Implicits - class RichString,0.0,0.0,0.0,0.5,0.0,1.0,0.5,0.0625,0.0,0.25,0.0,1.0,3.3125,0.3125,0.0625,0.0625,0.0,0.0,0.5625,0.0,0.5,0.0,1.5,1.0,0.37662337662337664
HEAD,0,package util - object Implicits - class RichRequest,0.0,0.0,0.0,0.0,0.0,0.0,0.0,0.0,0.0,0.8333333333333334,0.0,0.0,0.8333333333333334,0.0,0.0,0.0,0.0,0.0,0.0,0.0,0.0,0.0,0.0,1.0,1.0
HEAD,0,package util - object Implicits - class RichSession,0.0,0.0,0.0,0.0,0.0,0.0,0.0,0.0,0.0,0.0,0.0,0.0,0.0,0.0,0.0,0.0,0.0,0.0,0.14285714285714285,0.0,0.0,0.0,0.14285714285714285,1.0,-1.0
HEAD,0,package api - trait ApiRepositoryCommitControllerBase,0.0,0.0,0.0,0.0,0.0,0.0,0.0,0.0,0.0,0.0,0.0,0.0,0.0,0.0,0.0,0.0,0.0,0.0,0.0,0.0,0.0,0.0,0.0,0.0,0.0
HEAD,0,package plugin - trait GitRepositoryFilter,0.0,0.0,0.0,0.0,0.0,0.0,0.0,0.0,0.0,0.0,0.0,1.0,1.0,0.0,0.0,0.0,0.0,0.0,0.0,0.0,0.0,0.0,0.0,1.0,1.0
HEAD,0,package service - trait DeployKeyService,0.0,0.0,0.0,0.0,0.0,0.0,0.0,0.0,0.0,0.0,0.0,1.0,1.0,0.0,0.0,0.0,0.0,0.0,1.0,1.0,0.0,0.0,2.0,1.0,1.0
HEAD,0,package model - trait AccountWebHookEventComponent - class AccountWebHookEvents,0.0,0.0,0.0,0.0,0.0,0.0,0.0,0.0,0.0,0.0,0.0,0.0,0.0,0.0,0.0,0.0,0.0,0.0,0.0,0.0,0.0,0.0,0.0,0.0,0.0
HEAD,0,package service - trait IssueCreationService,0.0,0.0,0.0,0.1282051282051282,0.0,0.0,0.15384615384615385,0.0,0.0,0.75,0.0,1.0,1.75,0.0,0.0,0.0,0.0,0.0,0.05128205128205128,0.0,0.02564102564102564,0.0,0.07692307692307693,1.0,1.0
HEAD,4,package service - trait WebHookService,0.0,0.0,0.04597701149425287,0.8390804597701149,0.0,0.0,0.8505747126436781,0.0,0.0,0.45977011494252873,0.0,1.0,3.1954022988505746,0.0,0.0,0.0,0.0,0.0,1.0,1.0,0.0,0.0,2.0,1.0,1.0
HEAD,0,package service - trait WebHookService - method callWebHook - <$anon: <error>>,0.0,0.0,0.0,0.0,0.0,0.0,0.0,0.0,0.0,0.0,0.0,0.0,0.0,0.0,0.0,0.0,0.0,0.0,0.3333333333333333,0.0,0.0,0.0,0.3333333333333333,1.0,-1.0
HEAD,0,package service - trait WebHookPullRequestService,0.0,0.0,0.0,0.0,0.0,0.0,0.0,0.0,0.0,0.7,0.0,1.0,1.7,0.0,0.0,0.0,0.0,0.0,1.0,1.0,0.0,0.0,2.0,1.0,1.0
HEAD,0,package service - trait WebHookPullRequestReviewCommentService,0.0,0.0,0.0,0.0,0.0,0.0,0.0,0.0,0.0,0.5,0.0,1.0,1.5,0.0,0.0,0.0,0.0,0.0,1.0,1.0,0.0,0.0,2.0,1.0,-0.14285714285714285
HEAD,0,package service - trait WebHookIssueCommentService,0.0,0.0,0.0,0.0,0.0,0.0,0.0,0.0,0.0,0.5625,0.0,1.0,1.5625,0.0,0.0,0.0,0.0,0.0,1.0,1.0,0.0,0.0,2.0,1.0,-0.12280701754385964
HEAD,0,package service - object WebHookService - object WebHookCreatePayload,0.0,0.0,0.0,0.0,0.0,0.0,0.0,0.0,0.0,0.0,0.0,0.0,0.0,0.0,0.0,0.0,0.0,0.0,0.0,0.0,0.0,0.0,0.0,0.0,0.0
HEAD,0,package service - object WebHookService - object WebHookPushPayload,0.0,0.0,0.0,0.09523809523809523,0.0,0.0,0.14285714285714285,0.0,0.0,0.0,0.0,0.0,0.23809523809523808,0.0,0.0,0.0,0.0,0.0,0.0,0.0,0.0,0.0,0.0,1.0,1.0
HEAD,0,package service - object WebHookService - object WebHookPullRequestPayload,0.0,0.0,0.0,0.02857142857142857,0.0,0.0,0.02857142857142857,0.0,0.0,0.0,0.0,0.0,0.05714285714285714,0.0,0.0,0.0,0.0,0.0,0.0,0.0,0.0,0.0,0.0,1.0,1.0
HEAD,0,package service - object WebHookService - object WebHookIssueCommentPayload,0.0,0.0,0.0,0.08333333333333333,0.0,0.0,0.08333333333333333,0.0,0.0,0.0,0.0,0.0,0.16666666666666666,0.0,0.0,0.0,0.0,0.0,0.0,0.0,0.0,0.0,0.0,1.0,1.0
HEAD,0,package service - object WebHookService - object WebHookPullRequestReviewCommentPayload,0.0,0.0,0.0,0.025,0.0,0.0,0.025,0.0,0.0,0.0,0.0,0.0,0.05,0.0,0.0,0.0,0.0,0.0,0.0,0.0,0.0,0.0,0.0,1.0,1.0
HEAD,0,package service - object WebHookService - object WebHookGollumPayload,0.0,0.0,0.0,0.47619047619047616,0.0,0.0,0.47619047619047616,0.0,0.0,0.47619047619047616,0.0,0.0,1.4285714285714284,0.0,0.0,0.0,0.0,0.0,0.0,0.0,0.0,0.0,0.0,1.0,1.0
HEAD,0,package model - trait IssueComponent - class IssueId,0.0,0.0,0.0,0.0,0.0,0.0,0.0,0.0,0.0,0.0,0.0,0.0,0.0,0.0,0.0,0.0,0.0,0.0,0.0,0.0,0.0,0.0,0.0,0.0,0.0
HEAD,0,package model - trait IssueComponent - class IssueOutline,0.0,0.0,0.0,0.0,0.0,0.0,0.0,0.0,0.0,0.0,0.0,0.0,0.0,0.0,0.0,0.0,0.0,0.0,0.0,0.0,0.0,0.0,0.0,0.0,0.0
HEAD,0,package model - trait IssueComponent - class Issues,0.0,0.0,0.0,0.0,0.0,0.0,0.0,0.0,0.0,0.0,0.0,0.0,0.0,0.0,0.0,0.0,0.0,0.0,0.0,0.0,0.0,0.0,0.0,0.0,0.0
HEAD,2,package servlet - class GitLfsTransferServlet,0.0,0.0,0.0,0.8333333333333334,0.0,0.0,0.8888888888888888,0.0,0.0,0.8333333333333334,0.0,0.0,2.555555555555556,0.0,0.0,0.0,0.0,0.0,1.0,1.0,0.0,0.0,2.0,1.0,1.0
HEAD,0,package util - object RepositoryName,0.0,0.0,0.0,0.0,0.0,0.0,0.0,0.0,0.0,0.6666666666666666,0.0,0.0,0.6666666666666666,0.0,0.0,0.0,0.0,0.0,0.0,0.0,0.0,0.0,0.0,1.0,1.0
HEAD,0,package model - trait CollaboratorComponent - class Collaborators,0.0,0.0,0.0,0.0,0.0,0.0,0.0,0.0,0.0,0.0,0.0,0.0,0.0,0.0,0.0,0.0,0.0,0.0,0.0,0.0,0.0,0.0,0.0,0.0,0.0
HEAD,0,package api - object ApiContents,0.0,0.0,0.0,0.5,0.0,0.0,0.6666666666666666,0.0,0.0,0.0,0.0,0.0,1.1666666666666665,0.0,0.0,0.0,0.0,0.0,0.0,0.0,0.0,0.0,0.0,1.0,1.0
HEAD,0,package model - object WebHookContentType,0.0,0.0,0.0,0.0,0.0,0.0,0.0,0.0,0.0,0.0,0.0,0.0,0.0,0.0,0.0,0.0,0.0,0.0,0.0,0.0,0.0,0.0,0.0,0.0,0.0
HEAD,0,package model - object WebHook - object Event,0.0,0.0,0.0,0.0,0.0,0.0,0.0,0.0,0.0,0.0,0.0,0.0,0.0,0.0,0.0,0.0,0.0,0.0,0.0,0.0,0.0,0.0,0.0,0.0,0.0
HEAD,0,package model - trait IssueLabelComponent - class IssueLabels,0.0,0.0,0.0,0.0,0.0,0.0,0.0,0.0,0.0,0.0,0.0,0.0,0.0,0.0,0.0,0.0,0.0,0.0,0.0,0.0,0.0,0.0,0.0,0.0,0.0
HEAD,0,package api - object JsonFormat,0.0,0.0,0.0,0.0,0.0,0.0,0.0,0.0,0.0,0.7142857142857143,0.0,1.0,1.0,0.0,0.0,0.0,0.0,0.0,0.0,0.0,0.0,0.0,0.0,1.0,1.0
HEAD,0,package api - object ApiPusher,0.0,0.0,0.0,0.0,0.0,0.0,0.0,0.0,0.0,0.0,0.0,0.0,0.0,0.0,0.0,0.0,0.0,0.0,0.0,0.0,0.0,0.0,0.0,0.0,0.0
HEAD,0,package model - trait RepositoryComponent - class Repositories,0.0,0.0,0.0,0.0,0.0,0.0,0.0,0.0,0.0,0.32727272727272727,0.0,0.0,0.32727272727272727,0.0,0.0,0.0,0.0,0.0,0.0,0.0,0.0,0.0,0.0,1.0,1.0
HEAD,0,package util - object SyntaxSugars,0.0,0.0,0.0,1.0,0.0,1.0,0.0,1.0,0.0,0.0,0.0,1.0,4.0,0.0,0.0,0.0,0.0,0.0,1.0,1.0,0.42857142857142855,0.0,2.0,1.0,1.0
HEAD,0,package util - object SyntaxSugars - object ~,0.0,0.0,0.0,0.0,0.0,0.0,0.0,0.0,0.0,0.0,0.0,0.0,0.0,0.0,0.0,0.0,0.0,0.0,0.0,0.0,0.0,0.0,0.0,0.0,0.0
HEAD,0,package util - object SyntaxSugars - class HeadValueAccessibleMap,0.0,0.0,0.0,1.0,0.0,0.0,1.0,0.0,0.0,0.0,0.0,0.0,2.0,0.0,0.0,0.0,0.0,0.0,0.0,0.0,0.0,0.0,0.0,1.0,1.0
HEAD,0,package service - trait PrioritiesService,0.0,0.0,0.0,0.35714285714285715,0.0,0.0,0.5,0.0,0.0,0.0,0.0,1.0,1.8571428571428572,0.0,0.0,0.0,0.0,0.0,1.0,1.0,0.5,0.0,2.5,1.0,1.0
HEAD,7,package view - object Markdown,0.0,0.0,0.0,0.0,0.0,0.0,0.0,0.0,0.0,0.0,0.0,1.0,1.0,0.0,0.0,0.0,0.0,0.0,0.0,0.0,0.0,0.0,0.0,1.0,1.0
HEAD,7,package view - object Markdown - class GitBucketMarkedRenderer,0.0,0.0,0.0,0.0,0.0,0.0,0.0,0.0,0.0,0.3,0.15384615384615385,0.0,0.3,0.45454545454545453,0.09090909090909091,0.18181818181818182,0.0,0.0,0.36363636363636365,0.0,0.18181818181818182,0.0,1.2727272727272727,1.0,1.0
HEAD,0,package servlet - class ApiAuthenticationFilter,0.0,0.0,0.0,0.0,0.0,0.0,0.0,0.0,0.0,0.84375,0.0,0.0,0.84375,0.0,0.0,0.0,0.0,0.0,1.0,1.0,0.0,0.0,2.0,1.0,1.0
HEAD,0,package api - object ApiCommitStatus,0.0,0.0,0.0,0.0,0.0,0.0,0.0,0.0,0.0,0.0,0.0,0.0,0.0,0.0,0.0,0.0,0.0,0.0,0.0,0.0,0.0,0.0,0.0,0.0,0.0
HEAD,0,package plugin - trait ReceiveHook,0.0,0.0,0.0,0.0,0.0,0.0,0.0,0.0,0.0,0.0,0.0,1.0,1.0,0.0,0.0,0.0,0.0,0.0,1.0,1.0,0.0,0.0,2.0,1.0,1.0
HEAD,2,package util - object FileUtil,0.0,0.0,0.0,0.7142857142857143,0.0,1.0,0.8571428571428571,0.1111111111111111,0.0,0.8,0.0,1.0,2.3333333333333335,0.0,0.0,0.0,0.0,0.0,1.0,1.0,0.0,0.0,2.0,1.0,1.0
HEAD,0,package api - object ApiPlugin,0.0,0.0,0.0,0.0,0.0,0.0,0.0,0.0,0.0,0.0,0.0,0.0,0.0,0.0,0.0,0.0,0.0,0.0,0.0,0.0,0.0,0.0,0.0,0.0,0.0
HEAD,0,package model - trait Profile,0.0,0.0,0.0,0.0,0.0,0.0,0.0,0.0,0.0,0.0,0.0,0.0,0.0,0.0,0.0,0.0,0.0,0.0,0.0,0.0,0.0,0.0,0.0,0.0,0.0
HEAD,0,package model - trait Profile - class RichColumn,0.0,0.0,0.0,0.0,0.0,0.0,0.0,0.0,0.0,0.0,0.0,0.0,0.0,0.0,0.0,0.0,0.0,0.0,0.0,0.0,0.0,0.0,0.0,0.0,0.0
HEAD,0,package controller - trait PrioritiesControllerBase,0.0,0.0,0.9047619047619048,0.19047619047619047,0.0,0.0,0.3333333333333333,0.0,0.0,0.0,0.0,0.0,1.4285714285714286,0.0,0.0,0.0,0.0,0.0,0.0,0.0,0.0,0.0,0.0,1.0,1.0
HEAD,0,package controller - trait PrioritiesControllerBase - method priorityName - <$anon: <error>>,0.0,0.0,0.0,0.0,0.0,0.0,0.0,0.0,0.0,0.0,0.0,0.0,0.0,0.0,0.0,0.0,0.0,0.0,0.0,0.0,0.0,0.0,0.0,0.0,0.0
HEAD,0,package controller - trait PrioritiesControllerBase - method uniquePriorityName - <$anon: <error>>,0.0,0.0,0.0,0.21052631578947367,0.0,0.0,0.3684210526315789,0.0,0.0,0.0,0.0,0.0,0.5789473684210527,0.0,0.0,0.0,0.0,0.0,0.0,0.0,0.0,0.0,0.0,1.0,1.0
HEAD,0,package api - class ApiBranchProtection,0.0,0.0,0.0,0.0,0.0,0.0,0.0,0.0,0.0,0.0,0.0,0.0,0.0,0.0,0.0,0.0,0.0,0.0,0.0,0.0,0.0,0.0,0.0,0.0,0.0
HEAD,0,package api - object ApiBranchProtection,0.0,0.0,0.0,0.0,0.0,0.0,0.0,0.0,0.0,0.0,0.0,0.0,0.0,0.0,0.0,0.0,0.0,0.0,0.0,0.0,0.0,0.0,0.0,0.0,0.0
HEAD,0,package api - object ApiBranchProtection - object EnforcementLevel,0.0,0.0,0.0,0.0,0.0,0.0,0.0,0.0,0.0,0.0,0.0,0.0,0.0,0.0,0.0,0.0,0.0,0.0,0.0,0.0,0.0,0.0,0.0,0.0,0.0
HEAD,0,package api - trait ApiIssueCommentControllerBase,0.0,0.0,0.0,0.0,0.0,0.0,0.0,0.0,0.0,0.0,0.0,1.0,1.0,0.0,0.0,0.0,0.0,0.0,0.0,0.0,0.0,0.0,0.0,1.0,1.0
HEAD,0,package plugin - trait AccountHook,0.0,0.0,0.0,0.0,0.0,0.0,0.0,0.0,0.0,0.0,0.0,1.0,1.0,0.0,0.0,0.0,0.0,0.0,1.0,1.0,0.0,0.0,2.0,1.0,-0.3333333333333333
HEAD,0,package api - object ApiUser,0.0,0.0,0.0,0.0,0.0,0.0,0.0,0.0,0.0,0.0,0.0,0.0,0.0,0.0,0.0,0.0,0.0,0.0,0.0,0.0,0.0,0.0,0.0,0.0,0.0
HEAD,1,package controller - trait ReleaseControllerBase,0.0,0.0,0.0,0.3076923076923077,0.0,0.0,0.38461538461538464,0.0,0.0,0.07692307692307693,0.0,0.0,0.7692307692307692,0.0,0.0,0.0,0.0,0.0,0.0,0.0,0.0,0.0,0.0,1.0,1.0
HEAD,1,package service - trait ActivityService,0.0,0.0,0.0,0.0,0.0,0.0,0.0,0.0,0.0,0.6,0.0,1.0,1.6,0.0,0.0,0.0,0.0,0.0,1.0,1.0,0.0,0.0,2.0,1.0,1.0
HEAD,0,package api - object ApiRepository,0.0,0.0,0.0,0.0,0.0,0.0,0.0,0.0,0.0,0.0,0.0,0.0,0.0,0.0,0.0,0.0,0.0,0.0,0.0,0.0,0.0,0.0,0.0,0.0,0.0
HEAD,0,package model - trait ProtectedBranchComponent - class ProtectedBranches,0.0,0.0,0.0,0.0,0.0,0.0,0.0,0.0,0.0,0.0,0.0,0.0,0.0,0.0,0.0,0.0,0.0,0.0,0.0,0.0,0.0,0.0,0.0,0.0,0.0
HEAD,0,package model - trait ProtectedBranchComponent - class ProtectedBranchContexts,0.0,0.0,0.0,0.0,0.0,0.0,0.0,0.0,0.0,0.0,0.0,0.0,0.0,0.0,0.0,0.0,0.0,0.0,0.0,0.0,0.0,0.0,0.0,0.0,0.0
HEAD,0,package model - trait CommitStatusComponent - class CommitStatuses,0.0,0.0,0.0,0.0,0.0,0.0,0.0,0.0,0.0,0.0,0.0,0.0,0.0,0.0,0.0,0.0,0.0,0.0,0.0,0.0,0.0,0.0,0.0,0.0,0.0
HEAD,0,package model - object CommitStatus,0.0,0.0,0.0,0.0,0.0,0.0,0.0,0.0,0.0,0.0,0.0,0.0,0.0,0.0,0.0,0.0,0.0,0.0,0.0,0.0,0.0,0.0,0.0,0.0,0.0
HEAD,0,package model - object CommitState,0.0,0.0,0.0,0.0,0.0,0.0,0.0,0.0,0.0,0.0,0.0,0.0,0.0,0.0,0.0,0.0,0.0,0.0,0.0,0.0,0.0,0.0,0.0,0.0,0.0
HEAD,0,package model - trait RepositoryWebHookEventComponent - class RepositoryWebHookEvents,0.0,0.0,0.0,0.0,0.0,0.0,0.0,0.0,0.0,0.0,0.0,0.0,0.0,0.0,0.0,0.0,0.0,0.0,0.0,0.0,0.0,0.0,0.0,0.0,0.0
HEAD,0,package service - trait ReleaseService,0.0,0.0,0.0,0.2,0.0,0.0,0.2,0.0,0.0,0.0,0.0,1.0,1.4,0.0,0.0,0.0,0.0,0.0,1.0,1.0,0.0,0.0,2.0,1.0,1.0
HEAD,2,package util - object DatabaseConfig,0.0,0.0,0.0,0.6666666666666666,0.0,1.0,0.0,0.3333333333333333,0.0,0.0,0.0,1.0,3.0,0.0,0.0,0.0,0.0,0.0,0.0,0.0,0.0,0.0,0.0,1.0,1.0
HEAD,0,package util - object DatabaseType,0.0,0.0,0.0,0.0,0.0,0.0,0.0,0.0,0.0,0.0,0.0,0.0,0.0,0.0,0.0,0.0,0.0,0.0,0.0,0.0,0.0,0.0,0.0,0.0,0.0
HEAD,0,package util - object DatabaseType - object BlockingPostgresDriver,0.0,0.0,0.0,0.2,0.0,0.0,0.2,0.0,0.0,0.0,0.0,0.0,0.4,0.0,0.0,0.0,0.0,0.0,0.2,0.0,0.2,0.0,0.4,1.0,0.0
HEAD,0,package util - trait Validations,0.0,0.0,0.4,0.0,0.0,0.0,0.0,0.0,0.0,0.0,0.0,0.0,0.4,0.0,0.0,0.0,0.0,0.0,0.0,0.0,0.0,0.0,0.0,1.0,1.0
HEAD,0,package util - trait Validations - <$anon: <error>>,0.0,0.0,0.0,0.0,0.0,0.0,0.0,0.0,0.0,0.0,0.0,0.0,0.0,0.0,0.0,0.0,0.0,0.0,0.0,0.0,0.0,0.0,0.0,0.0,0.0
HEAD,0,package util - trait Validations - <$anon: <error>>,0.0,0.0,0.0,0.0,0.0,0.0,0.0,0.0,0.0,0.0,0.0,0.0,0.0,0.0,0.0,0.0,0.0,0.0,0.0,0.0,0.0,0.0,0.0,0.0,0.0
HEAD,0,package util - trait Validations - method date - <$anon: <error>>,0.0,0.0,0.0,0.0,0.0,0.0,0.0,0.0,0.0,0.0,0.0,0.0,0.0,0.0,0.0,0.0,0.0,0.0,0.0,0.0,0.0,0.0,0.0,0.0,0.0
HEAD,0,package model - trait PriorityComponent - class Priorities,0.0,0.0,0.0,0.0,0.0,0.0,0.0,0.0,0.0,0.0,0.0,0.0,0.0,0.0,0.0,0.0,0.0,0.0,0.0,0.0,0.0,0.0,0.0,0.0,0.0
HEAD,0,package api - class CreateALabel,0.0,0.0,0.0,0.0,0.0,0.0,0.0,0.0,0.0,0.0,0.0,0.0,0.0,0.0,0.0,0.0,0.0,0.0,0.0,0.0,0.0,0.0,0.0,0.0,0.0
HEAD,0,package service - trait SshKeyService,0.0,0.0,0.0,0.0,0.0,0.0,0.0,0.0,0.0,0.0,0.0,1.0,1.0,0.0,0.0,0.0,0.0,0.0,1.0,1.0,0.0,0.0,2.0,1.0,1.0
HEAD,2,package controller - trait MilestonesControllerBase,0.0,0.0,0.9047619047619048,0.5238095238095238,0.0,0.0,0.5714285714285714,0.0,0.0,0.42857142857142855,0.0,0.0,2.4285714285714284,0.0,0.0,0.0,0.0,0.0,0.0,0.0,0.0,0.0,0.0,1.0,1.0
HEAD,1,package controller - trait MilestonesControllerBase - method uniqueMilestone - <$anon: <error>>,0.0,0.0,0.0,0.5789473684210527,0.0,0.0,0.631578947368421,0.0,0.0,0.47368421052631576,0.0,0.0,1.6842105263157894,0.0,0.0,0.0,0.0,0.0,0.0,0.0,0.0,0.0,0.0,1.0,1.0
HEAD,1,package controller - trait WikiControllerBase,0.0,0.0,0.8181818181818182,0.18181818181818182,0.0,0.0,0.2727272727272727,0.0,0.0,0.75,0.0,1.0,1.75,0.0,0.0,0.0,0.0,0.0,0.0,0.0,0.0,0.0,0.0,1.0,1.0
HEAD,0,package controller - trait WikiControllerBase - method unique - <$anon: <error>>,0.0,0.0,0.0,0.2222222222222222,0.0,0.0,0.3333333333333333,0.0,0.0,0.0,0.0,0.0,0.5555555555555556,0.0,0.0,0.0,0.0,0.0,0.0,0.0,0.0,0.0,0.0,1.0,1.0
HEAD,0,package controller - trait WikiControllerBase - method pagename - <$anon: <error>>,0.0,0.0,0.0,0.14285714285714285,0.0,0.0,0.14285714285714285,0.0,0.0,0.0,0.0,0.0,0.2857142857142857,0.0,0.0,0.0,0.0,0.0,0.0,0.0,0.0,0.0,0.0,1.0,1.0
HEAD,0,package controller - trait WikiControllerBase - method conflictForNew - <$anon: <error>>,0.0,0.0,0.0,0.0,0.0,0.0,0.0,0.0,0.0,0.0,0.0,0.0,0.0,0.0,0.0,0.0,0.0,0.0,0.0,0.0,0.0,0.0,0.0,0.0,0.0
HEAD,0,package controller - trait WikiControllerBase - method conflictForEdit - <$anon: <error>>,0.0,0.0,0.0,0.0,0.0,0.0,0.0,0.0,0.0,0.0,0.0,0.0,0.0,0.0,0.0,0.0,0.0,0.0,0.0,0.0,0.0,0.0,0.0,0.0,0.0
HEAD,0,package service - trait RepositorySearchService,0.0,0.0,0.0,0.8947368421052632,0.0,0.0,0.9473684210526315,0.0,0.0,0.8125,0.0,1.0,2.3684210526315788,0.0,0.0,0.0,0.0,0.0,0.6428571428571429,0.0,0.5,0.0,1.1428571428571428,1.0,1.0
HEAD,0,package service - object RepositorySearchService,0.0,0.0,0.0,0.17647058823529413,0.0,0.0,0.17647058823529413,0.0,0.0,0.0,0.0,0.0,0.35294117647058826,0.0,0.0,0.0,0.0,0.0,0.0,0.0,0.0,0.0,0.0,1.0,1.0
HEAD,0,package ssh - object SshServer,0.0,0.0,0.0,0.0,0.0,0.0,0.0,0.0,0.0,0.0,0.0,0.0,0.0,0.0,0.0,0.0,0.0,0.0,1.0,1.0,0.16666666666666666,0.0,2.166666666666667,1.0,0.0
HEAD,0,package ssh - class SshServerListener,0.0,0.0,0.0,0.3,0.0,0.0,0.4,0.0,0.0,0.0,0.0,0.0,0.7,0.0,0.0,0.0,0.0,0.0,1.0,1.0,0.5,0.3,2.8,1.0,-0.5999999999999999
HEAD,0,package model - trait AccountFederationComponent - class AccountFederations,0.0,0.0,0.0,0.0,0.0,0.0,0.0,0.0,0.0,0.0,0.0,0.0,0.0,0.0,0.0,0.0,0.0,0.0,0.0,0.0,0.0,0.0,0.0,0.0,0.0
HEAD,2,package controller - class FileUploadController,0.0,0.0,0.0,0.6,0.0,1.0,0.5,0.2,0.0,0.9,0.0,1.0,3.2,0.0,0.0,0.0,0.0,0.0,1.0,1.0,0.1,0.0,2.0,1.0,1.0
HEAD,3,package controller - class ControllerBase,0.0,0.0,0.8181818181818182,0.7142857142857143,0.0,1.0,0.75,0.0,0.0,0.8,0.0,1.0,2.2,0.0,0.0,0.0,0.0,0.0,1.0,1.0,0.1,0.0,2.083333333333333,1.0,1.0
HEAD,0,package controller - class ControllerBase - method trim2 - <$anon: <error>>,0.0,0.0,0.0,0.0,0.0,0.0,0.0,0.0,0.0,0.0,0.0,0.0,0.0,0.0,0.0,0.0,0.0,0.0,0.0,0.0,0.0,0.0,0.0,0.0,0.0
HEAD,0,package controller - class Context,0.0,0.0,0.0,0.75,0.0,0.0,0.875,0.0,0.0,0.0,0.0,1.0,2.625,0.0,0.0,0.0,0.0,0.0,0.0,0.0,0.0,0.0,0.0,1.0,1.0
HEAD,1,package controller - trait AccountManagementControllerBase,0.0,0.0,0.9047619047619048,0.5,0.0,0.0,0.5454545454545454,0.0,0.0,0.38095238095238093,0.0,0.0,1.7619047619047619,0.0,0.0,0.0,0.0,0.0,1.0,1.0,0.5909090909090909,0.0,2.590909090909091,1.0,1.0
HEAD,0,package controller - trait AccountManagementControllerBase - method uniqueUserName - <$anon: <error>>,0.0,0.0,0.0,0.0,0.0,0.0,0.0,0.0,0.0,0.0,0.0,0.0,0.0,0.0,0.0,0.0,0.0,0.0,0.0,0.0,0.0,0.0,0.0,0.0,0.0
HEAD,0,package controller - trait AccountManagementControllerBase - method uniqueMailAddress - <$anon: <error>>,0.0,0.0,0.0,0.2631578947368421,0.0,0.0,0.2631578947368421,0.0,0.0,0.42105263157894735,0.0,0.0,0.9473684210526315,0.0,0.0,0.0,0.0,0.0,0.0,0.0,0.0,0.0,0.0,1.0,1.0
HEAD,0,package controller - trait AccountManagementControllerBase - method uniqueExtraMailAddress - <$anon: <error>>,0.0,0.0,0.0,0.2631578947368421,0.0,0.0,0.2631578947368421,0.0,0.0,0.42105263157894735,0.0,0.0,0.9473684210526315,0.0,0.0,0.0,0.0,0.0,0.0,0.0,0.0,0.0,0.0,1.0,1.0
HEAD,0,package controller - trait AccountManagementControllerBase - method reservedNames - <$anon: <error>>,0.0,0.0,0.0,0.0,0.0,0.0,0.0,0.0,0.0,0.0,0.0,0.0,0.0,0.0,0.0,0.0,0.0,0.0,0.0,0.0,0.0,0.0,0.0,0.0,0.0
HEAD,0,package api - object ApiLabel,0.0,0.0,0.0,0.0,0.0,0.0,0.0,0.0,0.0,0.0,0.0,0.0,0.0,0.0,0.0,0.0,0.0,0.0,0.0,0.0,0.0,0.0,0.0,0.0,0.0
HEAD,0,package model - trait ReleaseAssetComponent - class ReleaseAssets,0.0,0.0,0.0,0.0,0.0,0.0,0.0,0.0,0.0,0.0,0.0,0.0,0.0,0.0,0.0,0.0,0.0,0.0,0.0,0.0,0.0,0.0,0.0,0.0,0.0
HEAD,0,package <empty> - object PluginsJson,0.0,0.0,0.0,0.0,0.0,0.0,0.0,0.0,0.0,0.0,0.0,0.0,0.0,0.0,0.0,0.0,0.0,0.0,0.0,0.0,0.0,0.0,0.0,0.0,0.0
HEAD,0,package model - trait ActivityComponent - class Activities,0.0,0.0,0.0,0.0,0.0,0.0,0.0,0.0,0.0,0.0,0.0,0.0,0.0,0.0,0.0,0.0,0.0,0.0,0.0,0.0,0.0,0.0,0.0,0.0,0.0
HEAD,0,package model - trait PullRequestComponent - class PullRequests,0.0,0.0,0.0,0.0,0.0,0.0,0.0,0.0,0.0,0.0,0.0,0.0,0.0,0.0,0.0,0.0,0.0,0.0,0.0,0.0,0.0,0.0,0.0,0.0,0.0
HEAD,0,package model - trait AccessTokenComponent - class AccessTokens,0.0,0.0,0.0,0.0,0.0,0.0,0.0,0.0,0.0,0.0,0.0,0.0,0.0,0.0,0.0,0.0,0.0,0.0,0.0,0.0,0.0,0.0,0.0,0.0,0.0
HEAD,0,package service - trait CommitStatusService,0.0,0.0,0.0,0.0,0.0,0.0,0.0,0.0,0.0,0.7105263157894737,0.0,1.0,1.7105263157894737,0.0,0.0,0.0,0.0,0.0,0.0,0.0,0.0,0.0,0.0,1.0,1.0
HEAD,1,package service - trait AccountFederationService,0.0,0.0,0.0,0.05263157894736842,0.0,0.0,0.10526315789473684,0.0,0.0,0.7894736842105263,0.0,1.0,1.9473684210526316,0.0,0.0,0.0,0.0,0.0,1.0,1.0,0.15789473684210525,0.0,2.0,1.0,1.0
HEAD,0,package service - trait LabelsService,0.0,0.0,0.0,0.0,0.0,0.0,0.0,0.0,0.0,0.0,0.0,1.0,1.0,0.0,0.0,0.0,0.0,0.0,1.0,1.0,0.0,0.0,2.0,1.0,1.0
HEAD,4,package service - trait AccountService,0.0,0.0,0.0,0.5714285714285714,0.0,0.0,0.5714285714285714,0.0,0.0,0.9166666666666666,0.0,1.0,2.7142857142857144,0.0,0.0,0.0,0.0,0.0,1.0,1.0,0.5714285714285714,0.0,2.571428571428571,1.0,1.0