commit,faults,path,ImplicitDefinitions,ImplicitConversions,ImplicitParameters,OverridingPatternVariables,UsageOfNull,UnitVariables,FunctionVariables,NumberOfReturns
HEAD,0,package zio - package internal - package object internal,0.0,0.0,0.0,0.0,0.0,0.0,0.0,0.0
HEAD,0,package zio - trait PlatformSpecific,0.0,0.0,7.0,0.0,0.0,0.0,0.0,0.0
HEAD,0,package zio - trait PlatformSpecific - object ZEnv,0.0,0.0,7.0,0.0,0.0,0.0,0.0,0.0
HEAD,0,package zio - trait PlatformSpecific - object ZEnv - object Services,0.0,0.0,1.0,0.0,0.0,0.0,0.0,0.0
HEAD,0,package zio - package console - package object console,0.0,6.0,6.0,0.0,1.0,0.0,0.0,0.0
HEAD,0,package zio - package console - package object console - object Console,0.0,1.0,1.0,0.0,1.0,0.0,0.0,0.0
HEAD,0,package zio - package console - package object console - object Console - trait Service,0.0,0.0,0.0,0.0,0.0,0.0,0.0,0.0
HEAD,0,package zio - package console - package object console - object Console - object Service,0.0,1.0,0.0,0.0,1.0,0.0,0.0,0.0
HEAD,0,package zio - package console - package object console - object Console - object Service - <$anon: zio.console.Console.Service>,0.0,1.0,0.0,0.0,1.0,0.0,0.0,0.0
HEAD,0,package zio - class Schedule,0.0,12.0,3.0,2.0,0.0,0.0,60.0,0.0
HEAD,1,package zio - object Schedule,0.0,5.0,0.0,3.0,0.0,0.0,17.0,0.0
HEAD,0,package zio - object Schedule - method apply - <$anon: zio.Schedule[Env In Out]>,0.0,0.0,0.0,0.0,0.0,0.0,0.0,0.0
HEAD,0,package zio - object Schedule - method fixed - class State,0.0,0.0,0.0,0.0,0.0,0.0,0.0,0.0
HEAD,0,package zio - object Schedule - class Driver,0.0,0.0,0.0,0.0,0.0,0.0,1.0,0.0
HEAD,0,package zio - object Schedule - object StepFunction,0.0,0.0,0.0,0.0,0.0,0.0,0.0,0.0
HEAD,0,package zio - object Schedule - trait Decision,0.0,0.0,0.0,0.0,0.0,0.0,2.0,0.0
HEAD,0,package zio - object Schedule - object Decision,0.0,0.0,0.0,0.0,0.0,0.0,1.0,0.0
HEAD,0,package zio - object Schedule - object Decision - class Done,0.0,0.0,0.0,0.0,0.0,0.0,0.0,0.0
HEAD,0,package zio - object Schedule - object Decision - class Continue,0.0,0.0,0.0,0.0,0.0,0.0,1.0,0.0
HEAD,0,package zio - class IOForkInterruptBenchmark,0.0,0.0,0.0,0.0,0.0,0.0,0.0,0.0
HEAD,0,package zio - object IOBenchmarks,0.0,0.0,0.0,0.0,0.0,0.0,3.0,0.0
HEAD,0,package zio - object IOBenchmarks - <$anon: zio.BootstrapRuntime>,0.0,0.0,0.0,0.0,0.0,0.0,0.0,0.0
HEAD,0,package zio - object IOBenchmarks - class Thunk,0.0,0.0,0.0,0.0,0.0,0.0,3.0,0.0
HEAD,0,package zio - object IOBenchmarks - object Thunk,0.0,0.0,0.0,0.0,0.0,0.0,0.0,0.0
HEAD,0,package zio - class ParSequenceBenchmark,0.0,11.0,7.0,0.0,0.0,0.0,0.0,0.0
HEAD,0,package zio - trait App,0.0,0.0,0.0,0.0,0.0,2.0,0.0,0.0
HEAD,0,package zio - trait App - method main - <$anon: Thread>,0.0,0.0,0.0,0.0,0.0,1.0,0.0,0.0
HEAD,0,package zio - class NonEmptyChunk,2.0,0.0,2.0,5.0,4.0,0.0,16.0,0.0
HEAD,0,package zio - object NonEmptyChunk,1.0,0.0,0.0,0.0,0.0,0.0,0.0,0.0
HEAD,2,package stream - class ZSink,12.0,3.0,8.0,12.0,0.0,4.0,53.0,0.0
HEAD,0,package stream - class ZSink - method zipWithPar - trait State,0.0,0.0,0.0,0.0,0.0,0.0,0.0,0.0
HEAD,0,package stream - class ZSink - method zipWithPar - object BothRunning,0.0,0.0,0.0,0.0,0.0,0.0,0.0,0.0
HEAD,0,package stream - class ZSink - method zipWithPar - class LeftDone,0.0,0.0,0.0,0.0,0.0,0.0,0.0,0.0
HEAD,0,package stream - class ZSink - method zipWithPar - class RightDone,0.0,0.0,0.0,0.0,0.0,0.0,0.0,0.0
HEAD,8,package stream - object ZSink,1.0,0.0,0.0,3.0,0.0,0.0,30.0,0.0
HEAD,0,package stream - object ZSink - object Push,0.0,0.0,0.0,0.0,0.0,0.0,5.0,0.0
HEAD,0,package stream - object ZSink - method apply - <$anon: zio.stream.ZSink[R E I L Z]>,0.0,0.0,0.0,0.0,0.0,0.0,0.0,0.0
HEAD,0,package zio - class ZScope,0.0,0.0,0.0,0.0,0.0,0.0,2.0,0.0
HEAD,1,package zio - object ZScope,0.0,1.0,2.0,0.0,12.0,0.0,7.0,0.0
HEAD,0,package zio - object ZScope - class Mode,0.0,0.0,0.0,0.0,0.0,0.0,0.0,0.0
HEAD,0,package zio - object ZScope - object Mode,0.0,0.0,0.0,0.0,0.0,0.0,0.0,0.0
HEAD,0,package zio - object ZScope - object Mode - object Weak,0.0,0.0,0.0,0.0,0.0,0.0,0.0,0.0
HEAD,0,package zio - object ZScope - object Mode - object Strong,0.0,0.0,0.0,0.0,0.0,0.0,0.0,0.0
HEAD,0,package zio - object ZScope - class Key,0.0,0.0,0.0,0.0,0.0,0.0,0.0,0.0
HEAD,0,package zio - object ZScope - object Key,0.0,0.0,0.0,0.0,0.0,0.0,0.0,0.0
HEAD,0,package zio - object ZScope - object Key - method apply - <$anon: zio.ZScope.Key>,0.0,0.0,0.0,0.0,0.0,0.0,0.0,0.0
HEAD,1,package zio - object ZScope - object global,0.0,0.0,0.0,0.0,0.0,0.0,2.0,0.0
HEAD,0,package zio - object ZScope - class Open,0.0,0.0,0.0,0.0,0.0,0.0,1.0,0.0
HEAD,0,package zio - object ZScope - class OrderedFinalizer,0.0,0.0,0.0,0.0,0.0,0.0,1.0,0.0
HEAD,1,package zio - object ZScope - class Local,0.0,1.0,2.0,0.0,10.0,0.0,3.0,0.0
HEAD,0,package zio - class ParallelMergeSortBenchmark,0.0,4.0,6.0,0.0,0.0,1.0,0.0,0.0
HEAD,1,package zio - class StreamBenchmarks,0.0,4.0,4.0,0.0,0.0,0.0,0.0,0.0
HEAD,1,package zio - class CSVStreamBenchmarks,0.0,6.0,1.0,0.0,0.0,0.0,0.0,0.0
HEAD,0,package zio - object CSV,0.0,5.0,3.0,0.0,0.0,0.0,0.0,0.0
HEAD,0,package zio - object CSV - trait Token,0.0,0.0,0.0,0.0,0.0,0.0,0.0,0.0
HEAD,0,package zio - object CSV - object NewCol,0.0,0.0,0.0,0.0,0.0,0.0,0.0,0.0
HEAD,0,package zio - object CSV - object NewRow,0.0,0.0,0.0,0.0,0.0,0.0,0.0,0.0
HEAD,0,package zio - object CSV - class Column,0.0,0.0,0.0,0.0,0.0,0.0,0.0,0.0
HEAD,2,package macros - class AccessibleMacro,0.0,3.0,3.0,16.0,0.0,0.0,0.0,0.0
HEAD,0,package macros - class AccessibleMacro - class ModuleInfo,0.0,0.0,0.0,0.0,0.0,0.0,0.0,0.0
HEAD,0,package macros - class AccessibleMacro - method apply - trait Capability,0.0,0.0,0.0,0.0,0.0,0.0,0.0,0.0
HEAD,1,package macros - class AccessibleMacro - method apply - object Capability,0.0,0.0,0.0,0.0,0.0,0.0,0.0,0.0
HEAD,1,package macros - class AccessibleMacro - method apply - object Capability - class Effect,0.0,0.0,0.0,0.0,0.0,0.0,0.0,0.0
HEAD,0,package macros - class AccessibleMacro - method apply - object Capability - class Managed,0.0,0.0,0.0,0.0,0.0,0.0,0.0,0.0
HEAD,1,package macros - class AccessibleMacro - method apply - object Capability - class Method,0.0,0.0,0.0,0.0,0.0,0.0,0.0,0.0
HEAD,1,package macros - class AccessibleMacro - method apply - object Capability - class Sink,0.0,0.0,0.0,0.0,0.0,0.0,0.0,0.0
HEAD,1,package macros - class AccessibleMacro - method apply - object Capability - class Stream,0.0,0.0,0.0,0.0,0.0,0.0,0.0,0.0
HEAD,1,package macros - class AccessibleMacro - method apply - class TypeInfo,0.0,0.0,0.0,15.0,0.0,0.0,0.0,0.0
HEAD,0,package stm - class STMRetryBenchmark,0.0,3.0,0.0,0.0,0.0,0.0,0.0,0.0
HEAD,0,package zio - trait PlatformSpecific,0.0,0.0,9.0,0.0,0.0,0.0,0.0,0.0
HEAD,0,package zio - trait PlatformSpecific - object ZEnv,0.0,0.0,9.0,0.0,0.0,0.0,0.0,0.0
HEAD,0,package zio - trait PlatformSpecific - object ZEnv - object Services,0.0,0.0,1.0,0.0,0.0,0.0,0.0,0.0
HEAD,0,package zio - class NeedsEnv,0.0,0.0,0.0,0.0,0.0,0.0,0.0,0.0
HEAD,0,package zio - object NeedsEnv,2.0,0.0,0.0,0.0,0.0,0.0,0.0,0.0
HEAD,0,package internal - object MutableConcurrentQueue,0.0,0.0,0.0,0.0,0.0,0.0,0.0,0.0
HEAD,0,package internal - class MutableConcurrentQueue,0.0,0.0,0.0,0.0,0.0,0.0,0.0,0.0
HEAD,0,package internal - class DefaultExecutors,0.0,0.0,0.0,0.0,0.0,0.0,0.0,0.0
HEAD,0,package internal - object PlatformConstants,0.0,0.0,0.0,0.0,0.0,0.0,0.0,0.0
HEAD,0,package zio - class IOMapBenchmark,0.0,9.0,0.0,0.0,0.0,0.0,0.0,0.0
HEAD,0,package zio - class IOEmptyRaceBenchmark,0.0,0.0,0.0,0.0,0.0,0.0,0.0,0.0
HEAD,2,package stm - class TMap,0.0,2.0,6.0,0.0,0.0,1.0,14.0,0.0
HEAD,2,package stm - object TMap,0.0,1.0,2.0,0.0,0.0,0.0,0.0,0.0
HEAD,0,package stm - object TMap - class UpdateResult,0.0,0.0,0.0,0.0,0.0,0.0,0.0,0.0
HEAD,0,package zio - trait ChunkPlatformSpecific,0.0,0.0,1.0,0.0,0.0,1.0,0.0,0.0
HEAD,0,package zio - trait ChunkPlatformSpecific - object Tags,0.0,0.0,1.0,0.0,0.0,1.0,0.0,0.0
HEAD,0,package internal - class OneElementConcQueueNoMetric,0.0,0.0,0.0,0.0,7.0,0.0,0.0,0.0
HEAD,0,package internal - trait PlatformSpecific,0.0,0.0,0.0,0.0,0.0,0.0,1.0,0.0
HEAD,0,package internal - trait PlatformSpecific - method fromExecutor - <$anon: zio.internal.Platform>,0.0,0.0,0.0,0.0,0.0,0.0,0.0,0.0
HEAD,0,package internal - class Platform,0.0,0.0,0.0,0.0,0.0,0.0,3.0,0.0
HEAD,0,package internal - class Platform - method withExecutor - <$anon: zio.internal.Platform.Proxy>,0.0,0.0,0.0,0.0,0.0,0.0,0.0,0.0
HEAD,0,package internal - class Platform - method withTracing - <$anon: zio.internal.Platform.Proxy>,0.0,0.0,0.0,0.0,0.0,0.0,0.0,0.0
HEAD,0,package internal - class Platform - method withTracingConfig - <$anon: zio.internal.Platform.Proxy>,0.0,0.0,0.0,0.0,0.0,0.0,0.0,0.0
HEAD,0,package internal - class Platform - method withFatal - <$anon: zio.internal.Platform.Proxy>,0.0,0.0,0.0,0.0,0.0,0.0,0.0,0.0
HEAD,0,package internal - class Platform - method withReportFatal - <$anon: zio.internal.Platform.Proxy>,0.0,0.0,0.0,0.0,0.0,0.0,0.0,0.0
HEAD,0,package internal - class Platform - method withReportFailure - <$anon: zio.internal.Platform.Proxy>,0.0,0.0,0.0,0.0,0.0,0.0,0.0,0.0
HEAD,0,package internal - class Platform - method withSupervisor - <$anon: zio.internal.Platform.Proxy>,0.0,0.0,0.0,0.0,0.0,0.0,0.0,0.0
HEAD,0,package internal - object Platform,0.0,0.0,0.0,0.0,0.0,0.0,0.0,0.0
HEAD,0,package internal - object Platform - class Proxy,0.0,0.0,0.0,0.0,0.0,0.0,0.0,0.0
HEAD,0,package zio - trait ChunkFactory,0.0,0.0,0.0,0.0,0.0,0.0,0.0,0.0
HEAD,0,package tracing - class ZIOFn,0.0,0.0,0.0,0.0,0.0,0.0,0.0,0.0
HEAD,0,package tracing - class ZIOFn1,0.0,0.0,0.0,0.0,0.0,0.0,0.0,0.0
HEAD,0,package tracing - class ZIOFn2,0.0,0.0,0.0,0.0,0.0,0.0,0.0,0.0
HEAD,0,package tracing - object ZIOFn,0.0,0.0,0.0,0.0,0.0,1.0,1.0,0.0
HEAD,0,package tracing - object ZIOFn - method apply - <$anon: A => B>,0.0,0.0,0.0,0.0,0.0,0.0,0.0,0.0
HEAD,0,package compression - class CompressionParameters,0.0,0.0,0.0,0.0,0.0,0.0,0.0,0.0
HEAD,0,package compression - class CompressionLevel,0.0,0.0,0.0,0.0,0.0,0.0,0.0,0.0
HEAD,0,package compression - object CompressionLevel,0.0,0.0,0.0,0.0,0.0,0.0,0.0,0.0
HEAD,0,package compression - object CompressionLevel - object DefaultCompression,0.0,0.0,0.0,0.0,0.0,0.0,0.0,0.0
HEAD,0,package compression - object CompressionLevel - object NoCompression,0.0,0.0,0.0,0.0,0.0,0.0,0.0,0.0
HEAD,0,package compression - object CompressionLevel - object BestSpeed,0.0,0.0,0.0,0.0,0.0,0.0,0.0,0.0
HEAD,0,package compression - object CompressionLevel - object CompressionLevel2,0.0,0.0,0.0,0.0,0.0,0.0,0.0,0.0
HEAD,0,package compression - object CompressionLevel - object CompressionLevel3,0.0,0.0,0.0,0.0,0.0,0.0,0.0,0.0
HEAD,0,package compression - object CompressionLevel - object CompressionLevel4,0.0,0.0,0.0,0.0,0.0,0.0,0.0,0.0
HEAD,0,package compression - object CompressionLevel - object CompressionLevel5,0.0,0.0,0.0,0.0,0.0,0.0,0.0,0.0
HEAD,0,package compression - object CompressionLevel - object CompressionLevel6,0.0,0.0,0.0,0.0,0.0,0.0,0.0,0.0
HEAD,0,package compression - object CompressionLevel - object CompressionLevel7,0.0,0.0,0.0,0.0,0.0,0.0,0.0,0.0
HEAD,0,package compression - object CompressionLevel - object CompressionLevel8,0.0,0.0,0.0,0.0,0.0,0.0,0.0,0.0
HEAD,0,package compression - object CompressionLevel - object BestCompression,0.0,0.0,0.0,0.0,0.0,0.0,0.0,0.0
HEAD,0,package compression - class CompressionStrategy,0.0,0.0,0.0,0.0,0.0,0.0,0.0,0.0
HEAD,0,package compression - object CompressionStrategy,0.0,0.0,0.0,0.0,0.0,0.0,0.0,0.0
HEAD,0,package compression - object CompressionStrategy - object DefaultStrategy,0.0,0.0,0.0,0.0,0.0,0.0,0.0,0.0
HEAD,0,package compression - object CompressionStrategy - object Filtered,0.0,0.0,0.0,0.0,0.0,0.0,0.0,0.0
HEAD,0,package compression - object CompressionStrategy - object HuffmanOnly,0.0,0.0,0.0,0.0,0.0,0.0,0.0,0.0
HEAD,0,package compression - class FlushMode,0.0,0.0,0.0,0.0,0.0,0.0,0.0,0.0
HEAD,0,package compression - object FlushMode,0.0,0.0,0.0,0.0,0.0,0.0,0.0,0.0
HEAD,0,package compression - object FlushMode - object NoFlush,0.0,0.0,0.0,0.0,0.0,0.0,0.0,0.0
HEAD,0,package compression - object FlushMode - object SyncFlush,0.0,0.0,0.0,0.0,0.0,0.0,0.0,0.0
HEAD,0,package compression - object FlushMode - object FullFlush,0.0,0.0,0.0,0.0,0.0,0.0,0.0,0.0
HEAD,0,package fix - object CurriedAssert,0.0,0.0,0.0,0.0,0.0,0.0,0.0,0.0
HEAD,0,package chunks - class ChunkPrependBenchmarks,0.0,0.0,0.0,0.0,0.0,0.0,0.0,0.0
HEAD,3,package internal - object PlatformLive,0.0,0.0,0.0,0.0,0.0,0.0,0.0,0.0
HEAD,3,package internal - object PlatformLive - method fromExecutor - <$anon: zio.internal.Platform>,0.0,0.0,0.0,0.0,0.0,0.0,0.0,0.0
HEAD,0,package zio - trait EitherCompat,0.0,0.0,0.0,0.0,0.0,0.0,0.0,0.0
HEAD,8,package internal - class FiberContext,0.0,2.0,1.0,8.0,41.0,1.0,27.0,0.0
HEAD,2,package internal - class FiberContext - object InterruptExit,0.0,0.0,0.0,0.0,0.0,0.0,0.0,0.0
HEAD,2,package internal - class FiberContext - object TracingRegionExit,0.0,0.0,0.0,0.0,0.0,0.0,0.0,0.0
HEAD,5,package internal - object FiberContext,0.0,0.0,0.0,0.0,0.0,0.0,0.0,0.0
HEAD,0,package internal - object FiberContext - class FiberState,0.0,0.0,0.0,0.0,0.0,0.0,0.0,0.0
HEAD,2,package internal - object FiberContext - object FiberState,0.0,0.0,0.0,0.0,0.0,0.0,0.0,0.0
HEAD,2,package internal - object FiberContext - object FiberState - class Executing,0.0,0.0,0.0,0.0,0.0,0.0,0.0,0.0
HEAD,2,package internal - object FiberContext - object FiberState - class Done,0.0,0.0,0.0,0.0,0.0,0.0,0.0,0.0
HEAD,2,package zio - object UIO,21.0,0.0,21.0,0.0,0.0,0.0,63.0,0.0
HEAD,0,package stacktracer - class ZTraceElement,0.0,0.0,0.0,0.0,0.0,0.0,0.0,0.0
HEAD,0,package stacktracer - object ZTraceElement,0.0,0.0,0.0,0.0,0.0,0.0,0.0,0.0
HEAD,0,package stacktracer - object ZTraceElement - class NoLocation,0.0,0.0,0.0,0.0,0.0,0.0,0.0,0.0
HEAD,0,package stacktracer - object ZTraceElement - class SourceLocation,0.0,0.0,0.0,0.0,0.0,0.0,0.0,0.0
HEAD,0,package zio - class IODeepLeftBindBenchmark,0.0,0.0,0.0,0.0,0.0,0.0,0.0,0.0
HEAD,2,package zio - object IO,32.0,0.0,28.0,0.0,0.0,0.0,77.0,0.0
HEAD,0,package zio - object IO - class BracketAcquire_,0.0,0.0,0.0,0.0,0.0,0.0,0.0,0.0
HEAD,0,package zio - object IO - class BracketRelease_,0.0,0.0,0.0,0.0,0.0,0.0,0.0,0.0
HEAD,0,package zio - object IO - class BracketAcquire,0.0,0.0,0.0,0.0,0.0,0.0,1.0,0.0
HEAD,0,package zio - object IO - class BracketRelease,0.0,0.0,0.0,0.0,0.0,0.0,2.0,0.0
HEAD,0,package zio - class FiberRef,0.0,0.0,0.0,0.0,4.0,0.0,10.0,0.0
HEAD,0,package zio - class FiberRef - method unsafeAsThreadLocal - <$anon: ThreadLocal[A]>,0.0,0.0,0.0,0.0,4.0,0.0,0.0,0.0
HEAD,0,package zio - object FiberRef,0.0,0.0,0.0,0.0,0.0,0.0,2.0,0.0
HEAD,0,package internal - class LinkedQueue,0.0,0.0,0.0,0.0,1.0,0.0,0.0,0.0
HEAD,0,package internal - class RingBufferMethodDispatchBenchmark,0.0,0.0,0.0,0.0,0.0,0.0,2.0,0.0
HEAD,0,package zio - class QueueSequentialBenchmark,0.0,0.0,0.0,0.0,0.0,6.0,0.0,0.0
HEAD,0,package zio - trait ZIOPlatformSpecific,0.0,0.0,0.0,0.0,0.0,0.0,0.0,0.0
HEAD,0,package zio - trait ZIOCompanionPlatformSpecific,0.0,0.0,0.0,0.0,0.0,0.0,0.0,0.0
HEAD,0,package internal - object Utils,0.0,0.0,0.0,0.0,0.0,0.0,1.0,0.0
HEAD,0,package stm - class SemaphoreBenchmark,1.0,0.0,2.0,0.0,0.0,0.0,0.0,0.0
HEAD,0,package internal - class RingBufferPow2,0.0,0.0,0.0,0.0,0.0,0.0,0.0,0.0
HEAD,0,package internal - object RingBufferPow2,0.0,0.0,0.0,0.0,0.0,0.0,0.0,0.0
HEAD,0,package zio - class FiberRefBenchmarks,0.0,5.0,5.0,0.0,0.0,4.0,0.0,0.0
HEAD,0,package impl - object AkkaLineNumbers,8.0,7.0,13.0,0.0,4.0,0.0,0.0,0.0
HEAD,0,package impl - object AkkaLineNumbers - class Result,0.0,0.0,0.0,0.0,0.0,0.0,0.0,0.0
HEAD,0,package impl - object AkkaLineNumbers - object NoSourceInfo,0.0,0.0,0.0,0.0,0.0,0.0,0.0,0.0
HEAD,0,package impl - object AkkaLineNumbers - class UnknownSourceFormat,0.0,0.0,0.0,0.0,0.0,0.0,0.0,0.0
HEAD,0,package impl - object AkkaLineNumbers - class SourceFile,0.0,0.0,0.0,0.0,0.0,0.0,0.0,0.0
HEAD,0,package impl - object AkkaLineNumbers - class SourceFileLines,0.0,0.0,0.0,0.0,0.0,0.0,0.0,0.0
HEAD,0,package impl - object AkkaLineNumbers - class Constants,0.0,0.0,0.0,0.0,0.0,0.0,0.0,0.0
HEAD,0,package stm - class TMapContentionBenchmarks,0.0,3.0,1.0,0.0,0.0,0.0,0.0,0.0
HEAD,1,package zio - trait Runtime,0.0,0.0,1.0,0.0,0.0,0.0,8.0,0.0
HEAD,0,package zio - trait Runtime - method unsafeRunToFuture - <$anon: zio.CancelableFuture[A]>,0.0,0.0,0.0,0.0,0.0,0.0,0.0,0.0
HEAD,0,package zio - object Runtime,0.0,0.0,0.0,0.0,0.0,0.0,6.0,0.0
HEAD,0,package zio - object Runtime - class Managed,0.0,0.0,0.0,0.0,0.0,0.0,5.0,0.0
HEAD,0,package zio - object Runtime - object Managed,0.0,0.0,0.0,0.0,0.0,0.0,1.0,0.0
HEAD,0,package zio - object Runtime - object Managed - method apply - <$anon: zio.Runtime.Managed[R]>,0.0,0.0,0.0,0.0,0.0,0.0,0.0,0.0
HEAD,0,package zio - object Runtime - method apply - <$anon: zio.Runtime[R]>,0.0,0.0,0.0,0.0,0.0,0.0,0.0,0.0
HEAD,0,package zio - class =!=,0.0,0.0,0.0,0.0,0.0,0.0,0.0,0.0
HEAD,0,package zio - object =!=,2.0,0.0,0.0,0.0,0.0,0.0,0.0,0.0
HEAD,0,package zio - object =!= - method neq - <$anon: A =!= B>,0.0,0.0,0.0,0.0,0.0,0.0,0.0,0.0
HEAD,0,package zio - class ExecutionStrategy,0.0,0.0,0.0,0.0,0.0,0.0,0.0,0.0
HEAD,0,package zio - object ExecutionStrategy,0.0,0.0,0.0,0.0,0.0,0.0,0.0,0.0
HEAD,0,package zio - object ExecutionStrategy - object Sequential,0.0,0.0,0.0,0.0,0.0,0.0,0.0,0.0
HEAD,0,package zio - object ExecutionStrategy - object Parallel,0.0,0.0,0.0,0.0,0.0,0.0,0.0,0.0
HEAD,0,package zio - object ExecutionStrategy - class ParallelN,0.0,0.0,0.0,0.0,0.0,0.0,0.0,0.0
HEAD,0,package impl - class AkkaLineNumbersTracer,0.0,0.0,0.0,0.0,0.0,0.0,0.0,0.0
HEAD,0,package impl - object AkkaLineNumbersTracer,0.0,1.0,0.0,0.0,0.0,0.0,0.0,0.0
HEAD,0,package stm - class TSet,0.0,2.0,0.0,0.0,0.0,5.0,7.0,0.0
HEAD,0,package stm - object TSet,0.0,0.0,0.0,0.0,0.0,0.0,0.0,0.0
HEAD,0,package zio - trait ZIOPlatformSpecific,1.0,0.0,0.0,0.0,0.0,0.0,2.0,0.0
HEAD,0,package zio - trait ZIOCompanionPlatformSpecific,0.0,0.0,0.0,0.0,0.0,0.0,0.0,0.0
HEAD,0,package stacktracer - class Tracer,0.0,0.0,0.0,0.0,0.0,0.0,0.0,0.0
HEAD,0,package stacktracer - object Tracer,0.0,0.0,0.0,0.0,1.0,0.0,0.0,0.0
HEAD,0,package stacktracer - object Tracer - method cached - <$anon: zio.internal.stacktracer.Tracer>,0.0,0.0,0.0,0.0,1.0,0.0,0.0,0.0
HEAD,0,package stacktracer - object Tracer - <$anon: zio.internal.stacktracer.Tracer>,0.0,0.0,0.0,0.0,0.0,0.0,0.0,0.0
HEAD,0,package zio - class ArrayFillBenchmark,0.0,1.0,1.0,0.0,0.0,4.0,0.0,0.0
HEAD,0,package <empty> - object MimaSettings,0.0,0.0,0.0,0.0,0.0,0.0,0.0,0.0
HEAD,0,package zio - class ChunkBuilder,0.0,0.0,0.0,0.0,0.0,0.0,0.0,0.0
HEAD,0,package zio - object ChunkBuilder,1.0,2.0,1.0,8.0,5.0,0.0,0.0,0.0
HEAD,0,package zio - object ChunkBuilder - method make - <$anon: zio.ChunkBuilder[A]>,1.0,0.0,0.0,0.0,5.0,0.0,0.0,0.0
HEAD,0,package zio - object ChunkBuilder - class Boolean,0.0,2.0,1.0,1.0,0.0,0.0,0.0,0.0
HEAD,0,package zio - object ChunkBuilder - class Byte,0.0,0.0,0.0,1.0,0.0,0.0,0.0,0.0
HEAD,0,package zio - object ChunkBuilder - class Char,0.0,0.0,0.0,1.0,0.0,0.0,0.0,0.0
HEAD,0,package zio - object ChunkBuilder - class Double,0.0,0.0,0.0,1.0,0.0,0.0,0.0,0.0
HEAD,0,package zio - object ChunkBuilder - class Float,0.0,0.0,0.0,1.0,0.0,0.0,0.0,0.0
HEAD,0,package zio - object ChunkBuilder - class Int,0.0,0.0,0.0,1.0,0.0,0.0,0.0,0.0
HEAD,0,package zio - object ChunkBuilder - class Long,0.0,0.0,0.0,1.0,0.0,0.0,0.0,0.0
HEAD,0,package zio - object ChunkBuilder - class Short,0.0,0.0,0.0,1.0,0.0,0.0,0.0,0.0
HEAD,0,package internal - class Tracing,0.0,0.0,0.0,0.0,0.0,0.0,0.0,0.0
HEAD,0,package internal - object Tracing,0.0,0.0,0.0,0.0,0.0,0.0,0.0,0.0
HEAD,0,package chunks - class ChunkCreationBenchmarks,0.0,0.0,0.0,0.0,0.0,0.0,0.0,0.0
HEAD,0,package internal - class MergeAllParBenchmark,0.0,0.0,0.0,0.0,0.0,4.0,1.0,0.0
HEAD,0,package zio - trait ChunkPlatformSpecific,0.0,0.0,17.0,0.0,0.0,0.0,0.0,0.0
HEAD,0,package zio - trait ChunkPlatformSpecific - object Tags,0.0,0.0,17.0,0.0,0.0,0.0,0.0,0.0
HEAD,0,package internal - class RoundtripBenchmark,0.0,0.0,0.0,0.0,0.0,0.0,2.0,0.0
HEAD,0,package zio - trait ChunkLike,6.0,0.0,1.0,0.0,3.0,0.0,6.0,0.0
HEAD,0,package zio - object ChunkLike,2.0,1.0,0.0,0.0,0.0,0.0,0.0,0.0
HEAD,2,package zio - object RIO,31.0,0.0,21.0,0.0,0.0,0.0,70.0,0.0
HEAD,0,package tracing - class TracingConfig,0.0,0.0,0.0,0.0,0.0,0.0,0.0,0.0
HEAD,0,package tracing - object TracingConfig,0.0,0.0,0.0,0.0,0.0,0.0,0.0,0.0
HEAD,0,package fix - object CurriedAssert,0.0,0.0,0.0,0.0,0.0,0.0,0.0,0.0
HEAD,1,package stm - class TArray,2.0,8.0,3.0,1.0,2.0,2.0,27.0,0.0
HEAD,0,package stm - object TArray,0.0,0.0,2.0,0.0,0.0,0.0,0.0,0.0
HEAD,1,package zio - object Ref,0.0,0.0,0.0,0.0,0.0,0.0,0.0,0.0
HEAD,0,package clock - trait PlatformSpecific,0.0,0.0,0.0,0.0,0.0,0.0,1.0,0.0
HEAD,0,package clock - trait PlatformSpecific - <$anon: zio.internal.Scheduler>,0.0,0.0,0.0,0.0,0.0,0.0,1.0,0.0
HEAD,0,package clock - trait PlatformSpecific - <$anon: zio.internal.Scheduler> - method schedule - <$anon: Runnable>,0.0,0.0,0.0,0.0,0.0,0.0,0.0,0.0
HEAD,0,package internal - class OneElementQueueConcBenchmark,0.0,0.0,0.0,0.0,1.0,0.0,0.0,0.0
HEAD,0,package internal - object OneElementQueueConcBenchmark,0.0,0.0,0.0,0.0,0.0,0.0,0.0,0.0
HEAD,0,package internal - object OneElementQueueConcBenchmark - class PollCounters,0.0,0.0,0.0,0.0,0.0,0.0,0.0,0.0
HEAD,0,package internal - object OneElementQueueConcBenchmark - class OfferCounters,0.0,0.0,0.0,0.0,0.0,0.0,0.0,0.0
HEAD,0,package internal - trait PlatformSpecific,0.0,0.0,0.0,0.0,0.0,0.0,1.0,0.0
HEAD,0,package internal - trait PlatformSpecific - method addShutdownHook - <$anon: Thread>,0.0,0.0,0.0,0.0,0.0,0.0,0.0,0.0
HEAD,0,package internal - trait PlatformSpecific - method fromExecutor - <$anon: zio.internal.Platform>,0.0,0.0,0.0,0.0,0.0,0.0,0.0,0.0
HEAD,0,package internal - class JucBlockingQueue,0.0,0.0,0.0,0.0,1.0,0.0,0.0,0.0
HEAD,0,package zio - class IODeepAttemptBenchmark,0.0,10.0,0.0,0.0,0.0,0.0,0.0,0.0
HEAD,0,package zio - class IODeepAttemptBenchmark - class ZIOError,0.0,0.0,0.0,0.0,0.0,0.0,0.0,0.0
HEAD,0,package internal - class StackBool,0.0,1.0,0.0,1.0,5.0,0.0,0.0,0.0
HEAD,0,package internal - object StackBool,0.0,0.0,0.0,0.0,0.0,0.0,0.0,0.0
HEAD,0,package internal - object StackBool - class Entry,0.0,0.0,0.0,0.0,0.0,0.0,0.0,0.0
HEAD,0,package zio - trait ChunkPlatformSpecific,0.0,0.0,1.0,0.0,0.0,1.0,0.0,0.0
HEAD,0,package zio - trait ChunkPlatformSpecific - object Tags,0.0,0.0,1.0,0.0,0.0,1.0,0.0,0.0
HEAD,0,package <empty> - object BuildHelper,1.0,3.0,0.0,0.0,0.0,0.0,0.0,0.0
HEAD,0,package <empty> - object BuildHelper - class ModuleHelper,1.0,0.0,0.0,0.0,0.0,0.0,0.0,0.0
HEAD,9,package zio - trait ZIO,81.0,11.0,33.0,4.0,0.0,4.0,136.0,0.0
HEAD,9,package zio - object ZIO,54.0,10.0,45.0,4.0,0.0,7.0,144.0,0.0
HEAD,0,package zio - object ZIO - method fromFutureInterrupt - <$anon: scala.concurrent.ExecutionContext>,0.0,0.0,0.0,0.0,0.0,1.0,0.0,0.0
HEAD,0,package zio - object ZIO - method reduceAllPar - method prepend - <$anon: Iterable[Z]>,0.0,0.0,0.0,0.0,0.0,0.0,0.0,0.0
HEAD,0,package zio - object ZIO - method reduceAllParN - method prepend - <$anon: Iterable[Z]>,0.0,0.0,0.0,0.0,0.0,0.0,0.0,0.0
HEAD,0,package zio - object ZIO - method replicate - <$anon: Iterable[zio.ZIO[R E A]]>,0.0,0.0,0.0,0.0,0.0,0.0,0.0,0.0
HEAD,0,package zio - object ZIO - class ZIOAutoCloseableOps,1.0,0.0,0.0,0.0,0.0,0.0,1.0,0.0
HEAD,0,package zio - object ZIO - class ZioRefineToOrDieOps,3.0,0.0,1.0,0.0,0.0,0.0,0.0,0.0
HEAD,0,package zio - object ZIO - class ProvideSomeLayer,3.0,0.0,0.0,0.0,0.0,0.0,1.0,0.0
HEAD,0,package zio - object ZIO - class UpdateService,2.0,0.0,1.0,0.0,0.0,0.0,1.0,0.0
HEAD,0,package zio - object ZIO - class CanFilter,0.0,0.0,0.0,0.0,0.0,0.0,0.0,0.0
HEAD,0,package zio - object ZIO - object CanFilter,1.0,0.0,0.0,0.0,0.0,0.0,0.0,0.0
HEAD,0,package zio - object ZIO - object CanFilter - method canFilter - <$anon: zio.ZIO.CanFilter[E]>,0.0,0.0,0.0,0.0,0.0,0.0,0.0,0.0
HEAD,0,package zio - object ZIO - class ZIOWithFilterOps,2.0,0.0,0.0,0.0,0.0,0.0,1.0,0.0
HEAD,0,package zio - object ZIO - class Grafter,0.0,0.0,0.0,0.0,0.0,0.0,0.0,0.0
HEAD,2,package zio - object ZIO - class InterruptStatusRestore,0.0,0.0,0.0,0.0,0.0,0.0,0.0,0.0
HEAD,0,package zio - object ZIO - class IfM,0.0,0.0,0.0,0.0,0.0,0.0,0.0,0.0
HEAD,0,package zio - object ZIO - class UnlessM,0.0,0.0,0.0,0.0,0.0,0.0,0.0,0.0
HEAD,0,package zio - object ZIO - class WhenM,0.0,0.0,0.0,0.0,0.0,0.0,0.0,0.0
HEAD,3,package zio - object ZIO - class TimeoutTo,0.0,0.0,0.0,0.0,0.0,0.0,1.0,0.0
HEAD,0,package zio - object ZIO - class BracketAcquire_,0.0,0.0,0.0,0.0,0.0,0.0,0.0,0.0
HEAD,0,package zio - object ZIO - class BracketRelease_,0.0,0.0,0.0,0.0,0.0,0.0,0.0,0.0
HEAD,0,package zio - object ZIO - class BracketAcquire,0.0,0.0,0.0,0.0,0.0,0.0,1.0,0.0
HEAD,0,package zio - object ZIO - class BracketRelease,0.0,0.0,0.0,0.0,0.0,0.0,2.0,0.0
HEAD,0,package zio - object ZIO - class BracketExitAcquire,0.0,0.0,0.0,0.0,0.0,0.0,1.0,0.0
HEAD,0,package zio - object ZIO - class BracketExitRelease,0.0,0.0,0.0,0.0,0.0,0.0,2.0,0.0
HEAD,1,package zio - object ZIO - class AccessPartiallyApplied,0.0,0.0,0.0,0.0,0.0,0.0,1.0,0.0
HEAD,1,package zio - object ZIO - class AccessMPartiallyApplied,0.0,0.0,0.0,0.0,0.0,0.0,1.0,0.0
HEAD,0,package zio - object ZIO - class ZipLeftFn,0.0,0.0,0.0,0.0,0.0,0.0,1.0,0.0
HEAD,0,package zio - object ZIO - class ZipRightFn,0.0,0.0,0.0,0.0,0.0,1.0,1.0,0.0
HEAD,0,package zio - object ZIO - class TapFn,0.0,0.0,0.0,0.0,0.0,0.0,1.0,0.0
HEAD,0,package zio - object ZIO - class MapFn,0.0,0.0,0.0,0.0,0.0,0.0,1.0,0.0
HEAD,0,package zio - object ZIO - class ConstZIOFn,0.0,0.0,0.0,0.0,0.0,1.0,1.0,0.0
HEAD,0,package zio - object ZIO - class ForkScopeRestore,0.0,0.0,0.0,0.0,0.0,0.0,0.0,0.0
HEAD,0,package zio - object ZIO - class ConstFn,0.0,0.0,0.0,0.0,0.0,1.0,1.0,0.0
HEAD,0,package zio - object ZIO - class BracketReleaseFn,0.0,0.0,0.0,0.0,0.0,1.0,1.0,0.0
HEAD,0,package zio - object ZIO - class SucceedFn,0.0,0.0,0.0,0.0,0.0,0.0,0.0,0.0
HEAD,0,package zio - object ZIO - class MapErrorFn,0.0,0.0,0.0,0.0,0.0,0.0,1.0,0.0
HEAD,0,package zio - object ZIO - class MapErrorCauseFn,0.0,0.0,0.0,0.0,0.0,0.0,1.0,0.0
HEAD,0,package zio - object ZIO - class FoldCauseMFailureFn,0.0,0.0,0.0,0.0,0.0,0.0,1.0,0.0
HEAD,0,package zio - object ZIO - class FoldCauseMFailureTraceFn,0.0,0.0,0.0,0.0,0.0,0.0,1.0,0.0
HEAD,0,package zio - object ZIO - class TapCauseRefailFn,0.0,0.0,0.0,0.0,0.0,0.0,1.0,0.0
HEAD,0,package zio - object ZIO - class TapErrorRefailFn,0.0,0.0,0.0,0.0,0.0,0.0,1.0,0.0
HEAD,0,package zio - object ZIO - class TapErrorTraceRefailFn,0.0,0.0,0.0,0.0,0.0,0.0,1.0,0.0
HEAD,0,package zio - object ZIO - object Tags,0.0,0.0,0.0,0.0,0.0,0.0,0.0,0.0
HEAD,0,package zio - object ZIO - class FlatMap,0.0,0.0,0.0,0.0,0.0,0.0,1.0,0.0
HEAD,0,package zio - object ZIO - class Succeed,0.0,0.0,0.0,0.0,0.0,0.0,0.0,0.0
HEAD,0,package zio - object ZIO - class EffectTotal,0.0,0.0,0.0,0.0,0.0,0.0,1.0,0.0
HEAD,0,package zio - object ZIO - class EffectPartial,0.0,0.0,0.0,0.0,0.0,0.0,1.0,0.0
HEAD,0,package zio - object ZIO - class EffectAsync,0.0,0.0,0.0,0.0,0.0,0.0,1.0,0.0
HEAD,0,package zio - object ZIO - class Fold,0.0,0.0,0.0,0.0,0.0,0.0,2.0,0.0
HEAD,0,package zio - object ZIO - class Fork,0.0,0.0,0.0,0.0,0.0,0.0,0.0,0.0
HEAD,0,package zio - object ZIO - class InterruptStatus,0.0,0.0,0.0,0.0,0.0,0.0,0.0,0.0
HEAD,0,package zio - object ZIO - class CheckInterrupt,0.0,0.0,0.0,0.0,0.0,0.0,1.0,0.0
HEAD,0,package zio - object ZIO - class Fail,0.0,0.0,0.0,0.0,0.0,0.0,3.0,0.0
HEAD,0,package zio - object ZIO - class Descriptor,0.0,0.0,0.0,0.0,0.0,0.0,1.0,0.0
HEAD,0,package zio - object ZIO - class Lock,0.0,0.0,0.0,0.0,0.0,0.0,0.0,0.0
HEAD,0,package zio - object ZIO - object Yield,0.0,0.0,0.0,0.0,0.0,0.0,0.0,0.0
HEAD,0,package zio - object ZIO - class Read,0.0,0.0,0.0,0.0,0.0,0.0,1.0,0.0
HEAD,0,package zio - object ZIO - class Provide,0.0,0.0,0.0,0.0,0.0,0.0,0.0,0.0
HEAD,0,package zio - object ZIO - class EffectSuspendPartialWith,0.0,0.0,0.0,0.0,0.0,0.0,1.0,0.0
HEAD,0,package zio - object ZIO - class EffectSuspendTotalWith,0.0,0.0,0.0,0.0,0.0,0.0,1.0,0.0
HEAD,0,package zio - object ZIO - class FiberRefNew,0.0,0.0,0.0,0.0,0.0,0.0,2.0,0.0
HEAD,0,package zio - object ZIO - class FiberRefModify,0.0,0.0,0.0,0.0,0.0,0.0,1.0,0.0
HEAD,0,package zio - object ZIO - object Trace,0.0,0.0,0.0,0.0,0.0,0.0,0.0,0.0
HEAD,0,package zio - object ZIO - class TracingStatus,0.0,0.0,0.0,0.0,0.0,0.0,0.0,0.0
HEAD,0,package zio - object ZIO - class CheckTracing,0.0,0.0,0.0,0.0,0.0,0.0,1.0,0.0
HEAD,0,package zio - object ZIO - class RaceWith,0.0,0.0,0.0,0.0,0.0,0.0,2.0,0.0
HEAD,0,package zio - object ZIO - class Supervise,0.0,0.0,0.0,0.0,0.0,0.0,0.0,0.0
HEAD,0,package zio - object ZIO - class GetForkScope,0.0,0.0,0.0,0.0,0.0,0.0,1.0,0.0
HEAD,0,package zio - object ZIO - class OverrideForkScope,0.0,0.0,0.0,0.0,0.0,0.0,0.0,0.0
HEAD,0,package zio - object ZIOArray,0.0,0.0,0.0,0.0,0.0,2.0,1.0,0.0
HEAD,0,package zio - object CatsIOArray,0.0,0.0,0.0,0.0,0.0,1.0,1.0,0.0
HEAD,0,package zio - object MonixIOArray,0.0,0.0,0.0,0.0,0.0,1.0,1.0,0.0
HEAD,0,package zio - trait PlatformSpecific,0.0,0.0,6.0,0.0,0.0,0.0,0.0,0.0
HEAD,0,package zio - trait PlatformSpecific - object ZEnv,0.0,0.0,6.0,0.0,0.0,0.0,0.0,0.0
HEAD,0,package zio - trait PlatformSpecific - object ZEnv - object Services,0.0,0.0,0.0,0.0,0.0,0.0,0.0,0.0
HEAD,0,package internal - class OneShot,0.0,0.0,0.0,0.0,4.0,0.0,0.0,0.0
HEAD,0,package internal - object OneShot,0.0,0.0,0.0,0.0,1.0,0.0,0.0,0.0
HEAD,0,package zio - class ZTrace,0.0,0.0,2.0,0.0,1.0,0.0,0.0,0.0
HEAD,0,package zio - object ZTrace,0.0,0.0,0.0,0.0,0.0,0.0,0.0,0.0
HEAD,0,package zio - class CanFail,0.0,0.0,0.0,0.0,0.0,0.0,0.0,0.0
HEAD,0,package zio - object CanFail,2.0,0.0,0.0,0.0,0.0,0.0,0.0,0.0
HEAD,0,package zio - class NeedsEnv,0.0,0.0,0.0,0.0,0.0,0.0,0.0,0.0
HEAD,0,package zio - object NeedsEnv,1.0,0.0,0.0,0.0,0.0,0.0,0.0,0.0
HEAD,0,package stm - class ZSTM,45.0,7.0,17.0,0.0,2.0,0.0,75.0,0.0
HEAD,1,package stm - object ZSTM,22.0,2.0,11.0,2.0,5.0,0.0,33.0,0.0
HEAD,0,package stm - object ZSTM - method replicate - <$anon: Iterable[zio.stm.ZSTM[R E A]]>,0.0,0.0,0.0,0.0,0.0,0.0,0.0,0.0
HEAD,0,package stm - object ZSTM - class AccessPartiallyApplied,0.0,0.0,0.0,0.0,0.0,0.0,1.0,0.0
HEAD,0,package stm - object ZSTM - class AccessMPartiallyApplied,0.0,0.0,0.0,0.0,0.0,0.0,1.0,0.0
HEAD,0,package stm - object ZSTM - class IfM,0.0,0.0,0.0,0.0,0.0,0.0,0.0,0.0
HEAD,0,package stm - object ZSTM - class UnlessM,0.0,0.0,0.0,0.0,0.0,0.0,0.0,0.0
HEAD,0,package stm - object ZSTM - class UpdateService,2.0,0.0,0.0,0.0,0.0,0.0,1.0,0.0
HEAD,0,package stm - object ZSTM - class WhenM,0.0,0.0,0.0,0.0,0.0,0.0,0.0,0.0
HEAD,0,package stm - object ZSTM - class Resumable,0.0,0.0,0.0,0.0,0.0,0.0,0.0,0.0
HEAD,0,package stm - object ZSTM - object internal,0.0,1.0,0.0,1.0,5.0,0.0,2.0,0.0
HEAD,0,package stm - object ZSTM - object internal - class Versioned,0.0,0.0,0.0,0.0,0.0,0.0,0.0,0.0
HEAD,0,package stm - object ZSTM - object internal - class JournalAnalysis,0.0,0.0,0.0,0.0,0.0,0.0,0.0,0.0
HEAD,0,package stm - object ZSTM - object internal - object JournalAnalysis,0.0,0.0,0.0,0.0,0.0,0.0,0.0,0.0
HEAD,0,package stm - object ZSTM - object internal - object JournalAnalysis - object Invalid,0.0,0.0,0.0,0.0,0.0,0.0,0.0,0.0
HEAD,0,package stm - object ZSTM - object internal - object JournalAnalysis - object ReadOnly,0.0,0.0,0.0,0.0,0.0,0.0,0.0,0.0
HEAD,0,package stm - object ZSTM - object internal - object JournalAnalysis - object ReadWrite,0.0,0.0,0.0,0.0,0.0,0.0,0.0,0.0
HEAD,0,package stm - object ZSTM - object internal - <$anon: AnyRef>,0.0,0.0,0.0,0.0,0.0,0.0,0.0,0.0
HEAD,0,package stm - object ZSTM - object internal - class TExit,0.0,0.0,0.0,0.0,0.0,0.0,0.0,0.0
HEAD,0,package stm - object ZSTM - object internal - object TExit,0.0,0.0,0.0,0.0,0.0,0.0,0.0,0.0
HEAD,0,package stm - object ZSTM - object internal - object TExit - class Fail,0.0,0.0,0.0,0.0,0.0,0.0,0.0,0.0
HEAD,0,package stm - object ZSTM - object internal - object TExit - class Succeed,0.0,0.0,0.0,0.0,0.0,0.0,0.0,0.0
HEAD,0,package stm - object ZSTM - object internal - object TExit - object Retry,0.0,0.0,0.0,0.0,0.0,0.0,0.0,0.0
HEAD,0,package stm - object ZSTM - object internal - class Entry,0.0,0.0,0.0,0.0,0.0,0.0,0.0,0.0
HEAD,0,package stm - object ZSTM - object internal - class Entry - method copy - <$anon: zio.stm.ZSTM.internal.Entry>,0.0,0.0,0.0,0.0,0.0,0.0,0.0,0.0
HEAD,0,package stm - object ZSTM - object internal - object Entry,0.0,0.0,0.0,0.0,0.0,0.0,0.0,0.0
HEAD,0,package stm - object ZSTM - object internal - object Entry - method apply - <$anon: zio.stm.ZSTM.internal.Entry>,0.0,0.0,0.0,0.0,0.0,0.0,0.0,0.0
HEAD,0,package stm - object ZSTM - object internal - class TryCommit,0.0,0.0,0.0,0.0,0.0,0.0,0.0,0.0
HEAD,0,package stm - object ZSTM - object internal - object TryCommit,0.0,0.0,0.0,0.0,0.0,0.0,0.0,0.0
HEAD,0,package stm - object ZSTM - object internal - object TryCommit - class Done,0.0,0.0,0.0,0.0,0.0,0.0,0.0,0.0
HEAD,0,package stm - object ZSTM - object internal - object TryCommit - class Suspend,0.0,0.0,0.0,0.0,0.0,0.0,0.0,0.0
HEAD,0,package compression - class Gunzipper,0.0,15.0,5.0,1.0,0.0,0.0,0.0,0.0
HEAD,0,package compression - class Gunzipper - class ParseHeaderStep,0.0,3.0,1.0,0.0,0.0,0.0,0.0,0.0
HEAD,0,package compression - class Gunzipper - class ParseExtraStep,0.0,3.0,1.0,0.0,0.0,0.0,0.0,0.0
HEAD,0,package compression - class Gunzipper - class SkipCommentsStep,0.0,2.0,0.0,0.0,0.0,0.0,0.0,0.0
HEAD,0,package compression - class Gunzipper - class CheckCrc16Step,0.0,2.0,1.0,0.0,0.0,0.0,0.0,0.0
HEAD,0,package compression - class Gunzipper - class Decompress,0.0,1.0,0.0,1.0,0.0,0.0,0.0,0.0
HEAD,0,package compression - class Gunzipper - class CheckTrailerStep,0.0,4.0,1.0,0.0,0.0,0.0,0.0,0.0
HEAD,0,package compression - object Gunzipper,0.0,0.0,0.0,0.0,0.0,0.0,0.0,0.0
HEAD,0,package compression - object Gunzipper - trait State,0.0,0.0,0.0,0.0,0.0,0.0,0.0,0.0
HEAD,0,package zio - class IOShallowAttemptBenchmark,0.0,13.0,0.0,0.0,0.0,0.0,0.0,0.0
HEAD,0,package zio - class IOShallowAttemptBenchmark - class ZIOError,0.0,0.0,0.0,0.0,0.0,0.0,0.0,0.0
HEAD,0,package internal - class ZReader,0.0,0.0,0.0,0.0,0.0,0.0,0.0,0.0
HEAD,0,package internal - object ZReader,0.0,0.0,0.0,0.0,0.0,0.0,0.0,0.0
HEAD,1,package internal - class Stack,0.0,0.0,1.0,0.0,15.0,0.0,0.0,0.0
HEAD,0,package internal - object Stack,0.0,0.0,0.0,0.0,0.0,0.0,0.0,0.0
HEAD,0,package zio - package clock - package object clock,0.0,6.0,6.0,0.0,0.0,0.0,1.0,0.0
HEAD,0,package zio - package clock - package object clock - object Clock,0.0,1.0,1.0,0.0,0.0,0.0,1.0,0.0
HEAD,0,package zio - package clock - package object clock - object Clock - trait Service,0.0,0.0,0.0,0.0,0.0,0.0,0.0,0.0
HEAD,0,package zio - package clock - package object clock - object Clock - object Service,0.0,1.0,0.0,0.0,0.0,0.0,1.0,0.0
HEAD,0,package zio - package clock - package object clock - object Clock - object Service - <$anon: zio.clock.Clock.Service>,0.0,1.0,0.0,0.0,0.0,0.0,1.0,0.0
HEAD,0,package impls - class AsmTracer,0.0,0.0,0.0,0.0,1.0,0.0,0.0,0.0
HEAD,0,package impls - object AsmTracer,0.0,0.0,0.0,0.0,1.0,0.0,0.0,0.0
HEAD,0,package impls - object AsmTracer - class MethodSearchVisitor,0.0,0.0,0.0,0.0,1.0,0.0,0.0,0.0
HEAD,0,package impls - object AsmTracer - class MethodSearchVisitor - method visitMethod - <$anon: <error>>,0.0,0.0,0.0,0.0,0.0,0.0,0.0,0.0
HEAD,0,package internal - object PlatformConstants,0.0,0.0,0.0,0.0,0.0,0.0,0.0,0.0
HEAD,0,package stacktracer - class TracersBenchmark,0.0,0.0,0.0,0.0,0.0,0.0,0.0,0.0
HEAD,0,package stacktracer - object TracersBenchmark,0.0,0.0,0.0,0.0,0.0,0.0,0.0,0.0
HEAD,0,package internal - class PollBenchmark,0.0,0.0,0.0,0.0,1.0,0.0,0.0,0.0
HEAD,0,package internal - class OneElementConcurrentQueue,0.0,0.0,0.0,0.0,7.0,0.0,0.0,0.0
HEAD,0,package internal - class NotThreadSafeQueue,0.0,0.0,1.0,0.0,2.0,0.0,0.0,0.0
HEAD,0,package stm - class TArrayOpsBenchmarks,0.0,1.0,0.0,0.0,0.0,0.0,0.0,0.0
HEAD,1,package zio - package stream - package object stream,0.0,0.0,0.0,0.0,0.0,0.0,0.0,0.0
HEAD,0,package internal - object RingBuffer,0.0,2.0,0.0,0.0,0.0,0.0,0.0,0.0
HEAD,0,package internal - class RingBuffer,0.0,1.0,0.0,0.0,1.0,0.0,0.0,0.0
HEAD,0,package zio - package stm - package object stm,0.0,0.0,0.0,0.0,0.0,0.0,0.0,0.0
HEAD,0,package zio - class CanFail,0.0,0.0,0.0,0.0,0.0,0.0,0.0,0.0
HEAD,0,package zio - object CanFail,1.0,0.0,0.0,0.0,0.0,0.0,0.0,0.0
HEAD,0,package zio - class IODeepFlatMapBenchmark,0.0,4.0,0.0,0.0,0.0,0.0,0.0,0.0
HEAD,0,package internal - class Scheduler,0.0,0.0,0.0,0.0,0.0,0.0,0.0,0.0
HEAD,0,package internal - object Scheduler,0.0,0.0,0.0,0.0,0.0,0.0,1.0,0.0
HEAD,0,package internal - object Scheduler - method fromScheduledExecutorService - <$anon: zio.internal.Scheduler>,0.0,0.0,0.0,0.0,0.0,0.0,1.0,0.0
HEAD,0,package internal - object Scheduler - method fromScheduledExecutorService - <$anon: zio.internal.Scheduler> - method schedule - <$anon: Runnable>,0.0,0.0,0.0,0.0,0.0,0.0,0.0,0.0
HEAD,0,package internal - object FiberRenderer,0.0,2.0,1.0,0.0,0.0,0.0,0.0,0.0
HEAD,0,package internal - class ProducerConsumerBenchmark,0.0,0.0,0.0,0.0,1.0,0.0,0.0,0.0
HEAD,0,package internal - object ProducerConsumerBenchmark,0.0,0.0,0.0,0.0,0.0,0.0,0.0,0.0
HEAD,0,package internal - object ProducerConsumerBenchmark - class PollCounters,0.0,0.0,0.0,0.0,0.0,0.0,0.0,0.0
HEAD,0,package internal - object ProducerConsumerBenchmark - class OfferCounters,0.0,0.0,0.0,0.0,0.0,0.0,0.0,0.0
HEAD,0,package zio - class Chunk,12.0,4.0,6.0,3.0,8.0,0.0,47.0,0.0
HEAD,3,package zio - object Chunk,10.0,7.0,14.0,1.0,8.0,5.0,27.0,0.0
HEAD,0,package zio - object Chunk - class AppendN,0.0,1.0,1.0,0.0,0.0,1.0,0.0,0.0
HEAD,0,package zio - object Chunk - class PrependN,0.0,0.0,1.0,0.0,0.0,1.0,0.0,0.0
HEAD,2,package zio - object Chunk - class Arr,0.0,1.0,0.0,1.0,8.0,0.0,13.0,0.0
HEAD,1,package zio - object Chunk - class Concat,0.0,0.0,0.0,0.0,0.0,0.0,1.0,0.0
HEAD,0,package zio - object Chunk - class Singleton,0.0,0.0,1.0,0.0,0.0,1.0,1.0,0.0
HEAD,0,package zio - object Chunk - class Slice,0.0,0.0,0.0,0.0,0.0,0.0,1.0,0.0
HEAD,0,package zio - object Chunk - class VectorChunk,0.0,0.0,0.0,0.0,0.0,1.0,1.0,0.0
HEAD,0,package zio - object Chunk - class BitChunk,0.0,4.0,1.0,0.0,0.0,0.0,1.0,0.0
HEAD,1,package zio - object Chunk - object Empty,1.0,0.0,1.0,0.0,0.0,1.0,1.0,0.0
HEAD,0,package zio - object Chunk - class AnyRefArray,0.0,0.0,0.0,0.0,0.0,0.0,0.0,0.0
HEAD,0,package zio - object Chunk - class ByteArray,1.0,0.0,0.0,0.0,0.0,0.0,1.0,0.0
HEAD,0,package zio - object Chunk - class CharArray,1.0,0.0,0.0,0.0,0.0,0.0,1.0,0.0
HEAD,0,package zio - object Chunk - class IntArray,1.0,0.0,0.0,0.0,0.0,0.0,1.0,0.0
HEAD,0,package zio - object Chunk - class LongArray,1.0,0.0,0.0,0.0,0.0,0.0,1.0,0.0
HEAD,0,package zio - object Chunk - class DoubleArray,1.0,0.0,0.0,0.0,0.0,0.0,1.0,0.0
HEAD,0,package zio - object Chunk - class FloatArray,1.0,0.0,0.0,0.0,0.0,0.0,1.0,0.0
HEAD,0,package zio - object Chunk - class ShortArray,1.0,0.0,0.0,0.0,0.0,0.0,1.0,0.0
HEAD,0,package zio - object Chunk - class BooleanArray,1.0,0.0,0.0,0.0,0.0,0.0,1.0,0.0
HEAD,0,package zio - class =!=,0.0,0.0,0.0,0.0,0.0,0.0,0.0,0.0
HEAD,0,package zio - object =!=,3.0,0.0,0.0,0.0,0.0,0.0,0.0,0.0
HEAD,0,package zio - object =!= - method neq - <$anon: A =!= B>,0.0,0.0,0.0,0.0,0.0,0.0,0.0,0.0
HEAD,0,package zio - class Reservation,0.0,0.0,0.0,0.0,0.0,0.0,1.0,0.0
HEAD,4,package zio - class ZManaged,52.0,4.0,23.0,1.0,0.0,0.0,71.0,0.0
HEAD,7,package zio - object ZManaged,28.0,10.0,38.0,1.0,0.0,1.0,61.0,0.0
HEAD,0,package zio - object ZManaged - class AccessPartiallyApplied,0.0,0.0,0.0,0.0,0.0,0.0,1.0,0.0
HEAD,0,package zio - object ZManaged - class AccessMPartiallyApplied,0.0,0.0,0.0,0.0,0.0,0.0,1.0,0.0
HEAD,0,package zio - object ZManaged - class AccessManagedPartiallyApplied,0.0,0.0,0.0,0.0,0.0,0.0,1.0,0.0
HEAD,0,package zio - object ZManaged - object Finalizer,0.0,0.0,0.0,0.0,0.0,0.0,1.0,0.0
HEAD,0,package zio - object ZManaged - class IfM,0.0,0.0,0.0,0.0,0.0,0.0,0.0,0.0
HEAD,0,package zio - object ZManaged - class ProvideSomeLayer,3.0,0.0,0.0,0.0,0.0,0.0,1.0,0.0
HEAD,0,package zio - object ZManaged - class UnlessM,0.0,0.0,0.0,0.0,0.0,0.0,0.0,0.0
HEAD,0,package zio - object ZManaged - class UpdateService,2.0,0.0,1.0,0.0,0.0,0.0,1.0,0.0
HEAD,0,package zio - object ZManaged - class WhenM,0.0,0.0,0.0,0.0,0.0,0.0,0.0,0.0
HEAD,0,package zio - object ZManaged - class ReleaseMap,0.0,0.0,0.0,0.0,0.0,0.0,3.0,0.0
HEAD,1,package zio - object ZManaged - object ReleaseMap,0.0,9.0,7.0,0.0,0.0,0.0,4.0,0.0
HEAD,0,package zio - object ZManaged - object ReleaseMap - method make - class State,0.0,0.0,0.0,0.0,0.0,0.0,0.0,0.0
HEAD,0,package zio - object ZManaged - object ReleaseMap - method make - class Exited,0.0,0.0,0.0,0.0,0.0,0.0,0.0,0.0
HEAD,0,package zio - object ZManaged - object ReleaseMap - method make - class Running,0.0,0.0,0.0,0.0,0.0,0.0,0.0,0.0
HEAD,1,package zio - object ZManaged - object ReleaseMap - method make - <$anon: zio.ZManaged.ReleaseMap>,0.0,9.0,7.0,0.0,0.0,0.0,4.0,0.0
HEAD,0,package zio - object ZManaged - method apply - <$anon: zio.ZManaged[R E A]>,0.0,0.0,0.0,0.0,0.0,0.0,0.0,0.0
HEAD,0,package zio - object ZManaged - class PreallocationScope,0.0,0.0,0.0,0.0,0.0,0.0,0.0,0.0
HEAD,0,package zio - object ZManaged - <$anon: zio.ZManaged.PreallocationScope>,0.0,0.0,0.0,0.0,0.0,0.0,0.0,0.0
HEAD,0,package zio - object ZManaged - class Scope,0.0,0.0,0.0,0.0,0.0,0.0,0.0,0.0
HEAD,0,package zio - object ZManaged - <$anon: zio.ZManaged.Scope>,0.0,0.0,0.0,0.0,0.0,0.0,0.0,0.0
HEAD,0,package zio - object ZManaged - class RefineToOrDieOps,3.0,0.0,1.0,0.0,0.0,0.0,0.0,0.0
HEAD,0,package zio - trait App,0.0,0.0,0.0,0.0,0.0,0.0,0.0,0.0
HEAD,0,package internal - trait ExecutorPlatformSpecific,0.0,0.0,0.0,0.0,0.0,0.0,0.0,0.0
HEAD,0,package zio - class ZRefM,0.0,0.0,0.0,0.0,0.0,0.0,36.0,0.0
HEAD,0,package zio - object ZRefM,1.0,0.0,0.0,0.0,0.0,0.0,35.0,0.0
HEAD,0,package zio - object ZRefM - class Atomic,0.0,0.0,0.0,0.0,0.0,0.0,9.0,0.0
HEAD,0,package zio - object ZRefM - class Atomic - method foldM - <$anon: zio.ZRefM.Derived[RC RD EC ED C D]>,0.0,0.0,0.0,0.0,0.0,0.0,0.0,0.0
HEAD,0,package zio - object ZRefM - class Atomic - method foldAllM - <$anon: zio.ZRefM.DerivedAll[RC RD EC ED C D]>,0.0,0.0,0.0,0.0,0.0,0.0,0.0,0.0
HEAD,0,package zio - object ZRefM - class Derived,0.0,0.0,0.0,0.0,0.0,0.0,9.0,0.0
HEAD,0,package zio - object ZRefM - class Derived - method foldM - <$anon: zio.ZRefM.Derived[RC RD EC ED C D]>,0.0,0.0,0.0,0.0,0.0,0.0,0.0,0.0
HEAD,0,package zio - object ZRefM - class Derived - method foldAllM - <$anon: zio.ZRefM.DerivedAll[RC RD EC ED C D]>,0.0,0.0,0.0,0.0,0.0,0.0,0.0,0.0
HEAD,0,package zio - object ZRefM - class DerivedAll,0.0,0.0,0.0,0.0,0.0,0.0,9.0,0.0
HEAD,0,package zio - object ZRefM - class DerivedAll - method foldM - <$anon: zio.ZRefM.DerivedAll[RC RD EC ED C D]>,0.0,0.0,0.0,0.0,0.0,0.0,0.0,0.0
HEAD,0,package zio - object ZRefM - class DerivedAll - method foldAllM - <$anon: zio.ZRefM.DerivedAll[RC RD EC ED C D]>,0.0,0.0,0.0,0.0,0.0,0.0,0.0,0.0
HEAD,0,package zio - object ZRefM - class UnifiedSyntax,1.0,0.0,0.0,0.0,0.0,0.0,8.0,0.0
HEAD,0,package zio - class QueueBackPressureBenchmark,0.0,0.0,4.0,0.0,0.0,0.0,0.0,0.0
HEAD,0,package interop - object javaz,0.0,0.0,0.0,0.0,0.0,0.0,6.0,0.0
HEAD,0,package interop - object javaz - method effectAsyncWithCompletionHandler - <$anon: java.nio.channels.CompletionHandler[T Any]>,0.0,0.0,0.0,0.0,0.0,0.0,0.0,0.0
HEAD,0,package interop - object javaz - object CompletableFuture_,0.0,0.0,0.0,0.0,0.0,0.0,0.0,0.0
HEAD,0,package zio - class ZQueue,0.0,0.0,7.0,0.0,0.0,2.0,12.0,0.0
HEAD,0,package zio - class ZQueue - method bothWithM - <$anon: zio.ZQueue[RA1 R3 EA1 E3 A1 D]>,0.0,0.0,2.0,0.0,0.0,2.0,0.0,0.0
HEAD,0,package zio - class ZQueue - method dimapM - <$anon: zio.ZQueue[RC RD EC ED C D]>,0.0,0.0,3.0,0.0,0.0,0.0,0.0,0.0
HEAD,0,package zio - class ZQueue - method filterInputM - <$anon: zio.ZQueue[R2 RB E2 EB A1 B]>,0.0,0.0,2.0,0.0,0.0,0.0,0.0,0.0
HEAD,0,package zio - object ZQueue,0.0,0.0,2.0,1.0,13.0,0.0,0.0,0.0
HEAD,0,package zio - object ZQueue - object internal,0.0,0.0,1.0,1.0,10.0,0.0,0.0,0.0
HEAD,0,package zio - object ZQueue - object internal - class Strategy,0.0,0.0,0.0,0.0,3.0,0.0,0.0,0.0
HEAD,0,package zio - object ZQueue - object internal - class Sliding,0.0,0.0,0.0,1.0,1.0,0.0,0.0,0.0
HEAD,0,package zio - object ZQueue - object internal - class Dropping,0.0,0.0,0.0,0.0,0.0,0.0,0.0,0.0
HEAD,0,package zio - object ZQueue - object internal - class BackPressure,0.0,0.0,1.0,0.0,2.0,0.0,0.0,0.0
HEAD,0,package zio - object ZQueue - method unsafeCreate - <$anon: zio.ZQueue[Any Any Nothing Nothing A A]>,0.0,0.0,1.0,0.0,3.0,0.0,0.0,0.0
HEAD,0,package stm - class TReentrantLock,0.0,0.0,0.0,1.0,0.0,0.0,0.0,0.0
HEAD,1,package stm - object TReentrantLock,0.0,1.0,1.0,0.0,0.0,0.0,0.0,0.0
HEAD,0,package stm - object TReentrantLock - class LockState,0.0,0.0,0.0,0.0,0.0,0.0,0.0,0.0
HEAD,0,package stm - object TReentrantLock - class WriteLock,0.0,0.0,0.0,0.0,0.0,0.0,0.0,0.0
HEAD,0,package stm - object TReentrantLock - class ReadLock,0.0,0.0,1.0,0.0,0.0,0.0,0.0,0.0
HEAD,0,package stm - object TReentrantLock - object ReadLock,0.0,1.0,0.0,0.0,0.0,0.0,0.0,0.0
HEAD,0,package zio - trait EitherCompat,1.0,0.0,0.0,0.0,0.0,0.0,2.0,0.0
HEAD,0,package zio - trait EitherCompat - class EitherOps,1.0,0.0,0.0,0.0,0.0,0.0,2.0,0.0
HEAD,0,package stm - class ZTRef,0.0,0.0,0.0,0.0,0.0,0.0,22.0,0.0
HEAD,0,package stm - object ZTRef,1.0,8.0,3.0,3.0,0.0,0.0,43.0,0.0
HEAD,0,package stm - object ZTRef - class Atomic,0.0,0.0,0.0,0.0,0.0,0.0,17.0,0.0
HEAD,0,package stm - object ZTRef - class Atomic - method fold - <$anon: zio.stm.ZTRef.Derived[EC ED C D]>,0.0,0.0,0.0,0.0,0.0,0.0,0.0,0.0
HEAD,0,package stm - object ZTRef - class Atomic - method foldAll - <$anon: zio.stm.ZTRef.DerivedAll[EC ED C D]>,0.0,0.0,0.0,0.0,0.0,0.0,0.0,0.0
HEAD,0,package stm - object ZTRef - class Derived,0.0,0.0,0.0,0.0,0.0,0.0,9.0,0.0
HEAD,0,package stm - object ZTRef - class Derived - method fold - <$anon: zio.stm.ZTRef.Derived[EC ED C D]>,0.0,0.0,0.0,0.0,0.0,0.0,0.0,0.0
HEAD,0,package stm - object ZTRef - class Derived - method foldAll - <$anon: zio.stm.ZTRef.DerivedAll[EC ED C D]>,0.0,0.0,0.0,0.0,0.0,0.0,0.0,0.0
HEAD,0,package stm - object ZTRef - class DerivedAll,0.0,0.0,1.0,1.0,0.0,0.0,9.0,0.0
HEAD,0,package stm - object ZTRef - class DerivedAll - method fold - <$anon: zio.stm.ZTRef.DerivedAll[EC ED C D]>,0.0,0.0,0.0,0.0,0.0,0.0,0.0,0.0
HEAD,0,package stm - object ZTRef - class DerivedAll - method foldAll - <$anon: zio.stm.ZTRef.DerivedAll[EC ED C D]>,0.0,0.0,0.0,0.0,0.0,0.0,0.0,0.0
HEAD,0,package stm - object ZTRef - class UnifiedSyntax,1.0,8.0,2.0,2.0,0.0,0.0,8.0,0.0
HEAD,0,package internal - class ForeachPar_Benchmark,0.0,1.0,0.0,0.0,0.0,0.0,1.0,0.0
HEAD,0,package zio - trait FiberPlatformSpecific,0.0,0.0,0.0,0.0,0.0,0.0,0.0,0.0
HEAD,0,package internal - object BenchUtils,0.0,0.0,0.0,0.0,0.0,0.0,0.0,0.0
HEAD,0,package zio - trait TaskPlatformSpecific,0.0,0.0,0.0,0.0,0.0,0.0,0.0,0.0
HEAD,0,package zio - class ExitCode,0.0,0.0,0.0,0.0,0.0,0.0,0.0,0.0
HEAD,0,package zio - object ExitCode,0.0,0.0,0.0,0.0,0.0,0.0,0.0,0.0
HEAD,0,package chunks - class ChunkAppendBenchmarks,0.0,0.0,0.0,0.0,0.0,0.0,0.0,0.0
HEAD,0,package zio - trait TaskPlatformSpecific,0.0,0.0,0.0,0.0,0.0,0.0,1.0,0.0
HEAD,0,package internal - class OneElementConcurrentQueue,0.0,0.0,0.0,0.0,5.0,0.0,0.0,0.0
HEAD,0,package internal - class ZInputStream,0.0,0.0,0.0,0.0,0.0,0.0,0.0,0.0
HEAD,0,package internal - object ZInputStream,0.0,0.0,0.0,0.0,0.0,0.0,0.0,0.0
HEAD,0,package zio - class IOLeftBindBenchmark,0.0,0.0,0.0,0.0,0.0,0.0,0.0,0.0
HEAD,17,package stream - class ZStream,38.0,18.0,44.0,7.0,0.0,38.0,133.0,0.0
HEAD,2,package stream - class ZStream - method catchAllCause - class State,0.0,0.0,0.0,0.0,0.0,0.0,0.0,0.0
HEAD,1,package stream - class ZStream - method catchAllCause - object NotStarted,0.0,0.0,0.0,0.0,0.0,0.0,0.0,0.0
HEAD,1,package stream - class ZStream - method catchAllCause - class Self,0.0,0.0,0.0,0.0,0.0,0.0,0.0,0.0
HEAD,1,package stream - class ZStream - method catchAllCause - class Other,0.0,0.0,0.0,0.0,0.0,0.0,0.0,0.0
HEAD,0,package stream - class ZStream - method chunkN - class State,0.0,0.0,0.0,0.0,0.0,0.0,0.0,0.0
HEAD,0,package stream - class ZStream - method debounce - class State,0.0,0.0,0.0,0.0,0.0,0.0,0.0,0.0
HEAD,0,package stream - class ZStream - method debounce - object NotStarted,0.0,0.0,0.0,0.0,0.0,0.0,0.0,0.0
HEAD,0,package stream - class ZStream - method debounce - class Previous,0.0,0.0,0.0,0.0,0.0,0.0,0.0,0.0
HEAD,0,package stream - class ZStream - method debounce - class Current,0.0,0.0,0.0,0.0,0.0,0.0,0.0,0.0
HEAD,0,package stream - class ZStream - method debounce - object Done,0.0,0.0,0.0,0.0,0.0,0.0,0.0,0.0
HEAD,0,package stream - class ZStream - method timeoutTo - object StreamTimeout,0.0,0.0,0.0,0.0,0.0,0.0,0.0,0.0
HEAD,0,package stream - class ZStream - method zipAllWith - trait Status,0.0,0.0,0.0,0.0,0.0,0.0,0.0,0.0
HEAD,0,package stream - class ZStream - method zipAllWith - object Running,0.0,0.0,0.0,0.0,0.0,0.0,0.0,0.0
HEAD,0,package stream - class ZStream - method zipAllWith - object LeftDone,0.0,0.0,0.0,0.0,0.0,0.0,0.0,0.0
HEAD,0,package stream - class ZStream - method zipAllWith - object RightDone,0.0,0.0,0.0,0.0,0.0,0.0,0.0,0.0
HEAD,0,package stream - class ZStream - method zipAllWith - object End,0.0,0.0,0.0,0.0,0.0,0.0,0.0,0.0
HEAD,1,package stream - class ZStream - method zipWith - trait State,0.0,0.0,0.0,0.0,0.0,0.0,0.0,0.0
HEAD,1,package stream - class ZStream - method zipWith - class Running,0.0,0.0,0.0,0.0,0.0,0.0,0.0,0.0
HEAD,0,package stream - class ZStream - method zipWith - class LeftDone,0.0,0.0,0.0,0.0,0.0,0.0,0.0,0.0
HEAD,0,package stream - class ZStream - method zipWith - class RightDone,0.0,0.0,0.0,0.0,0.0,0.0,0.0,0.0
HEAD,1,package stream - class ZStream - method zipWith - object End,0.0,0.0,0.0,0.0,0.0,0.0,0.0,0.0
HEAD,5,package stream - object ZStream,18.0,18.0,15.0,7.0,0.0,2.0,25.0,0.0
HEAD,0,package stream - object ZStream - method apply - <$anon: zio.stream.ZStream[R E O]>,0.0,0.0,0.0,0.0,0.0,0.0,0.0,0.0
HEAD,0,package stream - object ZStream - method fromIterator - object StreamEnd,0.0,0.0,0.0,0.0,0.0,0.0,0.0,0.0
HEAD,0,package stream - object ZStream - method fromJavaIterator - <$anon: Iterator[A]>,0.0,0.0,0.0,0.0,0.0,0.0,0.0,0.0
HEAD,0,package stream - object ZStream - method fromJavaIteratorTotal - <$anon: Iterator[A]>,0.0,0.0,0.0,0.0,0.0,0.0,0.0,0.0
HEAD,0,package stream - object ZStream - class AccessPartiallyApplied,0.0,0.0,0.0,0.0,0.0,0.0,1.0,0.0
HEAD,0,package stream - object ZStream - class AccessMPartiallyApplied,0.0,0.0,0.0,0.0,0.0,0.0,1.0,0.0
HEAD,0,package stream - object ZStream - class AccessStreamPartiallyApplied,0.0,0.0,0.0,0.0,0.0,0.0,1.0,0.0
HEAD,1,package stream - object ZStream - class GroupBy,0.0,0.0,1.0,0.0,0.0,0.0,2.0,0.0
HEAD,1,package stream - object ZStream - class ProvideSomeLayer,3.0,0.0,0.0,0.0,0.0,0.0,1.0,0.0
HEAD,0,package stream - object ZStream - class UpdateService,2.0,0.0,1.0,0.0,0.0,0.0,1.0,0.0
HEAD,1,package stream - object ZStream - object Pull,0.0,0.0,0.0,0.0,0.0,0.0,0.0,0.0
HEAD,0,package stream - object ZStream - object Take,0.0,0.0,0.0,0.0,0.0,0.0,0.0,0.0
HEAD,0,package stream - object ZStream - class BufferedPull,0.0,2.0,2.0,0.0,0.0,0.0,0.0,0.0
HEAD,0,package stream - object ZStream - object BufferedPull,0.0,1.0,0.0,0.0,0.0,0.0,0.0,0.0
HEAD,1,package stream - object ZStream - class Handoff,0.0,3.0,3.0,0.0,0.0,0.0,0.0,0.0
HEAD,0,package stream - object ZStream - object Handoff,0.0,0.0,0.0,0.0,0.0,0.0,0.0,0.0
HEAD,0,package stream - object ZStream - object Handoff - trait State,0.0,0.0,0.0,0.0,0.0,0.0,0.0,0.0
HEAD,0,package stream - object ZStream - object Handoff - object State,0.0,0.0,0.0,0.0,0.0,0.0,0.0,0.0
HEAD,0,package stream - object ZStream - object Handoff - object State - class Empty,0.0,0.0,0.0,0.0,0.0,0.0,0.0,0.0
HEAD,0,package stream - object ZStream - object Handoff - object State - class Full,0.0,0.0,0.0,0.0,0.0,0.0,0.0,0.0
HEAD,0,package stream - object ZStream - trait TerminationStrategy,0.0,0.0,0.0,0.0,0.0,0.0,0.0,0.0
HEAD,0,package stream - object ZStream - object TerminationStrategy,0.0,0.0,0.0,0.0,0.0,0.0,0.0,0.0
HEAD,0,package stream - object ZStream - object TerminationStrategy - object Left,0.0,0.0,0.0,0.0,0.0,0.0,0.0,0.0
HEAD,0,package stream - object ZStream - object TerminationStrategy - object Right,0.0,0.0,0.0,0.0,0.0,0.0,0.0,0.0
HEAD,0,package stream - object ZStream - object TerminationStrategy - object Both,0.0,0.0,0.0,0.0,0.0,0.0,0.0,0.0
HEAD,0,package stream - object ZStream - object TerminationStrategy - object Either,0.0,0.0,0.0,0.0,0.0,0.0,0.0,0.0
HEAD,0,package stream - object ZStream - class RefineToOrDieOps,3.0,0.0,1.0,0.0,0.0,0.0,0.0,0.0
HEAD,0,package zio - trait FutureTransformCompat,2.0,0.0,0.0,0.0,0.0,0.0,2.0,0.0
HEAD,0,package zio - class ChunkBuilder,0.0,0.0,0.0,0.0,0.0,0.0,0.0,0.0
HEAD,0,package zio - object ChunkBuilder,1.0,1.0,2.0,8.0,5.0,0.0,0.0,0.0
HEAD,0,package zio - object ChunkBuilder - method make - <$anon: zio.ChunkBuilder[A]>,1.0,0.0,1.0,0.0,5.0,0.0,0.0,0.0
HEAD,0,package zio - object ChunkBuilder - class Boolean,0.0,1.0,1.0,1.0,0.0,0.0,0.0,0.0
HEAD,0,package zio - object ChunkBuilder - class Byte,0.0,0.0,0.0,1.0,0.0,0.0,0.0,0.0
HEAD,0,package zio - object ChunkBuilder - class Char,0.0,0.0,0.0,1.0,0.0,0.0,0.0,0.0
HEAD,0,package zio - object ChunkBuilder - class Double,0.0,0.0,0.0,1.0,0.0,0.0,0.0,0.0
HEAD,0,package zio - object ChunkBuilder - class Float,0.0,0.0,0.0,1.0,0.0,0.0,0.0,0.0
HEAD,0,package zio - object ChunkBuilder - class Int,0.0,0.0,0.0,1.0,0.0,0.0,0.0,0.0
HEAD,0,package zio - object ChunkBuilder - class Long,0.0,0.0,0.0,1.0,0.0,0.0,0.0,0.0
HEAD,0,package zio - object ChunkBuilder - class Short,0.0,0.0,0.0,1.0,0.0,0.0,0.0,0.0
HEAD,0,package zio - trait BuildFromCompat,0.0,0.0,0.0,0.0,0.0,0.0,0.0,0.0
HEAD,0,package zio - trait FutureTransformCompat,0.0,0.0,0.0,0.0,0.0,0.0,0.0,0.0
HEAD,0,package compression - class CompressionException,0.0,0.0,0.0,0.0,0.0,0.0,0.0,0.0
HEAD,0,package compression - object CompressionException,0.0,0.0,0.0,0.0,1.0,0.0,0.0,0.0
HEAD,0,package internal - trait PlatformSpecific,0.0,0.0,0.0,0.0,0.0,1.0,1.0,0.0
HEAD,0,package internal - trait PlatformSpecific - method fromExecutor - <$anon: zio.internal.Platform>,0.0,0.0,0.0,0.0,0.0,0.0,0.0,0.0
HEAD,0,package fix - class CurriedAssert,1.0,0.0,0.0,0.0,0.0,0.0,0.0,0.0
HEAD,0,package internal - class DefaultExecutors,0.0,0.0,0.0,0.0,0.0,0.0,0.0,0.0
HEAD,0,package zio - class GenBenchmarks,0.0,0.0,0.0,0.0,0.0,0.0,0.0,0.0
HEAD,3,package stm - object STM,9.0,0.0,7.0,0.0,0.0,0.0,26.0,0.0
HEAD,0,package internal - trait ExecutorPlatformSpecific,0.0,0.0,0.0,0.0,0.0,1.0,0.0,0.0
HEAD,0,package internal - trait ExecutorPlatformSpecific - <$anon: java.util.concurrent.AbstractExecutorService with scala.concurrent.ExecutionContextExecutorService>,0.0,0.0,0.0,0.0,0.0,1.0,0.0,0.0
HEAD,0,package chunks - class ChunkConcatBenchmarks,0.0,0.0,0.0,0.0,0.0,0.0,0.0,0.0
HEAD,0,package zio - class QueueParallelBenchmark,0.0,0.0,4.0,0.0,0.0,0.0,0.0,0.0
HEAD,0,package zio - trait BuildFromCompat,1.0,0.0,0.0,0.0,0.0,0.0,0.0,0.0
HEAD,0,package zio - trait BuildFromCompat - class BuildFromOps,1.0,0.0,0.0,0.0,0.0,0.0,0.0,0.0
HEAD,0,package chunks - class ChunkArrayBenchmarks,0.0,1.0,1.0,0.0,0.0,0.0,0.0,0.0
HEAD,0,package stm - class TMapOpsBenchmarks,0.0,3.0,0.0,0.0,0.0,0.0,0.0,0.0
HEAD,0,package zio - trait ChunkLike,1.0,0.0,1.0,0.0,3.0,0.0,3.0,0.0
HEAD,0,package zio - object ChunkLike,0.0,0.0,0.0,0.0,0.0,0.0,0.0,0.0
HEAD,1,package zio - class Semaphore,0.0,16.0,0.0,1.0,0.0,0.0,0.0,0.0
HEAD,0,package zio - object Semaphore,0.0,0.0,0.0,0.0,0.0,0.0,0.0,0.0
HEAD,0,package zio - object internals,0.0,0.0,0.0,0.0,0.0,0.0,0.0,0.0
HEAD,0,package zio - object internals - class Acquisition,0.0,0.0,0.0,0.0,0.0,0.0,0.0,0.0
HEAD,0,package zio - object internals - class NegativeArgument,0.0,0.0,0.0,0.0,0.0,0.0,0.0,0.0
HEAD,0,package zio - trait FiberPlatformSpecific,0.0,0.0,0.0,0.0,0.0,0.0,0.0,0.0
HEAD,0,package zio - trait FiberPlatformSpecific - method fromCompletionStage - <$anon: zio.Fiber.Synthetic.Internal[Throwable A]>,0.0,0.0,0.0,0.0,0.0,0.0,0.0,0.0
HEAD,0,package zio - trait FiberPlatformSpecific - method fromFutureJava - <$anon: zio.Fiber.Synthetic.Internal[Throwable A]>,0.0,0.0,0.0,0.0,0.0,0.0,0.0,0.0
HEAD,0,package zio - trait BootstrapRuntime,0.0,0.0,0.0,0.0,0.0,0.0,0.0,0.0
HEAD,0,package internal - class DefaultExecutors,0.0,0.0,0.0,0.0,0.0,0.0,1.0,0.0
HEAD,0,package internal - class DefaultExecutors - method fromThreadPoolExecutor - <$anon: zio.internal.Executor>,0.0,0.0,0.0,0.0,0.0,0.0,0.0,0.0
HEAD,0,package internal - class DefaultExecutors - method fromThreadPoolExecutor - <$anon: zio.internal.Executor> - method metrics0 - <$anon: zio.internal.ExecutionMetrics>,0.0,0.0,0.0,0.0,0.0,0.0,0.0,0.0
HEAD,0,package zio - trait ZManagedPlatformSpecific,0.0,0.0,0.0,0.0,0.0,0.0,0.0,0.0
HEAD,2,package zio - object Task,21.0,0.0,21.0,0.0,0.0,0.0,70.0,0.0
HEAD,0,package zio - trait VersionSpecific,0.0,0.0,0.0,0.0,0.0,0.0,0.0,0.0
HEAD,1,package stream - trait ZSinkPlatformSpecificConstructors,0.0,0.0,2.0,0.0,0.0,0.0,0.0,0.0
HEAD,1,package stream - trait ZStreamPlatformSpecificConstructors,0.0,3.0,4.0,0.0,3.0,0.0,9.0,0.0
HEAD,0,package stream - trait ZStreamPlatformSpecificConstructors - method fromSocketServer - <$anon: java.nio.channels.CompletionHandler[java.nio.channels.AsynchronousSocketChannel Void]>,0.0,0.0,0.0,0.0,0.0,0.0,0.0,0.0
HEAD,0,package stream - trait ZStreamPlatformSpecificConstructors - class Connection,0.0,3.0,1.0,0.0,2.0,0.0,2.0,0.0
HEAD,0,package stream - trait ZStreamPlatformSpecificConstructors - class Connection - method read - <$anon: java.nio.channels.CompletionHandler[Integer Void]>,0.0,2.0,0.0,0.0,0.0,0.0,0.0,0.0
HEAD,0,package stream - trait ZStreamPlatformSpecificConstructors - class Connection - method write - <$anon: java.nio.channels.CompletionHandler[Integer Void]>,0.0,1.0,0.0,0.0,0.0,0.0,0.0,0.0
HEAD,0,package stream - trait ZStreamPlatformSpecificConstructors - object Connection,0.0,0.0,0.0,0.0,0.0,0.0,0.0,0.0
HEAD,0,package stream - trait ZTransducerPlatformSpecificConstructors,0.0,0.0,3.0,0.0,0.0,0.0,0.0,0.0
HEAD,0,package zio - class FiberFailure,0.0,0.0,0.0,0.0,0.0,0.0,0.0,0.0
HEAD,0,package stream - trait ZSinkPlatformSpecificConstructors,0.0,0.0,0.0,0.0,0.0,0.0,0.0,0.0
HEAD,0,package stream - trait ZStreamPlatformSpecificConstructors,0.0,0.0,0.0,0.0,0.0,0.0,0.0,0.0
HEAD,0,package stream - trait StreamPlatformSpecificConstructors,0.0,0.0,0.0,0.0,0.0,0.0,0.0,0.0
HEAD,0,package stream - trait ZTransducerPlatformSpecificConstructors,0.0,0.0,0.0,0.0,0.0,0.0,0.0,0.0
HEAD,0,package stm - class TQueue,0.0,0.0,0.0,0.0,2.0,0.0,1.0,0.0
HEAD,0,package stm - object TQueue,0.0,0.0,0.0,0.0,0.0,0.0,0.0,0.0
HEAD,0,package internal - class SingleThreadedRingBuffer,0.0,4.0,1.0,0.0,1.0,0.0,0.0,0.0
HEAD,0,package internal - object SingleThreadedRingBuffer,0.0,0.0,0.0,0.0,0.0,0.0,0.0,0.0
HEAD,1,package zio - object Queue,0.0,0.0,0.0,0.0,0.0,0.0,0.0,0.0
HEAD,0,package zio - class InterruptStatus,0.0,0.0,0.0,0.0,0.0,0.0,0.0,0.0
HEAD,0,package zio - object InterruptStatus,0.0,0.0,0.0,0.0,0.0,0.0,0.0,0.0
HEAD,0,package zio - object InterruptStatus - object Interruptible,0.0,0.0,0.0,0.0,0.0,0.0,0.0,0.0
HEAD,0,package zio - object InterruptStatus - object Uninterruptible,0.0,0.0,0.0,0.0,0.0,0.0,0.0,0.0
HEAD,0,package stm - class TSemaphore,0.0,1.0,0.0,0.0,0.0,3.0,0.0,0.0
HEAD,0,package stm - object TSemaphore,0.0,0.0,0.0,0.0,0.0,0.0,0.0,0.0
HEAD,0,package internal - object Sync,0.0,0.0,0.0,0.0,0.0,1.0,0.0,0.0
HEAD,0,package zio - class Exit,1.0,0.0,0.0,0.0,0.0,0.0,17.0,0.0
HEAD,1,package zio - object Exit,0.0,0.0,0.0,1.0,0.0,0.0,0.0,0.0
HEAD,0,package zio - object Exit - class Success,0.0,0.0,0.0,0.0,0.0,0.0,0.0,0.0
HEAD,0,package zio - object Exit - class Failure,0.0,0.0,0.0,0.0,0.0,0.0,0.0,0.0
HEAD,0,package zio - class Has,0.0,0.0,0.0,1.0,0.0,0.0,0.0,0.0
HEAD,0,package zio - object Has,281.0,13.0,1.0,0.0,0.0,6.0,10.0,0.0
HEAD,0,package zio - object Has - class IsHas,4.0,0.0,0.0,0.0,0.0,0.0,2.0,0.0
HEAD,0,package zio - object Has - object IsHas,5.0,3.0,0.0,0.0,0.0,0.0,2.0,0.0
HEAD,0,package zio - object Has - object IsHas - method ImplicitIs - <$anon: zio.Has.IsHas[R]>,4.0,3.0,0.0,0.0,0.0,0.0,2.0,0.0
HEAD,0,package zio - object Has - class Union,0.0,0.0,0.0,0.0,0.0,0.0,0.0,0.0
HEAD,0,package zio - object Has - object Union,2.0,1.0,0.0,0.0,0.0,0.0,0.0,0.0
HEAD,0,package zio - object Has - object Union - method HasHasUnion - <$anon: zio.Has.Union[R R1]>,0.0,1.0,0.0,0.0,0.0,0.0,0.0,0.0
HEAD,0,package zio - object Has - class LowPriorityUnionImplicits,2.0,0.0,0.0,0.0,0.0,3.0,0.0,0.0
HEAD,0,package zio - object Has - class LowPriorityUnionImplicits - method HasAnyUnion - <$anon: zio.Has.Union[R Any]>,0.0,0.0,0.0,0.0,0.0,1.0,0.0,0.0
HEAD,0,package zio - object Has - class LowPriorityUnionImplicits - method AnyHasUnion - <$anon: zio.Has.Union[Any R1]>,0.0,0.0,0.0,0.0,0.0,1.0,0.0,0.0
HEAD,0,package zio - object Has - class LowPriorityUnionImplicits - <$anon: zio.Has.Union[Any Any]>,0.0,0.0,0.0,0.0,0.0,1.0,0.0,0.0
HEAD,0,package zio - object Has - class UnionAll,0.0,0.0,0.0,0.0,0.0,0.0,0.0,0.0
HEAD,0,package zio - object Has - object UnionAll,2.0,1.0,0.0,0.0,0.0,0.0,0.0,0.0
HEAD,0,package zio - object Has - object UnionAll - method HasHasUnionAll - <$anon: zio.Has.UnionAll[R R1]>,0.0,1.0,0.0,0.0,0.0,0.0,0.0,0.0
HEAD,0,package zio - object Has - class LowPriorityUnionAllImplicits,2.0,0.0,0.0,0.0,0.0,3.0,0.0,0.0
HEAD,0,package zio - object Has - class LowPriorityUnionAllImplicits - method HasAnyUnionAll - <$anon: zio.Has.UnionAll[R Any]>,0.0,0.0,0.0,0.0,0.0,1.0,0.0,0.0
HEAD,0,package zio - object Has - class LowPriorityUnionAllImplicits - method AnyHasUnionAll - <$anon: zio.Has.UnionAll[Any R1]>,0.0,0.0,0.0,0.0,0.0,1.0,0.0,0.0
HEAD,0,package zio - object Has - class LowPriorityUnionAllImplicits - <$anon: zio.Has.UnionAll[Any Any]>,0.0,0.0,0.0,0.0,0.0,1.0,0.0,0.0
HEAD,0,package zio - object Has - class HasSyntax,9.0,5.0,0.0,0.0,0.0,0.0,3.0,0.0
HEAD,0,package zio - object Has - class Scoped,1.0,0.0,0.0,0.0,0.0,0.0,1.0,0.0
HEAD,0,package zio - class Fiber,4.0,0.0,1.0,0.0,0.0,0.0,8.0,0.0
HEAD,0,package zio - class Fiber - method mapM - <$anon: zio.Fiber.Synthetic[E1 B]>,0.0,0.0,0.0,0.0,0.0,0.0,0.0,0.0
HEAD,0,package zio - class Fiber - method orElse - <$anon: zio.Fiber.Synthetic[E1 A1]>,0.0,0.0,0.0,0.0,0.0,0.0,0.0,0.0
HEAD,0,package zio - class Fiber - method toFutureWith - <$anon: zio.CancelableFuture[A]>,0.0,0.0,0.0,0.0,0.0,0.0,0.0,0.0
HEAD,0,package zio - class Fiber - method zipWith - <$anon: zio.Fiber.Synthetic[E1 C]>,0.0,0.0,0.0,0.0,0.0,0.0,0.0,0.0
HEAD,1,package zio - object Fiber,3.0,0.0,8.0,0.0,0.0,0.0,0.0,0.0
HEAD,0,package zio - object Fiber - class Runtime,0.0,0.0,0.0,0.0,0.0,0.0,0.0,0.0
HEAD,0,package zio - object Fiber - object Runtime,1.0,0.0,2.0,0.0,0.0,0.0,0.0,0.0
HEAD,0,package zio - object Fiber - object Runtime - class Internal,0.0,0.0,0.0,0.0,0.0,0.0,0.0,0.0
HEAD,0,package zio - object Fiber - class Synthetic,0.0,0.0,0.0,0.0,0.0,0.0,0.0,0.0
HEAD,0,package zio - object Fiber - object Synthetic,0.0,0.0,0.0,0.0,0.0,0.0,0.0,0.0
HEAD,0,package zio - object Fiber - object Synthetic - class Internal,0.0,0.0,0.0,0.0,0.0,0.0,0.0,0.0
HEAD,0,package zio - object Fiber - class Descriptor,0.0,0.0,0.0,0.0,0.0,0.0,0.0,0.0
HEAD,0,package zio - object Fiber - object Descriptor,0.0,0.0,0.0,0.0,0.0,0.0,0.0,0.0
HEAD,0,package zio - object Fiber - object Descriptor - method apply - <$anon: zio.Fiber.Descriptor>,0.0,0.0,0.0,0.0,0.0,0.0,0.0,0.0
HEAD,0,package zio - object Fiber - class Dump,0.0,0.0,0.0,0.0,0.0,0.0,0.0,0.0
HEAD,0,package zio - object Fiber - object Dump,0.0,0.0,0.0,0.0,0.0,0.0,0.0,0.0
HEAD,0,package zio - object Fiber - object Dump - method apply - <$anon: zio.Fiber.Dump>,0.0,0.0,0.0,0.0,0.0,0.0,0.0,0.0
HEAD,0,package zio - object Fiber - class Id,0.0,0.0,0.0,0.0,0.0,0.0,0.0,0.0
HEAD,0,package zio - object Fiber - object Id,0.0,0.0,0.0,0.0,0.0,0.0,0.0,0.0
HEAD,0,package zio - object Fiber - class Status,0.0,0.0,0.0,0.0,0.0,0.0,0.0,0.0
HEAD,0,package zio - object Fiber - object Status,0.0,0.0,0.0,0.0,0.0,0.0,0.0,0.0
HEAD,0,package zio - object Fiber - object Status - object Done,0.0,0.0,0.0,0.0,0.0,0.0,0.0,0.0
HEAD,0,package zio - object Fiber - object Status - class Finishing,0.0,0.0,0.0,0.0,0.0,0.0,0.0,0.0
HEAD,0,package zio - object Fiber - object Status - class Running,0.0,0.0,0.0,0.0,0.0,0.0,0.0,0.0
HEAD,0,package zio - object Fiber - object Status - class Suspended,0.0,0.0,0.0,0.0,0.0,0.0,0.0,0.0
HEAD,0,package zio - object Fiber - method collectAll - <$anon: zio.Fiber.Synthetic[E Collection[A]]>,0.0,0.0,3.0,0.0,0.0,0.0,0.0,0.0
HEAD,0,package zio - object Fiber - method done - <$anon: zio.Fiber.Synthetic[E A]>,0.0,0.0,0.0,0.0,0.0,0.0,0.0,0.0
HEAD,0,package zio - object Fiber - method fromFuture - <$anon: zio.Fiber.Synthetic[Throwable A]>,1.0,0.0,0.0,0.0,0.0,0.0,0.0,0.0
HEAD,0,package zio - object Fiber - <$anon: zio.Fiber.Synthetic[Nothing Nothing]>,0.0,0.0,0.0,0.0,0.0,0.0,0.0,0.0
HEAD,0,package stm - class SingleRefBenchmark,0.0,2.0,2.0,0.0,0.0,0.0,0.0,0.0
HEAD,0,package internal - class JCToolsQueue,0.0,0.0,0.0,0.0,1.0,0.0,0.0,0.0
HEAD,0,package zio - trait ChunkFactory,0.0,0.0,0.0,0.0,0.0,0.0,0.0,0.0
HEAD,1,package zio - class Promise,0.0,0.0,0.0,0.0,4.0,0.0,7.0,0.0
HEAD,0,package zio - object Promise,0.0,0.0,0.0,0.0,0.0,0.0,1.0,0.0
HEAD,0,package zio - object Promise - object internal,0.0,0.0,0.0,0.0,0.0,0.0,0.0,0.0
HEAD,0,package zio - object Promise - object internal - class State,0.0,0.0,0.0,0.0,0.0,0.0,0.0,0.0
HEAD,0,package zio - object Promise - object internal - class Pending,0.0,0.0,0.0,0.0,0.0,0.0,0.0,0.0
HEAD,0,package zio - object Promise - object internal - class Done,0.0,0.0,0.0,0.0,0.0,0.0,0.0,0.0
HEAD,0,package zio - trait ZManagedPlatformSpecific,0.0,0.0,0.0,0.0,0.0,0.0,0.0,0.0
HEAD,1,package zio - object RefM,0.0,0.0,0.0,0.0,0.0,0.0,0.0,0.0
HEAD,0,package zio - class TracingStatus,0.0,0.0,0.0,0.0,0.0,0.0,0.0,0.0
HEAD,0,package zio - object TracingStatus,0.0,0.0,0.0,0.0,0.0,0.0,0.0,0.0
HEAD,0,package zio - object TracingStatus - object Traced,0.0,0.0,0.0,0.0,0.0,0.0,0.0,0.0
HEAD,0,package zio - object TracingStatus - object Untraced,0.0,0.0,0.0,0.0,0.0,0.0,0.0,0.0
HEAD,0,package internal - class OneElementConcurrentQueue,0.0,0.0,0.0,0.0,5.0,0.0,0.0,0.0
HEAD,0,package zio - class BubbleSortBenchmarks,0.0,4.0,2.0,0.0,0.0,3.0,0.0,0.0
HEAD,0,package internal - class PingPongBenchmark,0.0,0.0,0.0,0.0,1.0,0.0,0.0,0.0
HEAD,0,package internal - class OneShot,0.0,0.0,0.0,0.0,4.0,0.0,0.0,0.0
HEAD,0,package internal - object OneShot,0.0,0.0,0.0,0.0,1.0,0.0,0.0,0.0
HEAD,3,package zio - package object zio,0.0,0.0,0.0,0.0,0.0,0.0,0.0,0.0
HEAD,1,package zio - package object zio - object <*>,0.0,0.0,0.0,0.0,0.0,0.0,0.0,0.0
HEAD,0,package zio - class ZRef,0.0,0.0,0.0,0.0,0.0,0.0,22.0,0.0
HEAD,2,package zio - object ZRef,2.0,24.0,4.0,8.0,9.0,0.0,59.0,0.0
HEAD,1,package zio - object ZRef - class Atomic,0.0,0.0,0.0,0.0,9.0,0.0,25.0,0.0
HEAD,0,package zio - object ZRef - class Atomic - method fold - <$anon: zio.ZRef.Derived[EC ED C D]>,0.0,0.0,0.0,0.0,0.0,0.0,0.0,0.0
HEAD,0,package zio - object ZRef - class Atomic - method foldAll - <$anon: zio.ZRef.DerivedAll[EC ED C D]>,0.0,0.0,0.0,0.0,0.0,0.0,0.0,0.0
HEAD,0,package zio - object ZRef - class Derived,0.0,0.0,0.0,0.0,0.0,0.0,9.0,0.0
HEAD,0,package zio - object ZRef - class Derived - method fold - <$anon: zio.ZRef.Derived[EC ED C D]>,0.0,0.0,0.0,0.0,0.0,0.0,0.0,0.0
HEAD,0,package zio - object ZRef - class Derived - method foldAll - <$anon: zio.ZRef.DerivedAll[EC ED C D]>,0.0,0.0,0.0,0.0,0.0,0.0,0.0,0.0
HEAD,0,package zio - object ZRef - class DerivedAll,0.0,0.0,2.0,2.0,0.0,0.0,9.0,0.0
HEAD,0,package zio - object ZRef - class DerivedAll - method fold - <$anon: zio.ZRef.DerivedAll[EC ED C D]>,0.0,0.0,0.0,0.0,0.0,0.0,0.0,0.0
HEAD,0,package zio - object ZRef - class DerivedAll - method foldAll - <$anon: zio.ZRef.DerivedAll[EC ED C D]>,0.0,0.0,0.0,0.0,0.0,0.0,0.0,0.0
HEAD,1,package zio - object ZRef - class UnifiedSyntax,1.0,8.0,2.0,2.0,0.0,0.0,8.0,0.0
HEAD,0,package zio - object ZRef - class UnsafeSyntax,1.0,16.0,0.0,4.0,0.0,0.0,8.0,0.0
HEAD,0,package zio - trait App,0.0,1.0,0.0,0.0,0.0,0.0,0.0,0.0
HEAD,0,package zio - class CancelableFuture,3.0,0.0,1.0,0.0,0.0,0.0,1.0,0.0
HEAD,0,package stm - class TSetOpsBenchmarks,0.0,1.0,0.0,0.0,0.0,0.0,0.0,0.0
HEAD,0,package internal - class ExecutionMetrics,0.0,0.0,0.0,0.0,0.0,0.0,0.0,0.0
HEAD,0,package zio - package duration - package object duration,3.0,9.0,0.0,0.0,0.0,0.0,1.0,0.0
HEAD,0,package zio - package duration - package object duration - object Duration,0.0,3.0,0.0,0.0,0.0,0.0,0.0,0.0
HEAD,0,package zio - package duration - package object duration - object Duration - object Finite,0.0,2.0,0.0,0.0,0.0,0.0,0.0,0.0
HEAD,0,package zio - package duration - package object duration - class DurationOps,1.0,6.0,0.0,0.0,0.0,0.0,1.0,0.0
HEAD,0,package zio - package duration - package object duration - <$anon: scala.math.Ordering[zio.duration.package.Duration]>,0.0,0.0,0.0,0.0,0.0,0.0,0.0,0.0
HEAD,0,package zio - class DurationSyntax,0.0,0.0,0.0,0.0,0.0,0.0,0.0,0.0
HEAD,1,package zio - package random - package object random,3.0,20.0,22.0,0.0,0.0,1.0,4.0,0.0
HEAD,1,package zio - package random - package object random - object Random,3.0,3.0,4.0,0.0,0.0,1.0,4.0,0.0
HEAD,0,package zio - package random - package object random - object Random - trait Service,1.0,0.0,0.0,0.0,0.0,0.0,0.0,0.0
HEAD,0,package zio - package random - package object random - object Random - object Service,1.0,0.0,2.0,0.0,0.0,0.0,0.0,0.0
HEAD,0,package zio - package random - package object random - object Random - object Service - <$anon: zio.random.Random.Service>,1.0,0.0,2.0,0.0,0.0,0.0,0.0,0.0
HEAD,0,package internal - class OfferBenchmark,0.0,0.0,0.0,0.0,0.0,0.0,0.0,0.0
HEAD,1,package macros - object AccessibleMacroExample,0.0,0.0,1.0,0.0,0.0,0.0,0.0,0.0
HEAD,0,package macros - object AccessibleMacroExample - trait Foo,0.0,0.0,0.0,0.0,0.0,0.0,0.0,0.0
HEAD,0,package macros - object AccessibleMacroExample - class Bar,0.0,0.0,0.0,0.0,0.0,0.0,0.0,0.0
HEAD,0,package macros - object AccessibleMacroExample - class Wrapped,0.0,0.0,0.0,0.0,0.0,0.0,0.0,0.0
HEAD,1,package macros - object AccessibleMacroExample - trait Service,0.0,0.0,0.0,0.0,0.0,0.0,0.0,0.0
HEAD,1,package macros - object AccessibleMacroExample - <$anon: zio.examples.macros.AccessibleMacroExample.Service>,0.0,0.0,0.0,0.0,0.0,0.0,0.0,0.0
HEAD,0,package zio - class CanFail,0.0,0.0,0.0,0.0,0.0,0.0,0.0,0.0
HEAD,0,package zio - object CanFail,1.0,0.0,0.0,0.0,0.0,0.0,0.0,0.0
HEAD,2,package zio - object URIO,31.0,0.0,21.0,0.0,0.0,0.0,63.0,0.0
HEAD,0,package zio - trait ZIOPlatformSpecific,1.0,0.0,0.0,0.0,0.0,0.0,2.0,0.0
HEAD,0,package zio - trait ZIOCompanionPlatformSpecific,0.0,0.0,0.0,0.0,0.0,0.0,1.0,0.0
HEAD,0,package zio - package blocking - package object blocking,0.0,7.0,7.0,1.0,0.0,0.0,0.0,0.0
HEAD,0,package zio - package blocking - package object blocking - object Blocking,0.0,1.0,1.0,1.0,0.0,0.0,0.0,0.0
HEAD,0,package zio - package blocking - package object blocking - object Blocking - trait Service,0.0,1.0,0.0,1.0,0.0,0.0,0.0,0.0
HEAD,0,package zio - package blocking - package object blocking - object Blocking - object Service,0.0,0.0,0.0,0.0,0.0,0.0,0.0,0.0
HEAD,0,package zio - package blocking - package object blocking - object Blocking - object Service - <$anon: zio.blocking.Blocking.Service>,0.0,0.0,0.0,0.0,0.0,0.0,0.0,0.0
HEAD,0,package zio - package blocking - package object blocking - object internal,0.0,0.0,0.0,0.0,0.0,0.0,0.0,0.0
HEAD,0,package macros - class accessible,0.0,0.0,0.0,0.0,0.0,0.0,0.0,0.0
HEAD,0,package internal - class OneShot,0.0,0.0,0.0,0.0,8.0,0.0,0.0,0.0
HEAD,0,package internal - object OneShot,0.0,0.0,0.0,0.0,1.0,0.0,0.0,0.0
HEAD,0,package internal - object RingBuffer,0.0,0.0,0.0,0.0,0.0,0.0,0.0,0.0
HEAD,0,package internal - class RingBuffer,0.0,1.0,1.0,0.0,1.0,0.0,0.0,0.0
HEAD,0,package zio - package system - package object system,0.0,13.0,12.0,0.0,0.0,0.0,4.0,0.0
HEAD,0,package zio - package system - package object system - object System,0.0,4.0,3.0,0.0,0.0,0.0,4.0,0.0
HEAD,0,package zio - package system - package object system - object System - trait Service,0.0,0.0,0.0,0.0,0.0,0.0,0.0,0.0
HEAD,0,package zio - package system - package object system - object System - object Service,0.0,4.0,2.0,0.0,0.0,0.0,0.0,0.0
HEAD,0,package zio - package system - package object system - object System - object Service - <$anon: zio.system.System.Service>,0.0,4.0,2.0,0.0,0.0,0.0,0.0,0.0
HEAD,0,package zio - class =!=,0.0,0.0,0.0,0.0,0.0,0.0,0.0,0.0
HEAD,0,package zio - object =!=,3.0,0.0,0.0,0.0,0.0,0.0,0.0,0.0
HEAD,0,package zio - object =!= - method neq - <$anon: A =!= B>,0.0,0.0,0.0,0.0,0.0,0.0,0.0,0.0
HEAD,0,package internal - object Sync,0.0,0.0,0.0,0.0,0.0,1.0,0.0,0.0
HEAD,0,package zio - trait ManagedApp,0.0,0.0,0.0,0.0,0.0,0.0,0.0,0.0
HEAD,0,package zio - trait ManagedApp - <$anon: zio.App>,0.0,0.0,0.0,0.0,0.0,0.0,0.0,0.0
HEAD,0,package stream - class Take,0.0,0.0,0.0,0.0,0.0,0.0,6.0,0.0
HEAD,2,package stream - object Take,0.0,0.0,0.0,0.0,0.0,0.0,0.0,0.0
HEAD,0,package stream - class ZTransducer,0.0,0.0,0.0,0.0,0.0,0.0,24.0,0.0
HEAD,2,package stream - object ZTransducer,0.0,43.0,19.0,9.0,3.0,0.0,33.0,0.0
HEAD,0,package stream - object ZTransducer - method apply - <$anon: zio.stream.ZTransducer[R E I O]>,0.0,0.0,0.0,0.0,0.0,0.0,0.0,0.0
HEAD,0,package stream - object ZTransducer - method branchAfter - trait State,0.0,0.0,0.0,0.0,0.0,0.0,0.0,0.0
HEAD,0,package stream - object ZTransducer - method branchAfter - object State,0.0,0.0,0.0,0.0,0.0,0.0,2.0,0.0
HEAD,0,package stream - object ZTransducer - method branchAfter - object State - class Collecting,0.0,0.0,0.0,0.0,0.0,0.0,0.0,0.0
HEAD,0,package stream - object ZTransducer - method branchAfter - object State - class Emitting,0.0,0.0,0.0,0.0,0.0,0.0,2.0,0.0
HEAD,0,package stream - object ZTransducer - method foldWeightedDecompose - class FoldWeightedState,0.0,0.0,0.0,0.0,0.0,0.0,0.0,0.0
HEAD,0,package stream - object ZTransducer - method foldWeightedDecomposeM - class FoldWeightedState,0.0,0.0,0.0,0.0,0.0,0.0,0.0,0.0
HEAD,0,package stream - object ZTransducer - object Push,0.0,0.0,0.0,0.0,0.0,0.0,0.0,0.0
HEAD,0,package internal - class Executor,0.0,0.0,0.0,0.0,0.0,0.0,0.0,0.0
HEAD,0,package internal - class Executor - <$anon: scala.concurrent.ExecutionContext>,0.0,0.0,0.0,0.0,0.0,0.0,0.0,0.0
HEAD,0,package internal - object Executor,0.0,0.0,0.0,0.0,0.0,0.0,0.0,0.0
HEAD,0,package internal - object Executor - method fromExecutionContext - <$anon: zio.internal.Executor>,0.0,0.0,0.0,0.0,0.0,0.0,0.0,0.0
HEAD,0,package clock - trait PlatformSpecific,0.0,0.0,0.0,0.0,0.0,0.0,1.0,0.0
HEAD,0,package clock - trait PlatformSpecific - <$anon: zio.internal.Scheduler>,0.0,0.0,0.0,0.0,0.0,0.0,1.0,0.0
HEAD,0,package zio - class ZLayer,20.0,1.0,1.0,5.0,0.0,0.0,10.0,0.0
HEAD,1,package zio - object ZLayer,1594.0,1.0,85.0,0.0,0.0,0.0,186.0,0.0
HEAD,1,package zio - object ZLayer - class Fold,0.0,0.0,0.0,0.0,0.0,0.0,0.0,0.0
HEAD,0,package zio - object ZLayer - class Fresh,0.0,0.0,0.0,0.0,0.0,0.0,0.0,0.0
HEAD,0,package zio - object ZLayer - class Managed,0.0,0.0,0.0,0.0,0.0,0.0,0.0,0.0
HEAD,0,package zio - object ZLayer - class Suspend,0.0,0.0,0.0,0.0,0.0,0.0,1.0,0.0
HEAD,1,package zio - object ZLayer - class ZipWithPar,0.0,0.0,0.0,0.0,0.0,0.0,1.0,0.0
HEAD,0,package zio - object ZLayer - class ZLayerPassthroughOps,3.0,0.0,0.0,0.0,0.0,0.0,0.0,0.0
HEAD,0,package zio - object ZLayer - class MemoMap,0.0,0.0,0.0,0.0,0.0,0.0,0.0,0.0
HEAD,0,package zio - object ZLayer - object MemoMap,0.0,1.0,1.0,0.0,0.0,0.0,2.0,0.0
HEAD,0,package zio - object ZLayer - object MemoMap - method make - <$anon: zio.ZLayer.MemoMap>,0.0,1.0,1.0,0.0,0.0,0.0,2.0,0.0
HEAD,0,package zio - class IONarrowFlatMapBenchmark,0.0,0.0,0.0,0.0,0.0,0.0,0.0,0.0
HEAD,0,package chunks - class ChainBenchmarks,0.0,4.0,0.0,0.0,0.0,0.0,0.0,0.0
HEAD,0,package internal - class ReduceAllParBenchmark,0.0,0.0,0.0,0.0,0.0,4.0,1.0,0.0
HEAD,0,package internal - class OneElementQueueSeqBenchmark,0.0,0.0,0.0,0.0,0.0,0.0,2.0,0.0
HEAD,0,package chunks - class MixedChunkBenchmarks,0.0,1.0,1.0,0.0,0.0,0.0,0.0,0.0
HEAD,0,package internal - object RingBuffer,0.0,0.0,0.0,0.0,0.0,0.0,0.0,0.0
HEAD,0,package internal - class RingBuffer,0.0,1.0,1.0,0.0,1.0,0.0,0.0,0.0
HEAD,0,package internal - class RingBufferArb,0.0,0.0,0.0,0.0,0.0,0.0,0.0,0.0
HEAD,0,package internal - object RingBufferArb,0.0,0.0,0.0,0.0,0.0,0.0,0.0,0.0
HEAD,0,package zio - class ChunkCanBuildFrom,0.0,0.0,0.0,0.0,0.0,0.0,0.0,0.0
HEAD,0,package zio - object ChunkCanBuildFrom,1.0,0.0,0.0,0.0,0.0,0.0,0.0,0.0
HEAD,0,package zio - object ChunkCanBuildFrom - method apply - <$anon: zio.ChunkCanBuildFrom[A]>,0.0,0.0,0.0,0.0,0.0,0.0,0.0,0.0
HEAD,0,package zio - object ChunkCanBuildFrom - <$anon: zio.ChunkCanBuildFrom[Boolean]>,0.0,0.0,0.0,0.0,0.0,0.0,0.0,0.0
HEAD,0,package zio - object ChunkCanBuildFrom - <$anon: zio.ChunkCanBuildFrom[Byte]>,0.0,0.0,0.0,0.0,0.0,0.0,0.0,0.0
HEAD,0,package zio - object ChunkCanBuildFrom - <$anon: zio.ChunkCanBuildFrom[Char]>,0.0,0.0,0.0,0.0,0.0,0.0,0.0,0.0
HEAD,0,package zio - object ChunkCanBuildFrom - <$anon: zio.ChunkCanBuildFrom[Double]>,0.0,0.0,0.0,0.0,0.0,0.0,0.0,0.0
HEAD,0,package zio - object ChunkCanBuildFrom - <$anon: zio.ChunkCanBuildFrom[Float]>,0.0,0.0,0.0,0.0,0.0,0.0,0.0,0.0
HEAD,0,package zio - object ChunkCanBuildFrom - <$anon: zio.ChunkCanBuildFrom[Int]>,0.0,0.0,0.0,0.0,0.0,0.0,0.0,0.0
HEAD,0,package zio - object ChunkCanBuildFrom - <$anon: zio.ChunkCanBuildFrom[Long]>,0.0,0.0,0.0,0.0,0.0,0.0,0.0,0.0
HEAD,0,package zio - object ChunkCanBuildFrom - <$anon: zio.ChunkCanBuildFrom[Short]>,0.0,0.0,0.0,0.0,0.0,0.0,0.0,0.0
HEAD,0,package stm - class TPriorityQueue,0.0,14.0,0.0,1.0,0.0,0.0,2.0,0.0
HEAD,0,package stm - object TPriorityQueue,3.0,1.0,3.0,0.0,0.0,0.0,0.0,0.0
HEAD,0,package stream - class SubscriptionRef,0.0,0.0,0.0,0.0,0.0,0.0,0.0,0.0
HEAD,0,package stream - object SubscriptionRef,0.0,0.0,0.0,0.0,0.0,0.0,0.0,0.0
HEAD,0,package internal - class Tracing,0.0,0.0,0.0,0.0,0.0,0.0,0.0,0.0
HEAD,0,package internal - object Tracing,0.0,0.0,0.0,0.0,0.0,0.0,0.0,0.0
HEAD,0,package stm - class TReentrantLockBenchmark,0.0,0.0,0.0,0.0,0.0,2.0,0.0,0.0
HEAD,0,package zio - class ZOutputStream,0.0,0.0,0.0,0.0,0.0,0.0,0.0,0.0
HEAD,0,package zio - object ZOutputStream,0.0,0.0,1.0,0.0,0.0,0.0,0.0,0.0
HEAD,0,package zio - object ZOutputStream - method fromOutputStream - <$anon: zio.ZOutputStream>,0.0,0.0,1.0,0.0,0.0,0.0,0.0,0.0
HEAD,0,package stm - object TRef,0.0,0.0,0.0,0.0,0.0,0.0,0.0,0.0
HEAD,0,package internal - object Sync,0.0,0.0,0.0,0.0,0.0,0.0,0.0,0.0
HEAD,0,package chunks - class ArrayBenchmarks,0.0,5.0,6.0,0.0,0.0,0.0,0.0,1.0
HEAD,0,package internal - class BenchQueueType,0.0,0.0,0.0,0.0,0.0,0.0,0.0,0.0
HEAD,0,package internal - object BenchQueueType,0.0,0.0,0.0,0.0,0.0,0.0,0.0,0.0
HEAD,0,package internal - object RingBufferPow2Type,0.0,0.0,0.0,0.0,0.0,0.0,0.0,0.0
HEAD,0,package internal - object RingBufferArbType,0.0,0.0,0.0,0.0,0.0,0.0,0.0,0.0
HEAD,0,package internal - object OneElementQueueType,0.0,0.0,0.0,0.0,0.0,0.0,0.0,0.0
HEAD,0,package internal - object OneElementQueueNoMetricType,0.0,0.0,0.0,0.0,0.0,0.0,0.0,0.0
HEAD,0,package internal - object LinkedQueueType,0.0,0.0,0.0,0.0,0.0,0.0,0.0,0.0
HEAD,0,package internal - object JucBlockingType,0.0,0.0,0.0,0.0,0.0,0.0,0.0,0.0
HEAD,0,package internal - object JCToolsType,0.0,0.0,0.0,0.0,0.0,0.0,0.0,0.0
HEAD,0,package internal - object NotThreadSafeType,0.0,0.0,0.0,0.0,0.0,0.0,0.0,0.0
HEAD,0,package stm - class TPromise,0.0,0.0,1.0,0.0,0.0,0.0,0.0,0.0
HEAD,0,package stm - object TPromise,0.0,0.0,0.0,0.0,0.0,0.0,0.0,0.0
HEAD,0,package stm - class STMFlatMapBenchmark,0.0,1.0,0.0,0.0,0.0,0.0,0.0,0.0
HEAD,0,package internal - object PlatformConstants,0.0,0.0,0.0,0.0,0.0,0.0,0.0,0.0
HEAD,0,package internal - trait ExecutorPlatformSpecific,0.0,0.0,0.0,0.0,0.0,1.0,0.0,0.0
HEAD,0,package internal - trait ExecutorPlatformSpecific - <$anon: java.util.concurrent.AbstractExecutorService with scala.concurrent.ExecutionContextExecutorService>,0.0,0.0,0.0,0.0,0.0,1.0,0.0,0.0
HEAD,0,package clock - trait PlatformSpecific,0.0,0.0,0.0,0.0,0.0,0.0,1.0,0.0
HEAD,0,package clock - trait PlatformSpecific - <$anon: zio.internal.Scheduler>,0.0,0.0,0.0,0.0,0.0,0.0,1.0,0.0
HEAD,0,package internal - class NamedThreadFactory,0.0,0.0,0.0,0.0,0.0,0.0,0.0,0.0
HEAD,0,package zio - class ZInputStream,0.0,0.0,0.0,0.0,0.0,0.0,0.0,0.0
HEAD,0,package zio - object ZInputStream,0.0,0.0,0.0,0.0,0.0,0.0,0.0,0.0
HEAD,0,package zio - object ZInputStream - method fromInputStream - <$anon: zio.ZInputStream>,0.0,0.0,0.0,0.0,0.0,0.0,0.0,0.0
HEAD,0,package zio - trait ZManagedPlatformSpecific,0.0,0.0,0.0,0.0,0.0,0.0,0.0,0.0
HEAD,0,package zio - class Cause,3.0,4.0,0.0,27.0,1.0,0.0,16.0,0.0
HEAD,0,package zio - class Cause - method prettyPrint - class Segment,0.0,0.0,0.0,0.0,0.0,0.0,0.0,0.0
HEAD,0,package zio - class Cause - method prettyPrint - class Step,0.0,0.0,0.0,0.0,0.0,0.0,0.0,0.0
HEAD,0,package zio - class Cause - method prettyPrint - class Sequential,0.0,0.0,0.0,0.0,0.0,0.0,0.0,0.0
HEAD,0,package zio - class Cause - method prettyPrint - class Parallel,0.0,0.0,0.0,0.0,0.0,0.0,0.0,0.0
HEAD,0,package zio - class Cause - method prettyPrint - class Failure,0.0,0.0,0.0,0.0,0.0,0.0,0.0,0.0
HEAD,1,package zio - object Cause,0.0,0.0,6.0,15.0,0.0,0.0,1.0,0.0
HEAD,1,package zio - object Cause - object Empty,0.0,0.0,0.0,0.0,0.0,0.0,0.0,0.0
HEAD,0,package zio - object Cause - object Fail,0.0,0.0,1.0,0.0,0.0,0.0,0.0,0.0
HEAD,0,package zio - object Cause - object Die,0.0,0.0,1.0,0.0,0.0,0.0,0.0,0.0
HEAD,0,package zio - object Cause - object Interrupt,0.0,0.0,1.0,0.0,0.0,0.0,0.0,0.0
HEAD,0,package zio - object Cause - object Traced,0.0,0.0,1.0,0.0,0.0,0.0,0.0,0.0
HEAD,0,package zio - object Cause - object Then,0.0,0.0,1.0,0.0,0.0,0.0,0.0,0.0
HEAD,0,package zio - object Cause - object Both,0.0,0.0,1.0,0.0,0.0,0.0,0.0,0.0
HEAD,0,package zio - object Cause - object Internal,0.0,0.0,0.0,4.0,0.0,0.0,1.0,0.0
HEAD,0,package zio - object Cause - object Internal - object Empty,0.0,0.0,0.0,0.0,0.0,0.0,0.0,0.0
HEAD,0,package zio - object Cause - object Internal - class Fail,0.0,0.0,0.0,0.0,0.0,0.0,0.0,0.0
HEAD,0,package zio - object Cause - object Internal - class Die,0.0,0.0,0.0,0.0,0.0,0.0,0.0,0.0
HEAD,0,package zio - object Cause - object Internal - class Interrupt,0.0,0.0,0.0,0.0,0.0,0.0,0.0,0.0
HEAD,0,package zio - object Cause - object Internal - class Traced,0.0,0.0,0.0,0.0,0.0,0.0,0.0,0.0
HEAD,0,package zio - object Cause - object Internal - class Meta,0.0,0.0,0.0,0.0,0.0,0.0,0.0,0.0
HEAD,0,package zio - object Cause - object Internal - class Then,0.0,0.0,0.0,0.0,0.0,0.0,0.0,0.0
HEAD,0,package zio - object Cause - object Internal - class Both,0.0,0.0,0.0,0.0,0.0,0.0,0.0,0.0
HEAD,0,package zio - object Cause - object Internal - class Data,0.0,0.0,0.0,0.0,0.0,0.0,0.0,0.0
HEAD,0,package zio - object Cause - class FiberTrace,0.0,0.0,0.0,0.0,0.0,0.0,0.0,0.0
HEAD,0,package internal - class Tracing,0.0,0.0,0.0,0.0,0.0,0.0,0.0,0.0
HEAD,0,package internal - object Tracing,0.0,0.0,0.0,0.0,0.0,0.0,0.0,0.0
HEAD,0,package zio - trait FiberPlatformSpecific,0.0,0.0,0.0,0.0,0.0,0.0,0.0,0.0
HEAD,0,package zio - class NeedsEnv,0.0,0.0,0.0,0.0,0.0,0.0,0.0,0.0
HEAD,0,package zio - object NeedsEnv,1.0,0.0,0.0,0.0,0.0,0.0,0.0,0.0
HEAD,0,package zio - class Supervisor,0.0,0.0,0.0,0.0,0.0,0.0,0.0,0.0
HEAD,0,package zio - class Supervisor - method && - <$anon: zio.Supervisor[(A  B)]>,0.0,0.0,0.0,0.0,0.0,0.0,0.0,0.0
HEAD,0,package zio - class Supervisor - method || - <$anon: zio.Supervisor[(A  B)]>,0.0,0.0,0.0,0.0,0.0,0.0,0.0,0.0
HEAD,0,package zio - object Supervisor,0.0,2.0,1.0,0.0,0.0,0.0,0.0,0.0
HEAD,0,package zio - object Supervisor - class Propagation,0.0,0.0,0.0,0.0,0.0,0.0,0.0,0.0
HEAD,0,package zio - object Supervisor - object Propagation,0.0,0.0,0.0,0.0,0.0,0.0,0.0,0.0
HEAD,0,package zio - object Supervisor - object Propagation - object Stop,0.0,0.0,0.0,0.0,0.0,0.0,0.0,0.0
HEAD,0,package zio - object Supervisor - object Propagation - object Continue,0.0,0.0,0.0,0.0,0.0,0.0,0.0,0.0
HEAD,0,package zio - object Supervisor - method track - <$anon: zio.Supervisor[zio.Chunk[zio.Fiber.Runtime[Any Any]]]>,0.0,0.0,1.0,0.0,0.0,0.0,0.0,0.0
HEAD,0,package zio - object Supervisor - method fibersIn - <$anon: zio.Supervisor[scala.collection.immutable.SortedSet[zio.Fiber.Runtime[Any Any]]]>,0.0,2.0,0.0,0.0,0.0,0.0,0.0,0.0
HEAD,0,package zio - object Supervisor - <$anon: zio.Supervisor[Unit]>,0.0,0.0,0.0,0.0,0.0,0.0,0.0,0.0
HEAD,0,package internal - class UniqueKey,0.0,0.0,0.0,0.0,0.0,0.0,0.0,0.0
HEAD,0,package internal - object UniqueKey,0.0,0.0,0.0,0.0,0.0,0.0,0.0,0.0
HEAD,0,package zio - trait TaskPlatformSpecific,0.0,0.0,0.0,0.0,0.0,0.0,0.0,0.0