commit,faults,path,NumberOfLambdaFunctions,SourceLinesOfLambda,LambdaScore,LambdaFunctionsUsingOuterVariables,LambdaFunctionsUsingInnerVariables,LambdaFunctionsWithSideEffects,LambdaFunctionsWithAssignment
HEAD,0,package zio - package internal - package object internal,0.0,0.0,0.0,0.0,0.0,0.0,0.0
HEAD,0,package zio - trait PlatformSpecific,0.0,0.0,0.0,0.0,0.0,0.0,0.0
HEAD,0,package zio - trait PlatformSpecific - object ZEnv,0.0,0.0,0.0,0.0,0.0,0.0,0.0
HEAD,0,package zio - trait PlatformSpecific - object ZEnv - object Services,0.0,0.0,0.0,0.0,0.0,0.0,0.0
HEAD,0,package zio - package console - package object console,5.0,5.0,0.08928571428571429,0.0,0.0,0.0,0.0
HEAD,0,package zio - package console - package object console - object Console,0.0,0.0,0.0,0.0,0.0,0.0,0.0
HEAD,0,package zio - package console - package object console - object Console - trait Service,0.0,0.0,0.0,0.0,0.0,0.0,0.0
HEAD,0,package zio - package console - package object console - object Console - object Service,0.0,0.0,0.0,0.0,0.0,0.0,0.0
HEAD,0,package zio - package console - package object console - object Console - object Service - <$anon: zio.console.Console.Service>,0.0,0.0,0.0,0.0,0.0,0.0,0.0
HEAD,0,package zio - class Schedule,91.0,194.0,0.5344352617079889,0.0,0.0,0.0,0.0
HEAD,1,package zio - object Schedule,27.0,81.0,0.42408376963350786,0.0,0.0,0.0,0.0
HEAD,0,package zio - object Schedule - method apply - <$anon: zio.Schedule[Env In Out]>,0.0,0.0,0.0,0.0,0.0,0.0,0.0
HEAD,0,package zio - object Schedule - method fixed - class State,0.0,0.0,0.0,0.0,0.0,0.0,0.0
HEAD,0,package zio - object Schedule - class Driver,0.0,0.0,0.0,0.0,0.0,0.0,0.0
HEAD,0,package zio - object Schedule - object StepFunction,1.0,1.0,0.25,0.0,0.0,0.0,0.0
HEAD,0,package zio - object Schedule - trait Decision,5.0,3.0,0.13636363636363635,0.0,0.0,0.0,0.0
HEAD,0,package zio - object Schedule - object Decision,0.0,0.0,0.0,0.0,0.0,0.0,0.0
HEAD,0,package zio - object Schedule - object Decision - class Done,0.0,0.0,0.0,0.0,0.0,0.0,0.0
HEAD,0,package zio - object Schedule - object Decision - class Continue,0.0,0.0,0.0,0.0,0.0,0.0,0.0
HEAD,0,package zio - class IOForkInterruptBenchmark,15.0,17.0,0.40476190476190477,0.0,0.0,1.0,0.0
HEAD,0,package zio - object IOBenchmarks,13.0,14.0,0.27450980392156865,0.0,0.0,0.0,0.0
HEAD,0,package zio - object IOBenchmarks - <$anon: zio.BootstrapRuntime>,0.0,0.0,0.0,0.0,0.0,0.0,0.0
HEAD,0,package zio - object IOBenchmarks - class Thunk,3.0,6.0,0.46153846153846156,0.0,0.0,0.0,0.0
HEAD,0,package zio - object IOBenchmarks - object Thunk,2.0,2.0,0.4,0.0,0.0,0.0,0.0
HEAD,0,package zio - class ParSequenceBenchmark,22.0,22.0,0.36666666666666664,0.0,0.0,0.0,0.0
HEAD,0,package zio - trait App,4.0,9.0,0.47368421052631576,0.0,0.0,2.0,0.0
HEAD,0,package zio - trait App - method main - <$anon: Thread>,0.0,0.0,0.0,0.0,0.0,0.0,0.0
HEAD,0,package zio - class NonEmptyChunk,4.0,4.0,0.04878048780487805,0.0,0.0,0.0,0.0
HEAD,0,package zio - object NonEmptyChunk,1.0,1.0,0.058823529411764705,0.0,0.0,0.0,0.0
HEAD,2,package stream - class ZSink,87.0,162.0,0.552901023890785,0.0,0.0,23.0,0.0
HEAD,0,package stream - class ZSink - method zipWithPar - trait State,0.0,0.0,0.0,0.0,0.0,0.0,0.0
HEAD,0,package stream - class ZSink - method zipWithPar - object BothRunning,0.0,0.0,0.0,0.0,0.0,0.0,0.0
HEAD,0,package stream - class ZSink - method zipWithPar - class LeftDone,0.0,0.0,0.0,0.0,0.0,0.0,0.0
HEAD,0,package stream - class ZSink - method zipWithPar - class RightDone,0.0,0.0,0.0,0.0,0.0,0.0,0.0
HEAD,8,package stream - object ZSink,75.0,149.0,0.5912698412698413,0.0,0.0,17.0,0.0
HEAD,0,package stream - object ZSink - object Push,8.0,7.0,0.3888888888888889,0.0,0.0,4.0,0.0
HEAD,0,package stream - object ZSink - method apply - <$anon: zio.stream.ZSink[R E I L Z]>,0.0,0.0,0.0,0.0,0.0,0.0,0.0
HEAD,0,package zio - class ZScope,1.0,1.0,0.07692307692307693,0.0,0.0,0.0,0.0
HEAD,1,package zio - object ZScope,5.0,13.0,0.08441558441558442,0.0,0.0,0.0,0.0
HEAD,0,package zio - object ZScope - class Mode,0.0,0.0,0.0,0.0,0.0,0.0,0.0
HEAD,0,package zio - object ZScope - object Mode,0.0,0.0,0.0,0.0,0.0,0.0,0.0
HEAD,0,package zio - object ZScope - object Mode - object Weak,0.0,0.0,0.0,0.0,0.0,0.0,0.0
HEAD,0,package zio - object ZScope - object Mode - object Strong,0.0,0.0,0.0,0.0,0.0,0.0,0.0
HEAD,0,package zio - object ZScope - class Key,0.0,0.0,0.0,0.0,0.0,0.0,0.0
HEAD,0,package zio - object ZScope - object Key,0.0,0.0,0.0,0.0,0.0,0.0,0.0
HEAD,0,package zio - object ZScope - object Key - method apply - <$anon: zio.ZScope.Key>,0.0,0.0,0.0,0.0,0.0,0.0,0.0
HEAD,1,package zio - object ZScope - object global,0.0,0.0,0.0,0.0,0.0,0.0,0.0
HEAD,0,package zio - object ZScope - class Open,0.0,0.0,0.0,0.0,0.0,0.0,0.0
HEAD,0,package zio - object ZScope - class OrderedFinalizer,0.0,0.0,0.0,0.0,0.0,0.0,0.0
HEAD,1,package zio - object ZScope - class Local,4.0,8.0,0.07692307692307693,0.0,0.0,0.0,0.0
HEAD,0,package zio - class ParallelMergeSortBenchmark,11.0,14.0,0.1794871794871795,2.0,0.0,5.0,0.0
HEAD,1,package zio - class StreamBenchmarks,19.0,18.0,0.375,3.0,0.0,0.0,0.0
HEAD,1,package zio - class CSVStreamBenchmarks,6.0,21.0,0.23863636363636365,0.0,0.0,0.0,0.0
HEAD,0,package zio - object CSV,3.0,10.0,0.3225806451612903,0.0,0.0,2.0,0.0
HEAD,0,package zio - object CSV - trait Token,0.0,0.0,0.0,0.0,0.0,0.0,0.0
HEAD,0,package zio - object CSV - object NewCol,0.0,0.0,0.0,0.0,0.0,0.0,0.0
HEAD,0,package zio - object CSV - object NewRow,0.0,0.0,0.0,0.0,0.0,0.0,0.0
HEAD,0,package zio - object CSV - class Column,0.0,0.0,0.0,0.0,0.0,0.0,0.0
HEAD,2,package macros - class AccessibleMacro,11.0,17.0,0.11486486486486487,0.0,0.0,0.0,0.0
HEAD,0,package macros - class AccessibleMacro - class ModuleInfo,0.0,0.0,0.0,0.0,0.0,0.0,0.0
HEAD,0,package macros - class AccessibleMacro - method apply - trait Capability,0.0,0.0,0.0,0.0,0.0,0.0,0.0
HEAD,1,package macros - class AccessibleMacro - method apply - object Capability,0.0,0.0,0.0,0.0,0.0,0.0,0.0
HEAD,1,package macros - class AccessibleMacro - method apply - object Capability - class Effect,0.0,0.0,0.0,0.0,0.0,0.0,0.0
HEAD,0,package macros - class AccessibleMacro - method apply - object Capability - class Managed,0.0,0.0,0.0,0.0,0.0,0.0,0.0
HEAD,1,package macros - class AccessibleMacro - method apply - object Capability - class Method,0.0,0.0,0.0,0.0,0.0,0.0,0.0
HEAD,1,package macros - class AccessibleMacro - method apply - object Capability - class Sink,0.0,0.0,0.0,0.0,0.0,0.0,0.0
HEAD,1,package macros - class AccessibleMacro - method apply - object Capability - class Stream,0.0,0.0,0.0,0.0,0.0,0.0,0.0
HEAD,1,package macros - class AccessibleMacro - method apply - class TypeInfo,0.0,0.0,0.0,0.0,0.0,0.0,0.0
HEAD,0,package stm - class STMRetryBenchmark,3.0,2.0,0.125,0.0,0.0,0.0,0.0
HEAD,0,package zio - trait PlatformSpecific,0.0,0.0,0.0,0.0,0.0,0.0,0.0
HEAD,0,package zio - trait PlatformSpecific - object ZEnv,0.0,0.0,0.0,0.0,0.0,0.0,0.0
HEAD,0,package zio - trait PlatformSpecific - object ZEnv - object Services,0.0,0.0,0.0,0.0,0.0,0.0,0.0
HEAD,0,package zio - class NeedsEnv,0.0,0.0,0.0,0.0,0.0,0.0,0.0
HEAD,0,package zio - object NeedsEnv,0.0,0.0,0.0,0.0,0.0,0.0,0.0
HEAD,0,package internal - object MutableConcurrentQueue,0.0,0.0,0.0,0.0,0.0,0.0,0.0
HEAD,0,package internal - class MutableConcurrentQueue,0.0,0.0,0.0,0.0,0.0,0.0,0.0
HEAD,0,package internal - class DefaultExecutors,0.0,0.0,0.0,0.0,0.0,0.0,0.0
HEAD,0,package internal - object PlatformConstants,0.0,0.0,0.0,0.0,0.0,0.0,0.0
HEAD,0,package zio - class IOMapBenchmark,11.0,11.0,0.15714285714285714,0.0,0.0,0.0,0.0
HEAD,0,package zio - class IOEmptyRaceBenchmark,3.0,3.0,0.12,0.0,0.0,0.0,0.0
HEAD,2,package stm - class TMap,36.0,188.0,0.7704918032786885,0.0,0.0,11.0,8.0
HEAD,2,package stm - object TMap,3.0,4.0,0.10526315789473684,0.0,2.0,0.0,0.0
HEAD,0,package stm - object TMap - class UpdateResult,0.0,0.0,0.0,0.0,0.0,0.0,0.0
HEAD,0,package zio - trait ChunkPlatformSpecific,0.0,0.0,0.0,0.0,0.0,0.0,0.0
HEAD,0,package zio - trait ChunkPlatformSpecific - object Tags,0.0,0.0,0.0,0.0,0.0,0.0,0.0
HEAD,0,package internal - class OneElementConcQueueNoMetric,0.0,0.0,0.0,0.0,0.0,0.0,0.0
HEAD,0,package internal - trait PlatformSpecific,2.0,2.0,0.05555555555555555,0.0,0.0,1.0,0.0
HEAD,0,package internal - trait PlatformSpecific - method fromExecutor - <$anon: zio.internal.Platform>,0.0,0.0,0.0,0.0,0.0,0.0,0.0
HEAD,0,package internal - class Platform,0.0,0.0,0.0,0.0,0.0,0.0,0.0
HEAD,0,package internal - class Platform - method withExecutor - <$anon: zio.internal.Platform.Proxy>,0.0,0.0,0.0,0.0,0.0,0.0,0.0
HEAD,0,package internal - class Platform - method withTracing - <$anon: zio.internal.Platform.Proxy>,0.0,0.0,0.0,0.0,0.0,0.0,0.0
HEAD,0,package internal - class Platform - method withTracingConfig - <$anon: zio.internal.Platform.Proxy>,0.0,0.0,0.0,0.0,0.0,0.0,0.0
HEAD,0,package internal - class Platform - method withFatal - <$anon: zio.internal.Platform.Proxy>,0.0,0.0,0.0,0.0,0.0,0.0,0.0
HEAD,0,package internal - class Platform - method withReportFatal - <$anon: zio.internal.Platform.Proxy>,0.0,0.0,0.0,0.0,0.0,0.0,0.0
HEAD,0,package internal - class Platform - method withReportFailure - <$anon: zio.internal.Platform.Proxy>,0.0,0.0,0.0,0.0,0.0,0.0,0.0
HEAD,0,package internal - class Platform - method withSupervisor - <$anon: zio.internal.Platform.Proxy>,0.0,0.0,0.0,0.0,0.0,0.0,0.0
HEAD,0,package internal - object Platform,0.0,0.0,0.0,0.0,0.0,0.0,0.0
HEAD,0,package internal - object Platform - class Proxy,0.0,0.0,0.0,0.0,0.0,0.0,0.0
HEAD,0,package zio - trait ChunkFactory,0.0,0.0,0.0,0.0,0.0,0.0,0.0
HEAD,0,package tracing - class ZIOFn,0.0,0.0,0.0,0.0,0.0,0.0,0.0
HEAD,0,package tracing - class ZIOFn1,0.0,0.0,0.0,0.0,0.0,0.0,0.0
HEAD,0,package tracing - class ZIOFn2,0.0,0.0,0.0,0.0,0.0,0.0,0.0
HEAD,0,package tracing - object ZIOFn,1.0,1.0,0.1,0.0,0.0,1.0,0.0
HEAD,0,package tracing - object ZIOFn - method apply - <$anon: A => B>,0.0,0.0,0.0,0.0,0.0,0.0,0.0
HEAD,0,package compression - class CompressionParameters,0.0,0.0,0.0,0.0,0.0,0.0,0.0
HEAD,0,package compression - class CompressionLevel,0.0,0.0,0.0,0.0,0.0,0.0,0.0
HEAD,0,package compression - object CompressionLevel,0.0,0.0,0.0,0.0,0.0,0.0,0.0
HEAD,0,package compression - object CompressionLevel - object DefaultCompression,0.0,0.0,0.0,0.0,0.0,0.0,0.0
HEAD,0,package compression - object CompressionLevel - object NoCompression,0.0,0.0,0.0,0.0,0.0,0.0,0.0
HEAD,0,package compression - object CompressionLevel - object BestSpeed,0.0,0.0,0.0,0.0,0.0,0.0,0.0
HEAD,0,package compression - object CompressionLevel - object CompressionLevel2,0.0,0.0,0.0,0.0,0.0,0.0,0.0
HEAD,0,package compression - object CompressionLevel - object CompressionLevel3,0.0,0.0,0.0,0.0,0.0,0.0,0.0
HEAD,0,package compression - object CompressionLevel - object CompressionLevel4,0.0,0.0,0.0,0.0,0.0,0.0,0.0
HEAD,0,package compression - object CompressionLevel - object CompressionLevel5,0.0,0.0,0.0,0.0,0.0,0.0,0.0
HEAD,0,package compression - object CompressionLevel - object CompressionLevel6,0.0,0.0,0.0,0.0,0.0,0.0,0.0
HEAD,0,package compression - object CompressionLevel - object CompressionLevel7,0.0,0.0,0.0,0.0,0.0,0.0,0.0
HEAD,0,package compression - object CompressionLevel - object CompressionLevel8,0.0,0.0,0.0,0.0,0.0,0.0,0.0
HEAD,0,package compression - object CompressionLevel - object BestCompression,0.0,0.0,0.0,0.0,0.0,0.0,0.0
HEAD,0,package compression - class CompressionStrategy,0.0,0.0,0.0,0.0,0.0,0.0,0.0
HEAD,0,package compression - object CompressionStrategy,0.0,0.0,0.0,0.0,0.0,0.0,0.0
HEAD,0,package compression - object CompressionStrategy - object DefaultStrategy,0.0,0.0,0.0,0.0,0.0,0.0,0.0
HEAD,0,package compression - object CompressionStrategy - object Filtered,0.0,0.0,0.0,0.0,0.0,0.0,0.0
HEAD,0,package compression - object CompressionStrategy - object HuffmanOnly,0.0,0.0,0.0,0.0,0.0,0.0,0.0
HEAD,0,package compression - class FlushMode,0.0,0.0,0.0,0.0,0.0,0.0,0.0
HEAD,0,package compression - object FlushMode,0.0,0.0,0.0,0.0,0.0,0.0,0.0
HEAD,0,package compression - object FlushMode - object NoFlush,0.0,0.0,0.0,0.0,0.0,0.0,0.0
HEAD,0,package compression - object FlushMode - object SyncFlush,0.0,0.0,0.0,0.0,0.0,0.0,0.0
HEAD,0,package compression - object FlushMode - object FullFlush,0.0,0.0,0.0,0.0,0.0,0.0,0.0
HEAD,0,package fix - object CurriedAssert,0.0,0.0,0.0,0.0,0.0,0.0,0.0
HEAD,0,package chunks - class ChunkPrependBenchmarks,0.0,0.0,0.0,0.0,0.0,0.0,0.0
HEAD,3,package internal - object PlatformLive,0.0,0.0,0.0,0.0,0.0,0.0,0.0
HEAD,3,package internal - object PlatformLive - method fromExecutor - <$anon: zio.internal.Platform>,0.0,0.0,0.0,0.0,0.0,0.0,0.0
HEAD,0,package zio - trait EitherCompat,0.0,0.0,0.0,0.0,0.0,0.0,0.0
HEAD,8,package internal - class FiberContext,22.0,55.0,0.08196721311475409,1.0,0.0,8.0,1.0
HEAD,2,package internal - class FiberContext - object InterruptExit,0.0,0.0,0.0,0.0,0.0,0.0,0.0
HEAD,2,package internal - class FiberContext - object TracingRegionExit,0.0,0.0,0.0,0.0,0.0,0.0,0.0
HEAD,5,package internal - object FiberContext,0.0,0.0,0.0,0.0,0.0,0.0,0.0
HEAD,0,package internal - object FiberContext - class FiberState,0.0,0.0,0.0,0.0,0.0,0.0,0.0
HEAD,2,package internal - object FiberContext - object FiberState,0.0,0.0,0.0,0.0,0.0,0.0,0.0
HEAD,2,package internal - object FiberContext - object FiberState - class Executing,0.0,0.0,0.0,0.0,0.0,0.0,0.0
HEAD,2,package internal - object FiberContext - object FiberState - class Done,0.0,0.0,0.0,0.0,0.0,0.0,0.0
HEAD,2,package zio - object UIO,0.0,0.0,0.0,0.0,0.0,0.0,0.0
HEAD,0,package stacktracer - class ZTraceElement,0.0,0.0,0.0,0.0,0.0,0.0,0.0
HEAD,0,package stacktracer - object ZTraceElement,0.0,0.0,0.0,0.0,0.0,0.0,0.0
HEAD,0,package stacktracer - object ZTraceElement - class NoLocation,0.0,0.0,0.0,0.0,0.0,0.0,0.0
HEAD,0,package stacktracer - object ZTraceElement - class SourceLocation,0.0,0.0,0.0,0.0,0.0,0.0,0.0
HEAD,0,package zio - class IODeepLeftBindBenchmark,3.0,3.0,0.08823529411764706,0.0,0.0,0.0,0.0
HEAD,2,package zio - object IO,2.0,1.0,0.003105590062111801,0.0,0.0,0.0,0.0
HEAD,0,package zio - object IO - class BracketAcquire_,0.0,0.0,0.0,0.0,0.0,0.0,0.0
HEAD,0,package zio - object IO - class BracketRelease_,2.0,1.0,0.2,0.0,0.0,0.0,0.0
HEAD,0,package zio - object IO - class BracketAcquire,0.0,0.0,0.0,0.0,0.0,0.0,0.0
HEAD,0,package zio - object IO - class BracketRelease,0.0,0.0,0.0,0.0,0.0,0.0,0.0
HEAD,0,package zio - class FiberRef,17.0,27.0,0.375,0.0,0.0,3.0,0.0
HEAD,0,package zio - class FiberRef - method unsafeAsThreadLocal - <$anon: ThreadLocal[A]>,1.0,1.0,0.038461538461538464,0.0,0.0,0.0,0.0
HEAD,0,package zio - object FiberRef,2.0,1.0,0.25,0.0,0.0,0.0,0.0
HEAD,0,package internal - class LinkedQueue,0.0,0.0,0.0,0.0,0.0,0.0,0.0
HEAD,0,package internal - class RingBufferMethodDispatchBenchmark,2.0,2.0,0.03571428571428571,0.0,0.0,0.0,0.0
HEAD,0,package zio - class QueueSequentialBenchmark,12.0,14.0,0.2545454545454545,2.0,0.0,6.0,0.0
HEAD,0,package zio - trait ZIOPlatformSpecific,0.0,0.0,0.0,0.0,0.0,0.0,0.0
HEAD,0,package zio - trait ZIOCompanionPlatformSpecific,0.0,0.0,0.0,0.0,0.0,0.0,0.0
HEAD,0,package internal - object Utils,0.0,0.0,0.0,0.0,0.0,0.0,0.0
HEAD,0,package stm - class SemaphoreBenchmark,9.0,12.0,0.46153846153846156,2.0,0.0,6.0,0.0
HEAD,0,package internal - class RingBufferPow2,0.0,0.0,0.0,0.0,0.0,0.0,0.0
HEAD,0,package internal - object RingBufferPow2,0.0,0.0,0.0,0.0,0.0,0.0,0.0
HEAD,0,package zio - class FiberRefBenchmarks,18.0,13.0,0.3939393939393939,3.0,0.0,9.0,0.0
HEAD,0,package impl - object AkkaLineNumbers,8.0,48.0,0.16494845360824742,0.0,0.0,5.0,0.0
HEAD,0,package impl - object AkkaLineNumbers - class Result,0.0,0.0,0.0,0.0,0.0,0.0,0.0
HEAD,0,package impl - object AkkaLineNumbers - object NoSourceInfo,0.0,0.0,0.0,0.0,0.0,0.0,0.0
HEAD,0,package impl - object AkkaLineNumbers - class UnknownSourceFormat,0.0,0.0,0.0,0.0,0.0,0.0,0.0
HEAD,0,package impl - object AkkaLineNumbers - class SourceFile,0.0,0.0,0.0,0.0,0.0,0.0,0.0
HEAD,0,package impl - object AkkaLineNumbers - class SourceFileLines,0.0,0.0,0.0,0.0,0.0,0.0,0.0
HEAD,0,package impl - object AkkaLineNumbers - class Constants,1.0,1.0,0.015384615384615385,0.0,0.0,1.0,0.0
HEAD,0,package stm - class TMapContentionBenchmarks,3.0,2.0,0.10526315789473684,0.0,0.0,0.0,0.0
HEAD,1,package zio - trait Runtime,19.0,15.0,0.2459016393442623,0.0,0.0,1.0,0.0
HEAD,0,package zio - trait Runtime - method unsafeRunToFuture - <$anon: zio.CancelableFuture[A]>,0.0,0.0,0.0,0.0,0.0,0.0,0.0
HEAD,0,package zio - object Runtime,11.0,18.0,0.32142857142857145,0.0,0.0,3.0,0.0
HEAD,0,package zio - object Runtime - class Managed,9.0,9.0,0.42857142857142855,0.0,0.0,2.0,0.0
HEAD,0,package zio - object Runtime - object Managed,0.0,0.0,0.0,0.0,0.0,0.0,0.0
HEAD,0,package zio - object Runtime - object Managed - method apply - <$anon: zio.Runtime.Managed[R]>,0.0,0.0,0.0,0.0,0.0,0.0,0.0
HEAD,0,package zio - object Runtime - method apply - <$anon: zio.Runtime[R]>,0.0,0.0,0.0,0.0,0.0,0.0,0.0
HEAD,0,package zio - class =!=,0.0,0.0,0.0,0.0,0.0,0.0,0.0
HEAD,0,package zio - object =!=,0.0,0.0,0.0,0.0,0.0,0.0,0.0
HEAD,0,package zio - object =!= - method neq - <$anon: A =!= B>,0.0,0.0,0.0,0.0,0.0,0.0,0.0
HEAD,0,package zio - class ExecutionStrategy,0.0,0.0,0.0,0.0,0.0,0.0,0.0
HEAD,0,package zio - object ExecutionStrategy,0.0,0.0,0.0,0.0,0.0,0.0,0.0
HEAD,0,package zio - object ExecutionStrategy - object Sequential,0.0,0.0,0.0,0.0,0.0,0.0,0.0
HEAD,0,package zio - object ExecutionStrategy - object Parallel,0.0,0.0,0.0,0.0,0.0,0.0,0.0
HEAD,0,package zio - object ExecutionStrategy - class ParallelN,0.0,0.0,0.0,0.0,0.0,0.0,0.0
HEAD,0,package impl - class AkkaLineNumbersTracer,1.0,1.0,0.05555555555555555,0.0,0.0,0.0,0.0
HEAD,0,package impl - object AkkaLineNumbersTracer,0.0,0.0,0.0,0.0,0.0,0.0,0.0
HEAD,0,package stm - class TSet,16.0,11.0,0.34375,0.0,0.0,6.0,0.0
HEAD,0,package stm - object TSet,2.0,1.0,0.16666666666666666,0.0,0.0,1.0,0.0
HEAD,0,package zio - trait ZIOPlatformSpecific,2.0,1.0,0.14285714285714285,0.0,0.0,0.0,0.0
HEAD,0,package zio - trait ZIOCompanionPlatformSpecific,3.0,10.0,0.7142857142857143,0.0,0.0,0.0,0.0
HEAD,0,package stacktracer - class Tracer,0.0,0.0,0.0,0.0,0.0,0.0,0.0
HEAD,0,package stacktracer - object Tracer,0.0,0.0,0.0,0.0,0.0,0.0,0.0
HEAD,0,package stacktracer - object Tracer - method cached - <$anon: zio.internal.stacktracer.Tracer>,0.0,0.0,0.0,0.0,0.0,0.0,0.0
HEAD,0,package stacktracer - object Tracer - <$anon: zio.internal.stacktracer.Tracer>,0.0,0.0,0.0,0.0,0.0,0.0,0.0
HEAD,0,package zio - class ArrayFillBenchmark,15.0,18.0,0.36,0.0,0.0,8.0,0.0
HEAD,0,package <empty> - object MimaSettings,0.0,0.0,0.0,0.0,0.0,0.0,0.0
HEAD,0,package zio - class ChunkBuilder,0.0,0.0,0.0,0.0,0.0,0.0,0.0
HEAD,0,package zio - object ChunkBuilder,1.0,1.0,0.0037593984962406013,0.0,0.0,0.0,0.0
HEAD,0,package zio - object ChunkBuilder - method make - <$anon: zio.ChunkBuilder[A]>,0.0,0.0,0.0,0.0,0.0,0.0,0.0
HEAD,0,package zio - object ChunkBuilder - class Boolean,1.0,1.0,0.018518518518518517,0.0,0.0,0.0,0.0
HEAD,0,package zio - object ChunkBuilder - class Byte,0.0,0.0,0.0,0.0,0.0,0.0,0.0
HEAD,0,package zio - object ChunkBuilder - class Char,0.0,0.0,0.0,0.0,0.0,0.0,0.0
HEAD,0,package zio - object ChunkBuilder - class Double,0.0,0.0,0.0,0.0,0.0,0.0,0.0
HEAD,0,package zio - object ChunkBuilder - class Float,0.0,0.0,0.0,0.0,0.0,0.0,0.0
HEAD,0,package zio - object ChunkBuilder - class Int,0.0,0.0,0.0,0.0,0.0,0.0,0.0
HEAD,0,package zio - object ChunkBuilder - class Long,0.0,0.0,0.0,0.0,0.0,0.0,0.0
HEAD,0,package zio - object ChunkBuilder - class Short,0.0,0.0,0.0,0.0,0.0,0.0,0.0
HEAD,0,package internal - class Tracing,0.0,0.0,0.0,0.0,0.0,0.0,0.0
HEAD,0,package internal - object Tracing,0.0,0.0,0.0,0.0,0.0,0.0,0.0
HEAD,0,package chunks - class ChunkCreationBenchmarks,0.0,0.0,0.0,0.0,0.0,0.0,0.0
HEAD,0,package internal - class MergeAllParBenchmark,3.0,3.0,0.2727272727272727,0.0,0.0,2.0,0.0
HEAD,0,package zio - trait ChunkPlatformSpecific,0.0,0.0,0.0,0.0,0.0,0.0,0.0
HEAD,0,package zio - trait ChunkPlatformSpecific - object Tags,0.0,0.0,0.0,0.0,0.0,0.0,0.0
HEAD,0,package internal - class RoundtripBenchmark,2.0,2.0,0.0625,0.0,0.0,0.0,0.0
HEAD,0,package zio - trait ChunkLike,0.0,0.0,0.0,0.0,0.0,0.0,0.0
HEAD,0,package zio - object ChunkLike,1.0,1.0,0.08333333333333333,0.0,0.0,0.0,0.0
HEAD,2,package zio - object RIO,0.0,0.0,0.0,0.0,0.0,0.0,0.0
HEAD,0,package tracing - class TracingConfig,0.0,0.0,0.0,0.0,0.0,0.0,0.0
HEAD,0,package tracing - object TracingConfig,0.0,0.0,0.0,0.0,0.0,0.0,0.0
HEAD,0,package fix - object CurriedAssert,0.0,0.0,0.0,0.0,0.0,0.0,0.0
HEAD,1,package stm - class TArray,49.0,124.0,0.6526315789473685,0.0,0.0,13.0,9.0
HEAD,0,package stm - object TArray,2.0,1.0,0.16666666666666666,0.0,0.0,0.0,0.0
HEAD,1,package zio - object Ref,0.0,0.0,0.0,0.0,0.0,0.0,0.0
HEAD,0,package clock - trait PlatformSpecific,2.0,5.0,0.22727272727272727,0.0,0.0,0.0,0.0
HEAD,0,package clock - trait PlatformSpecific - <$anon: zio.internal.Scheduler>,2.0,5.0,0.2631578947368421,0.0,0.0,0.0,0.0
HEAD,0,package clock - trait PlatformSpecific - <$anon: zio.internal.Scheduler> - method schedule - <$anon: Runnable>,0.0,0.0,0.0,0.0,0.0,0.0,0.0
HEAD,0,package internal - class OneElementQueueConcBenchmark,0.0,0.0,0.0,0.0,0.0,0.0,0.0
HEAD,0,package internal - object OneElementQueueConcBenchmark,0.0,0.0,0.0,0.0,0.0,0.0,0.0
HEAD,0,package internal - object OneElementQueueConcBenchmark - class PollCounters,0.0,0.0,0.0,0.0,0.0,0.0,0.0
HEAD,0,package internal - object OneElementQueueConcBenchmark - class OfferCounters,0.0,0.0,0.0,0.0,0.0,0.0,0.0
HEAD,0,package internal - trait PlatformSpecific,2.0,2.0,0.034482758620689655,0.0,0.0,1.0,0.0
HEAD,0,package internal - trait PlatformSpecific - method addShutdownHook - <$anon: Thread>,0.0,0.0,0.0,0.0,0.0,0.0,0.0
HEAD,0,package internal - trait PlatformSpecific - method fromExecutor - <$anon: zio.internal.Platform>,0.0,0.0,0.0,0.0,0.0,0.0,0.0
HEAD,0,package internal - class JucBlockingQueue,0.0,0.0,0.0,0.0,0.0,0.0,0.0
HEAD,0,package zio - class IODeepAttemptBenchmark,25.0,17.0,0.17894736842105263,0.0,0.0,0.0,0.0
HEAD,0,package zio - class IODeepAttemptBenchmark - class ZIOError,0.0,0.0,0.0,0.0,0.0,0.0,0.0
HEAD,0,package internal - class StackBool,1.0,1.0,0.017857142857142856,0.0,0.0,0.0,0.0
HEAD,0,package internal - object StackBool,1.0,3.0,0.16666666666666666,0.0,0.0,1.0,0.0
HEAD,0,package internal - object StackBool - class Entry,0.0,0.0,0.0,0.0,0.0,0.0,0.0
HEAD,0,package zio - trait ChunkPlatformSpecific,0.0,0.0,0.0,0.0,0.0,0.0,0.0
HEAD,0,package zio - trait ChunkPlatformSpecific - object Tags,0.0,0.0,0.0,0.0,0.0,0.0,0.0
HEAD,0,package <empty> - object BuildHelper,27.0,27.0,0.09246575342465753,0.0,0.0,0.0,0.0
HEAD,0,package <empty> - object BuildHelper - class ModuleHelper,0.0,0.0,0.0,0.0,0.0,0.0,0.0
HEAD,9,package zio - trait ZIO,271.0,308.0,0.4106666666666667,0.0,0.0,7.0,0.0
HEAD,9,package zio - object ZIO,246.0,313.0,0.30656219392752204,0.0,0.0,40.0,0.0
HEAD,0,package zio - object ZIO - method fromFutureInterrupt - <$anon: scala.concurrent.ExecutionContext>,0.0,0.0,0.0,0.0,0.0,0.0,0.0
HEAD,0,package zio - object ZIO - method reduceAllPar - method prepend - <$anon: Iterable[Z]>,0.0,0.0,0.0,0.0,0.0,0.0,0.0
HEAD,0,package zio - object ZIO - method reduceAllParN - method prepend - <$anon: Iterable[Z]>,0.0,0.0,0.0,0.0,0.0,0.0,0.0
HEAD,0,package zio - object ZIO - method replicate - <$anon: Iterable[zio.ZIO[R E A]]>,1.0,1.0,0.3333333333333333,0.0,0.0,0.0,0.0
HEAD,0,package zio - object ZIO - class ZIOAutoCloseableOps,1.0,1.0,0.2,0.0,0.0,1.0,0.0
HEAD,0,package zio - object ZIO - class ZioRefineToOrDieOps,0.0,0.0,0.0,0.0,0.0,0.0,0.0
HEAD,0,package zio - object ZIO - class ProvideSomeLayer,0.0,0.0,0.0,0.0,0.0,0.0,0.0
HEAD,0,package zio - object ZIO - class UpdateService,1.0,1.0,0.25,0.0,0.0,0.0,0.0
HEAD,0,package zio - object ZIO - class CanFilter,0.0,0.0,0.0,0.0,0.0,0.0,0.0
HEAD,0,package zio - object ZIO - object CanFilter,0.0,0.0,0.0,0.0,0.0,0.0,0.0
HEAD,0,package zio - object ZIO - object CanFilter - method canFilter - <$anon: zio.ZIO.CanFilter[E]>,0.0,0.0,0.0,0.0,0.0,0.0,0.0
HEAD,0,package zio - object ZIO - class ZIOWithFilterOps,1.0,3.0,0.42857142857142855,0.0,0.0,0.0,0.0
HEAD,0,package zio - object ZIO - class Grafter,0.0,0.0,0.0,0.0,0.0,0.0,0.0
HEAD,2,package zio - object ZIO - class InterruptStatusRestore,0.0,0.0,0.0,0.0,0.0,0.0,0.0
HEAD,0,package zio - object ZIO - class IfM,1.0,1.0,0.25,0.0,0.0,0.0,0.0
HEAD,0,package zio - object ZIO - class UnlessM,1.0,1.0,0.25,0.0,0.0,0.0,0.0
HEAD,0,package zio - object ZIO - class WhenM,1.0,1.0,0.25,0.0,0.0,0.0,0.0
HEAD,3,package zio - object ZIO - class TimeoutTo,0.0,0.0,0.0,0.0,0.0,0.0,0.0
HEAD,0,package zio - object ZIO - class BracketAcquire_,0.0,0.0,0.0,0.0,0.0,0.0,0.0
HEAD,0,package zio - object ZIO - class BracketRelease_,2.0,1.0,0.2,0.0,0.0,0.0,0.0
HEAD,0,package zio - object ZIO - class BracketAcquire,0.0,0.0,0.0,0.0,0.0,0.0,0.0
HEAD,0,package zio - object ZIO - class BracketRelease,0.0,0.0,0.0,0.0,0.0,0.0,0.0
HEAD,0,package zio - object ZIO - class BracketExitAcquire,0.0,0.0,0.0,0.0,0.0,0.0,0.0
HEAD,0,package zio - object ZIO - class BracketExitRelease,0.0,0.0,0.0,0.0,0.0,0.0,0.0
HEAD,1,package zio - object ZIO - class AccessPartiallyApplied,1.0,1.0,0.25,0.0,0.0,0.0,0.0
HEAD,1,package zio - object ZIO - class AccessMPartiallyApplied,0.0,0.0,0.0,0.0,0.0,0.0,0.0
HEAD,0,package zio - object ZIO - class ZipLeftFn,0.0,0.0,0.0,0.0,0.0,0.0,0.0
HEAD,0,package zio - object ZIO - class ZipRightFn,0.0,0.0,0.0,0.0,0.0,0.0,0.0
HEAD,0,package zio - object ZIO - class TapFn,0.0,0.0,0.0,0.0,0.0,0.0,0.0
HEAD,0,package zio - object ZIO - class MapFn,0.0,0.0,0.0,0.0,0.0,0.0,0.0
HEAD,0,package zio - object ZIO - class ConstZIOFn,0.0,0.0,0.0,0.0,0.0,0.0,0.0
HEAD,0,package zio - object ZIO - class ForkScopeRestore,0.0,0.0,0.0,0.0,0.0,0.0,0.0
HEAD,0,package zio - object ZIO - class ConstFn,0.0,0.0,0.0,0.0,0.0,0.0,0.0
HEAD,0,package zio - object ZIO - class BracketReleaseFn,0.0,0.0,0.0,0.0,0.0,0.0,0.0
HEAD,0,package zio - object ZIO - class SucceedFn,0.0,0.0,0.0,0.0,0.0,0.0,0.0
HEAD,0,package zio - object ZIO - class MapErrorFn,0.0,0.0,0.0,0.0,0.0,0.0,0.0
HEAD,0,package zio - object ZIO - class MapErrorCauseFn,0.0,0.0,0.0,0.0,0.0,0.0,0.0
HEAD,0,package zio - object ZIO - class FoldCauseMFailureFn,1.0,1.0,0.2,0.0,0.0,0.0,0.0
HEAD,0,package zio - object ZIO - class FoldCauseMFailureTraceFn,1.0,1.0,0.2,0.0,0.0,0.0,0.0
HEAD,0,package zio - object ZIO - class TapCauseRefailFn,0.0,0.0,0.0,0.0,0.0,0.0,0.0
HEAD,0,package zio - object ZIO - class TapErrorRefailFn,2.0,1.0,0.2,0.0,0.0,0.0,0.0
HEAD,0,package zio - object ZIO - class TapErrorTraceRefailFn,2.0,1.0,0.16666666666666666,0.0,0.0,0.0,0.0
HEAD,0,package zio - object ZIO - object Tags,0.0,0.0,0.0,0.0,0.0,0.0,0.0
HEAD,0,package zio - object ZIO - class FlatMap,0.0,0.0,0.0,0.0,0.0,0.0,0.0
HEAD,0,package zio - object ZIO - class Succeed,0.0,0.0,0.0,0.0,0.0,0.0,0.0
HEAD,0,package zio - object ZIO - class EffectTotal,0.0,0.0,0.0,0.0,0.0,0.0,0.0
HEAD,0,package zio - object ZIO - class EffectPartial,0.0,0.0,0.0,0.0,0.0,0.0,0.0
HEAD,0,package zio - object ZIO - class EffectAsync,0.0,0.0,0.0,0.0,0.0,0.0,0.0
HEAD,0,package zio - object ZIO - class Fold,0.0,0.0,0.0,0.0,0.0,0.0,0.0
HEAD,0,package zio - object ZIO - class Fork,0.0,0.0,0.0,0.0,0.0,0.0,0.0
HEAD,0,package zio - object ZIO - class InterruptStatus,0.0,0.0,0.0,0.0,0.0,0.0,0.0
HEAD,0,package zio - object ZIO - class CheckInterrupt,0.0,0.0,0.0,0.0,0.0,0.0,0.0
HEAD,0,package zio - object ZIO - class Fail,0.0,0.0,0.0,0.0,0.0,0.0,0.0
HEAD,0,package zio - object ZIO - class Descriptor,0.0,0.0,0.0,0.0,0.0,0.0,0.0
HEAD,0,package zio - object ZIO - class Lock,0.0,0.0,0.0,0.0,0.0,0.0,0.0
HEAD,0,package zio - object ZIO - object Yield,0.0,0.0,0.0,0.0,0.0,0.0,0.0
HEAD,0,package zio - object ZIO - class Read,0.0,0.0,0.0,0.0,0.0,0.0,0.0
HEAD,0,package zio - object ZIO - class Provide,0.0,0.0,0.0,0.0,0.0,0.0,0.0
HEAD,0,package zio - object ZIO - class EffectSuspendPartialWith,0.0,0.0,0.0,0.0,0.0,0.0,0.0
HEAD,0,package zio - object ZIO - class EffectSuspendTotalWith,0.0,0.0,0.0,0.0,0.0,0.0,0.0
HEAD,0,package zio - object ZIO - class FiberRefNew,0.0,0.0,0.0,0.0,0.0,0.0,0.0
HEAD,0,package zio - object ZIO - class FiberRefModify,0.0,0.0,0.0,0.0,0.0,0.0,0.0
HEAD,0,package zio - object ZIO - object Trace,0.0,0.0,0.0,0.0,0.0,0.0,0.0
HEAD,0,package zio - object ZIO - class TracingStatus,0.0,0.0,0.0,0.0,0.0,0.0,0.0
HEAD,0,package zio - object ZIO - class CheckTracing,0.0,0.0,0.0,0.0,0.0,0.0,0.0
HEAD,0,package zio - object ZIO - class RaceWith,0.0,0.0,0.0,0.0,0.0,0.0,0.0
HEAD,0,package zio - object ZIO - class Supervise,0.0,0.0,0.0,0.0,0.0,0.0,0.0
HEAD,0,package zio - object ZIO - class GetForkScope,0.0,0.0,0.0,0.0,0.0,0.0,0.0
HEAD,0,package zio - object ZIO - class OverrideForkScope,0.0,0.0,0.0,0.0,0.0,0.0,0.0
HEAD,0,package zio - object ZIOArray,3.0,6.0,0.35294117647058826,0.0,0.0,3.0,0.0
HEAD,0,package zio - object CatsIOArray,3.0,6.0,0.3333333333333333,0.0,0.0,2.0,0.0
HEAD,0,package zio - object MonixIOArray,2.0,2.0,0.11764705882352941,0.0,0.0,1.0,0.0
HEAD,0,package zio - trait PlatformSpecific,0.0,0.0,0.0,0.0,0.0,0.0,0.0
HEAD,0,package zio - trait PlatformSpecific - object ZEnv,0.0,0.0,0.0,0.0,0.0,0.0,0.0
HEAD,0,package zio - trait PlatformSpecific - object ZEnv - object Services,0.0,0.0,0.0,0.0,0.0,0.0,0.0
HEAD,0,package internal - class OneShot,0.0,0.0,0.0,0.0,0.0,0.0,0.0
HEAD,0,package internal - object OneShot,0.0,0.0,0.0,0.0,0.0,0.0,0.0
HEAD,0,package zio - class ZTrace,3.0,3.0,0.07142857142857142,0.0,0.0,0.0,0.0
HEAD,0,package zio - object ZTrace,1.0,1.0,0.125,0.0,0.0,0.0,0.0
HEAD,0,package zio - class CanFail,0.0,0.0,0.0,0.0,0.0,0.0,0.0
HEAD,0,package zio - object CanFail,0.0,0.0,0.0,0.0,0.0,0.0,0.0
HEAD,0,package zio - class NeedsEnv,0.0,0.0,0.0,0.0,0.0,0.0,0.0
HEAD,0,package zio - object NeedsEnv,0.0,0.0,0.0,0.0,0.0,0.0,0.0
HEAD,0,package stm - class ZSTM,120.0,175.0,0.45454545454545453,0.0,0.0,3.0,0.0
HEAD,1,package stm - object ZSTM,62.0,71.0,0.15010570824524314,0.0,0.0,7.0,0.0
HEAD,0,package stm - object ZSTM - method replicate - <$anon: Iterable[zio.stm.ZSTM[R E A]]>,1.0,1.0,0.3333333333333333,0.0,0.0,0.0,0.0
HEAD,0,package stm - object ZSTM - class AccessPartiallyApplied,0.0,0.0,0.0,0.0,0.0,0.0,0.0
HEAD,0,package stm - object ZSTM - class AccessMPartiallyApplied,0.0,0.0,0.0,0.0,0.0,0.0,0.0
HEAD,0,package stm - object ZSTM - class IfM,1.0,1.0,0.2,0.0,0.0,0.0,0.0
HEAD,0,package stm - object ZSTM - class UnlessM,1.0,1.0,0.2,0.0,0.0,0.0,0.0
HEAD,0,package stm - object ZSTM - class UpdateService,1.0,1.0,0.2,0.0,0.0,0.0,0.0
HEAD,0,package stm - object ZSTM - class WhenM,1.0,1.0,0.2,0.0,0.0,0.0,0.0
HEAD,0,package stm - object ZSTM - class Resumable,0.0,0.0,0.0,0.0,0.0,0.0,0.0
HEAD,0,package stm - object ZSTM - object internal,3.0,3.0,0.012658227848101266,0.0,0.0,3.0,0.0
HEAD,0,package stm - object ZSTM - object internal - class Versioned,0.0,0.0,0.0,0.0,0.0,0.0,0.0
HEAD,0,package stm - object ZSTM - object internal - class JournalAnalysis,0.0,0.0,0.0,0.0,0.0,0.0,0.0
HEAD,0,package stm - object ZSTM - object internal - object JournalAnalysis,0.0,0.0,0.0,0.0,0.0,0.0,0.0
HEAD,0,package stm - object ZSTM - object internal - object JournalAnalysis - object Invalid,0.0,0.0,0.0,0.0,0.0,0.0,0.0
HEAD,0,package stm - object ZSTM - object internal - object JournalAnalysis - object ReadOnly,0.0,0.0,0.0,0.0,0.0,0.0,0.0
HEAD,0,package stm - object ZSTM - object internal - object JournalAnalysis - object ReadWrite,0.0,0.0,0.0,0.0,0.0,0.0,0.0
HEAD,0,package stm - object ZSTM - object internal - <$anon: AnyRef>,0.0,0.0,0.0,0.0,0.0,0.0,0.0
HEAD,0,package stm - object ZSTM - object internal - class TExit,0.0,0.0,0.0,0.0,0.0,0.0,0.0
HEAD,0,package stm - object ZSTM - object internal - object TExit,0.0,0.0,0.0,0.0,0.0,0.0,0.0
HEAD,0,package stm - object ZSTM - object internal - object TExit - class Fail,0.0,0.0,0.0,0.0,0.0,0.0,0.0
HEAD,0,package stm - object ZSTM - object internal - object TExit - class Succeed,0.0,0.0,0.0,0.0,0.0,0.0,0.0
HEAD,0,package stm - object ZSTM - object internal - object TExit - object Retry,0.0,0.0,0.0,0.0,0.0,0.0,0.0
HEAD,0,package stm - object ZSTM - object internal - class Entry,0.0,0.0,0.0,0.0,0.0,0.0,0.0
HEAD,0,package stm - object ZSTM - object internal - class Entry - method copy - <$anon: zio.stm.ZSTM.internal.Entry>,0.0,0.0,0.0,0.0,0.0,0.0,0.0
HEAD,0,package stm - object ZSTM - object internal - object Entry,0.0,0.0,0.0,0.0,0.0,0.0,0.0
HEAD,0,package stm - object ZSTM - object internal - object Entry - method apply - <$anon: zio.stm.ZSTM.internal.Entry>,0.0,0.0,0.0,0.0,0.0,0.0,0.0
HEAD,0,package stm - object ZSTM - object internal - class TryCommit,0.0,0.0,0.0,0.0,0.0,0.0,0.0
HEAD,0,package stm - object ZSTM - object internal - object TryCommit,0.0,0.0,0.0,0.0,0.0,0.0,0.0
HEAD,0,package stm - object ZSTM - object internal - object TryCommit - class Done,0.0,0.0,0.0,0.0,0.0,0.0,0.0
HEAD,0,package stm - object ZSTM - object internal - object TryCommit - class Suspend,0.0,0.0,0.0,0.0,0.0,0.0,0.0
HEAD,0,package compression - class Gunzipper,0.0,0.0,0.0,0.0,0.0,0.0,0.0
HEAD,0,package compression - class Gunzipper - class ParseHeaderStep,0.0,0.0,0.0,0.0,0.0,0.0,0.0
HEAD,0,package compression - class Gunzipper - class ParseExtraStep,0.0,0.0,0.0,0.0,0.0,0.0,0.0
HEAD,0,package compression - class Gunzipper - class SkipCommentsStep,0.0,0.0,0.0,0.0,0.0,0.0,0.0
HEAD,0,package compression - class Gunzipper - class CheckCrc16Step,0.0,0.0,0.0,0.0,0.0,0.0,0.0
HEAD,0,package compression - class Gunzipper - class Decompress,0.0,0.0,0.0,0.0,0.0,0.0,0.0
HEAD,0,package compression - class Gunzipper - class CheckTrailerStep,0.0,0.0,0.0,0.0,0.0,0.0,0.0
HEAD,0,package compression - object Gunzipper,0.0,0.0,0.0,0.0,0.0,0.0,0.0
HEAD,0,package compression - object Gunzipper - trait State,0.0,0.0,0.0,0.0,0.0,0.0,0.0
HEAD,0,package zio - class IOShallowAttemptBenchmark,31.0,21.0,0.19444444444444445,0.0,0.0,0.0,0.0
HEAD,0,package zio - class IOShallowAttemptBenchmark - class ZIOError,0.0,0.0,0.0,0.0,0.0,0.0,0.0
HEAD,0,package internal - class ZReader,0.0,0.0,0.0,0.0,0.0,0.0,0.0
HEAD,0,package internal - object ZReader,0.0,0.0,0.0,0.0,0.0,0.0,0.0
HEAD,1,package internal - class Stack,0.0,0.0,0.0,0.0,0.0,0.0,0.0
HEAD,0,package internal - object Stack,0.0,0.0,0.0,0.0,0.0,0.0,0.0
HEAD,0,package zio - package clock - package object clock,14.0,16.0,0.32653061224489793,0.0,0.0,0.0,0.0
HEAD,0,package zio - package clock - package object clock - object Clock,9.0,11.0,0.3055555555555556,0.0,0.0,0.0,0.0
HEAD,0,package zio - package clock - package object clock - object Clock - trait Service,2.0,2.0,0.25,0.0,0.0,0.0,0.0
HEAD,0,package zio - package clock - package object clock - object Clock - object Service,7.0,9.0,0.391304347826087,0.0,0.0,0.0,0.0
HEAD,0,package zio - package clock - package object clock - object Clock - object Service - <$anon: zio.clock.Clock.Service>,7.0,9.0,0.45,0.0,0.0,0.0,0.0
HEAD,0,package impls - class AsmTracer,0.0,0.0,0.0,0.0,0.0,0.0,0.0
HEAD,0,package impls - object AsmTracer,0.0,0.0,0.0,0.0,0.0,0.0,0.0
HEAD,0,package impls - object AsmTracer - class MethodSearchVisitor,0.0,0.0,0.0,0.0,0.0,0.0,0.0
HEAD,0,package impls - object AsmTracer - class MethodSearchVisitor - method visitMethod - <$anon: <error>>,0.0,0.0,0.0,0.0,0.0,0.0,0.0
HEAD,0,package internal - object PlatformConstants,0.0,0.0,0.0,0.0,0.0,0.0,0.0
HEAD,0,package stacktracer - class TracersBenchmark,3.0,3.0,0.125,0.0,0.0,0.0,0.0
HEAD,0,package stacktracer - object TracersBenchmark,0.0,0.0,0.0,0.0,0.0,0.0,0.0
HEAD,0,package internal - class PollBenchmark,0.0,0.0,0.0,0.0,0.0,0.0,0.0
HEAD,0,package internal - class OneElementConcurrentQueue,0.0,0.0,0.0,0.0,0.0,0.0,0.0
HEAD,0,package internal - class NotThreadSafeQueue,0.0,0.0,0.0,0.0,0.0,0.0,0.0
HEAD,0,package stm - class TArrayOpsBenchmarks,15.0,13.0,0.34210526315789475,7.0,0.0,0.0,0.0
HEAD,1,package zio - package stream - package object stream,0.0,0.0,0.0,0.0,0.0,0.0,0.0
HEAD,0,package internal - object RingBuffer,0.0,0.0,0.0,0.0,0.0,0.0,0.0
HEAD,0,package internal - class RingBuffer,1.0,1.0,0.010869565217391304,0.0,0.0,0.0,0.0
HEAD,0,package zio - package stm - package object stm,0.0,0.0,0.0,0.0,0.0,0.0,0.0
HEAD,0,package zio - class CanFail,0.0,0.0,0.0,0.0,0.0,0.0,0.0
HEAD,0,package zio - object CanFail,0.0,0.0,0.0,0.0,0.0,0.0,0.0
HEAD,0,package zio - class IODeepFlatMapBenchmark,22.0,11.0,0.15714285714285714,0.0,0.0,0.0,0.0
HEAD,0,package internal - class Scheduler,0.0,0.0,0.0,0.0,0.0,0.0,0.0
HEAD,0,package internal - object Scheduler,2.0,2.0,0.10526315789473684,0.0,0.0,0.0,0.0
HEAD,0,package internal - object Scheduler - method fromScheduledExecutorService - <$anon: zio.internal.Scheduler>,2.0,2.0,0.13333333333333333,0.0,0.0,0.0,0.0
HEAD,0,package internal - object Scheduler - method fromScheduledExecutorService - <$anon: zio.internal.Scheduler> - method schedule - <$anon: Runnable>,0.0,0.0,0.0,0.0,0.0,0.0,0.0
HEAD,0,package internal - object FiberRenderer,10.0,16.0,0.25396825396825395,0.0,0.0,0.0,0.0
HEAD,0,package internal - class ProducerConsumerBenchmark,0.0,0.0,0.0,0.0,0.0,0.0,0.0
HEAD,0,package internal - object ProducerConsumerBenchmark,0.0,0.0,0.0,0.0,0.0,0.0,0.0
HEAD,0,package internal - object ProducerConsumerBenchmark - class PollCounters,0.0,0.0,0.0,0.0,0.0,0.0,0.0
HEAD,0,package internal - object ProducerConsumerBenchmark - class OfferCounters,0.0,0.0,0.0,0.0,0.0,0.0,0.0
HEAD,0,package zio - class Chunk,21.0,43.0,0.05931034482758621,0.0,0.0,0.0,0.0
HEAD,3,package zio - object Chunk,8.0,14.0,0.02857142857142857,0.0,1.0,1.0,1.0
HEAD,0,package zio - object Chunk - class AppendN,0.0,0.0,0.0,0.0,0.0,0.0,0.0
HEAD,0,package zio - object Chunk - class PrependN,0.0,0.0,0.0,0.0,0.0,0.0,0.0
HEAD,2,package zio - object Chunk - class Arr,8.0,14.0,0.09271523178807947,0.0,1.0,1.0,1.0
HEAD,1,package zio - object Chunk - class Concat,0.0,0.0,0.0,0.0,0.0,0.0,0.0
HEAD,0,package zio - object Chunk - class Singleton,0.0,0.0,0.0,0.0,0.0,0.0,0.0
HEAD,0,package zio - object Chunk - class Slice,0.0,0.0,0.0,0.0,0.0,0.0,0.0
HEAD,0,package zio - object Chunk - class VectorChunk,0.0,0.0,0.0,0.0,0.0,0.0,0.0
HEAD,0,package zio - object Chunk - class BitChunk,0.0,0.0,0.0,0.0,0.0,0.0,0.0
HEAD,1,package zio - object Chunk - object Empty,0.0,0.0,0.0,0.0,0.0,0.0,0.0
HEAD,0,package zio - object Chunk - class AnyRefArray,0.0,0.0,0.0,0.0,0.0,0.0,0.0
HEAD,0,package zio - object Chunk - class ByteArray,0.0,0.0,0.0,0.0,0.0,0.0,0.0
HEAD,0,package zio - object Chunk - class CharArray,0.0,0.0,0.0,0.0,0.0,0.0,0.0
HEAD,0,package zio - object Chunk - class IntArray,0.0,0.0,0.0,0.0,0.0,0.0,0.0
HEAD,0,package zio - object Chunk - class LongArray,0.0,0.0,0.0,0.0,0.0,0.0,0.0
HEAD,0,package zio - object Chunk - class DoubleArray,0.0,0.0,0.0,0.0,0.0,0.0,0.0
HEAD,0,package zio - object Chunk - class FloatArray,0.0,0.0,0.0,0.0,0.0,0.0,0.0
HEAD,0,package zio - object Chunk - class ShortArray,0.0,0.0,0.0,0.0,0.0,0.0,0.0
HEAD,0,package zio - object Chunk - class BooleanArray,0.0,0.0,0.0,0.0,0.0,0.0,0.0
HEAD,0,package zio - class =!=,0.0,0.0,0.0,0.0,0.0,0.0,0.0
HEAD,0,package zio - object =!=,0.0,0.0,0.0,0.0,0.0,0.0,0.0
HEAD,0,package zio - object =!= - method neq - <$anon: A =!= B>,0.0,0.0,0.0,0.0,0.0,0.0,0.0
HEAD,0,package zio - class Reservation,0.0,0.0,0.0,0.0,0.0,0.0,0.0
HEAD,4,package zio - class ZManaged,183.0,245.0,0.5104166666666666,0.0,0.0,3.0,0.0
HEAD,7,package zio - object ZManaged,177.0,229.0,0.4225092250922509,0.0,0.0,3.0,0.0
HEAD,0,package zio - object ZManaged - class AccessPartiallyApplied,0.0,0.0,0.0,0.0,0.0,0.0,0.0
HEAD,0,package zio - object ZManaged - class AccessMPartiallyApplied,0.0,0.0,0.0,0.0,0.0,0.0,0.0
HEAD,0,package zio - object ZManaged - class AccessManagedPartiallyApplied,0.0,0.0,0.0,0.0,0.0,0.0,0.0
HEAD,0,package zio - object ZManaged - object Finalizer,1.0,1.0,0.25,0.0,0.0,0.0,0.0
HEAD,0,package zio - object ZManaged - class IfM,1.0,1.0,0.14285714285714285,0.0,0.0,0.0,0.0
HEAD,0,package zio - object ZManaged - class ProvideSomeLayer,0.0,0.0,0.0,0.0,0.0,0.0,0.0
HEAD,0,package zio - object ZManaged - class UnlessM,1.0,1.0,0.25,0.0,0.0,0.0,0.0
HEAD,0,package zio - object ZManaged - class UpdateService,1.0,1.0,0.25,0.0,0.0,0.0,0.0
HEAD,0,package zio - object ZManaged - class WhenM,1.0,1.0,0.25,0.0,0.0,0.0,0.0
HEAD,0,package zio - object ZManaged - class ReleaseMap,0.0,0.0,0.0,0.0,0.0,0.0,0.0
HEAD,1,package zio - object ZManaged - object ReleaseMap,18.0,74.0,0.8314606741573034,0.0,0.0,0.0,0.0
HEAD,0,package zio - object ZManaged - object ReleaseMap - method make - class State,0.0,0.0,0.0,0.0,0.0,0.0,0.0
HEAD,0,package zio - object ZManaged - object ReleaseMap - method make - class Exited,0.0,0.0,0.0,0.0,0.0,0.0,0.0
HEAD,0,package zio - object ZManaged - object ReleaseMap - method make - class Running,0.0,0.0,0.0,0.0,0.0,0.0,0.0
HEAD,1,package zio - object ZManaged - object ReleaseMap - method make - <$anon: zio.ZManaged.ReleaseMap>,16.0,62.0,0.8611111111111112,0.0,0.0,0.0,0.0
HEAD,0,package zio - object ZManaged - method apply - <$anon: zio.ZManaged[R E A]>,0.0,0.0,0.0,0.0,0.0,0.0,0.0
HEAD,0,package zio - object ZManaged - class PreallocationScope,0.0,0.0,0.0,0.0,0.0,0.0,0.0
HEAD,0,package zio - object ZManaged - <$anon: zio.ZManaged.PreallocationScope>,2.0,4.0,0.5714285714285714,0.0,0.0,0.0,0.0
HEAD,0,package zio - object ZManaged - class Scope,0.0,0.0,0.0,0.0,0.0,0.0,0.0
HEAD,0,package zio - object ZManaged - <$anon: zio.ZManaged.Scope>,2.0,3.0,0.42857142857142855,0.0,0.0,0.0,0.0
HEAD,0,package zio - object ZManaged - class RefineToOrDieOps,0.0,0.0,0.0,0.0,0.0,0.0,0.0
HEAD,0,package zio - trait App,1.0,1.0,0.2,0.0,0.0,1.0,0.0
HEAD,0,package internal - trait ExecutorPlatformSpecific,0.0,0.0,0.0,0.0,0.0,0.0,0.0
HEAD,0,package zio - class ZRefM,38.0,21.0,0.2625,0.0,0.0,2.0,0.0
HEAD,0,package zio - object ZRefM,48.0,41.0,0.22777777777777777,0.0,0.0,8.0,0.0
HEAD,0,package zio - object ZRefM - class Atomic,0.0,0.0,0.0,0.0,0.0,0.0,0.0
HEAD,0,package zio - object ZRefM - class Atomic - method foldM - <$anon: zio.ZRefM.Derived[RC RD EC ED C D]>,0.0,0.0,0.0,0.0,0.0,0.0,0.0
HEAD,0,package zio - object ZRefM - class Atomic - method foldAllM - <$anon: zio.ZRefM.DerivedAll[RC RD EC ED C D]>,0.0,0.0,0.0,0.0,0.0,0.0,0.0
HEAD,0,package zio - object ZRefM - class Derived,8.0,8.0,0.17391304347826086,0.0,0.0,0.0,0.0
HEAD,0,package zio - object ZRefM - class Derived - method foldM - <$anon: zio.ZRefM.Derived[RC RD EC ED C D]>,2.0,2.0,0.2222222222222222,0.0,0.0,0.0,0.0
HEAD,0,package zio - object ZRefM - class Derived - method foldAllM - <$anon: zio.ZRefM.DerivedAll[RC RD EC ED C D]>,3.0,3.0,0.25,0.0,0.0,0.0,0.0
HEAD,0,package zio - object ZRefM - class DerivedAll,10.0,8.0,0.17391304347826086,0.0,0.0,0.0,0.0
HEAD,0,package zio - object ZRefM - class DerivedAll - method foldM - <$anon: zio.ZRefM.DerivedAll[RC RD EC ED C D]>,2.0,2.0,0.2222222222222222,0.0,0.0,0.0,0.0
HEAD,0,package zio - object ZRefM - class DerivedAll - method foldAllM - <$anon: zio.ZRefM.DerivedAll[RC RD EC ED C D]>,3.0,3.0,0.25,0.0,0.0,0.0,0.0
HEAD,0,package zio - object ZRefM - class UnifiedSyntax,25.0,19.0,0.4634146341463415,0.0,0.0,8.0,0.0
HEAD,0,package zio - class QueueBackPressureBenchmark,18.0,20.0,0.37735849056603776,2.0,0.0,2.0,0.0
HEAD,0,package interop - object javaz,12.0,35.0,0.625,0.0,0.0,6.0,0.0
HEAD,0,package interop - object javaz - method effectAsyncWithCompletionHandler - <$anon: java.nio.channels.CompletionHandler[T Any]>,0.0,0.0,0.0,0.0,0.0,0.0,0.0
HEAD,0,package interop - object javaz - object CompletableFuture_,0.0,0.0,0.0,0.0,0.0,0.0,0.0
HEAD,0,package zio - class ZQueue,29.0,46.0,0.3865546218487395,0.0,0.0,1.0,0.0
HEAD,0,package zio - class ZQueue - method bothWithM - <$anon: zio.ZQueue[RA1 R3 EA1 E3 A1 D]>,6.0,16.0,0.6666666666666666,0.0,0.0,1.0,0.0
HEAD,0,package zio - class ZQueue - method dimapM - <$anon: zio.ZQueue[RC RD EC ED C D]>,4.0,4.0,0.2857142857142857,0.0,0.0,0.0,0.0
HEAD,0,package zio - class ZQueue - method filterInputM - <$anon: zio.ZQueue[R2 RB E2 EB A1 B]>,4.0,6.0,0.2857142857142857,0.0,0.0,0.0,0.0
HEAD,0,package zio - object ZQueue,16.0,51.0,0.17770034843205576,0.0,0.0,7.0,0.0
HEAD,0,package zio - object ZQueue - object internal,7.0,14.0,0.0880503144654088,0.0,0.0,4.0,0.0
HEAD,0,package zio - object ZQueue - object internal - class Strategy,0.0,0.0,0.0,0.0,0.0,0.0,0.0
HEAD,0,package zio - object ZQueue - object internal - class Sliding,0.0,0.0,0.0,0.0,0.0,0.0,0.0
HEAD,0,package zio - object ZQueue - object internal - class Dropping,0.0,0.0,0.0,0.0,0.0,0.0,0.0
HEAD,0,package zio - object ZQueue - object internal - class BackPressure,6.0,13.0,0.24074074074074073,0.0,0.0,4.0,0.0
HEAD,0,package zio - object ZQueue - method unsafeCreate - <$anon: zio.ZQueue[Any Any Nothing Nothing A A]>,4.0,25.0,0.24752475247524752,0.0,0.0,3.0,0.0
HEAD,0,package stm - class TReentrantLock,12.0,43.0,0.7413793103448276,0.0,0.0,3.0,0.0
HEAD,1,package stm - object TReentrantLock,1.0,1.0,0.02631578947368421,0.0,0.0,0.0,0.0
HEAD,0,package stm - object TReentrantLock - class LockState,0.0,0.0,0.0,0.0,0.0,0.0,0.0
HEAD,0,package stm - object TReentrantLock - class WriteLock,0.0,0.0,0.0,0.0,0.0,0.0,0.0
HEAD,0,package stm - object TReentrantLock - class ReadLock,0.0,0.0,0.0,0.0,0.0,0.0,0.0
HEAD,0,package stm - object TReentrantLock - object ReadLock,0.0,0.0,0.0,0.0,0.0,0.0,0.0
HEAD,0,package zio - trait EitherCompat,4.0,2.0,0.25,0.0,0.0,0.0,0.0
HEAD,0,package zio - trait EitherCompat - class EitherOps,4.0,2.0,0.2857142857142857,0.0,0.0,0.0,0.0
HEAD,0,package stm - class ZTRef,26.0,11.0,0.2391304347826087,0.0,0.0,2.0,0.0
HEAD,0,package stm - object ZTRef,50.0,103.0,0.33881578947368424,0.0,0.0,9.0,0.0
HEAD,0,package stm - object ZTRef - class Atomic,8.0,40.0,0.4166666666666667,0.0,0.0,6.0,0.0
HEAD,0,package stm - object ZTRef - class Atomic - method fold - <$anon: zio.stm.ZTRef.Derived[EC ED C D]>,0.0,0.0,0.0,0.0,0.0,0.0,0.0
HEAD,0,package stm - object ZTRef - class Atomic - method foldAll - <$anon: zio.stm.ZTRef.DerivedAll[EC ED C D]>,0.0,0.0,0.0,0.0,0.0,0.0,0.0
HEAD,0,package stm - object ZTRef - class Derived,14.0,7.0,0.14583333333333334,0.0,0.0,0.0,0.0
HEAD,0,package stm - object ZTRef - class Derived - method fold - <$anon: zio.stm.ZTRef.Derived[EC ED C D]>,4.0,2.0,0.18181818181818182,0.0,0.0,0.0,0.0
HEAD,0,package stm - object ZTRef - class Derived - method foldAll - <$anon: zio.stm.ZTRef.DerivedAll[EC ED C D]>,5.0,3.0,0.21428571428571427,0.0,0.0,0.0,0.0
HEAD,0,package stm - object ZTRef - class DerivedAll,13.0,11.0,0.20754716981132076,0.0,0.0,1.0,0.0
HEAD,0,package stm - object ZTRef - class DerivedAll - method fold - <$anon: zio.stm.ZTRef.DerivedAll[EC ED C D]>,4.0,2.0,0.18181818181818182,0.0,0.0,0.0,0.0
HEAD,0,package stm - object ZTRef - class DerivedAll - method foldAll - <$anon: zio.stm.ZTRef.DerivedAll[EC ED C D]>,5.0,3.0,0.21428571428571427,0.0,0.0,0.0,0.0
HEAD,0,package stm - object ZTRef - class UnifiedSyntax,14.0,37.0,0.42045454545454547,0.0,0.0,2.0,0.0
HEAD,0,package internal - class ForeachPar_Benchmark,3.0,3.0,0.2727272727272727,0.0,0.0,0.0,0.0
HEAD,0,package zio - trait FiberPlatformSpecific,0.0,0.0,0.0,0.0,0.0,0.0,0.0
HEAD,0,package internal - object BenchUtils,1.0,1.0,0.05263157894736842,0.0,0.0,0.0,0.0
HEAD,0,package zio - trait TaskPlatformSpecific,0.0,0.0,0.0,0.0,0.0,0.0,0.0
HEAD,0,package zio - class ExitCode,0.0,0.0,0.0,0.0,0.0,0.0,0.0
HEAD,0,package zio - object ExitCode,0.0,0.0,0.0,0.0,0.0,0.0,0.0
HEAD,0,package chunks - class ChunkAppendBenchmarks,0.0,0.0,0.0,0.0,0.0,0.0,0.0
HEAD,0,package zio - trait TaskPlatformSpecific,0.0,0.0,0.0,0.0,0.0,0.0,0.0
HEAD,0,package internal - class OneElementConcurrentQueue,0.0,0.0,0.0,0.0,0.0,0.0,0.0
HEAD,0,package internal - class ZInputStream,0.0,0.0,0.0,0.0,0.0,0.0,0.0
HEAD,0,package internal - object ZInputStream,0.0,0.0,0.0,0.0,0.0,0.0,0.0
HEAD,0,package zio - class IOLeftBindBenchmark,24.0,22.0,0.24719101123595505,0.0,0.0,0.0,0.0
HEAD,17,package stream - class ZStream,728.0,1178.0,0.6447728516694033,0.0,1.0,170.0,5.0
HEAD,2,package stream - class ZStream - method catchAllCause - class State,0.0,0.0,0.0,0.0,0.0,0.0,0.0
HEAD,1,package stream - class ZStream - method catchAllCause - object NotStarted,0.0,0.0,0.0,0.0,0.0,0.0,0.0
HEAD,1,package stream - class ZStream - method catchAllCause - class Self,0.0,0.0,0.0,0.0,0.0,0.0,0.0
HEAD,1,package stream - class ZStream - method catchAllCause - class Other,0.0,0.0,0.0,0.0,0.0,0.0,0.0
HEAD,0,package stream - class ZStream - method chunkN - class State,0.0,0.0,0.0,0.0,0.0,0.0,0.0
HEAD,0,package stream - class ZStream - method debounce - class State,0.0,0.0,0.0,0.0,0.0,0.0,0.0
HEAD,0,package stream - class ZStream - method debounce - object NotStarted,0.0,0.0,0.0,0.0,0.0,0.0,0.0
HEAD,0,package stream - class ZStream - method debounce - class Previous,0.0,0.0,0.0,0.0,0.0,0.0,0.0
HEAD,0,package stream - class ZStream - method debounce - class Current,0.0,0.0,0.0,0.0,0.0,0.0,0.0
HEAD,0,package stream - class ZStream - method debounce - object Done,0.0,0.0,0.0,0.0,0.0,0.0,0.0
HEAD,0,package stream - class ZStream - method timeoutTo - object StreamTimeout,0.0,0.0,0.0,0.0,0.0,0.0,0.0
HEAD,0,package stream - class ZStream - method zipAllWith - trait Status,0.0,0.0,0.0,0.0,0.0,0.0,0.0
HEAD,0,package stream - class ZStream - method zipAllWith - object Running,0.0,0.0,0.0,0.0,0.0,0.0,0.0
HEAD,0,package stream - class ZStream - method zipAllWith - object LeftDone,0.0,0.0,0.0,0.0,0.0,0.0,0.0
HEAD,0,package stream - class ZStream - method zipAllWith - object RightDone,0.0,0.0,0.0,0.0,0.0,0.0,0.0
HEAD,0,package stream - class ZStream - method zipAllWith - object End,0.0,0.0,0.0,0.0,0.0,0.0,0.0
HEAD,1,package stream - class ZStream - method zipWith - trait State,0.0,0.0,0.0,0.0,0.0,0.0,0.0
HEAD,1,package stream - class ZStream - method zipWith - class Running,0.0,0.0,0.0,0.0,0.0,0.0,0.0
HEAD,0,package stream - class ZStream - method zipWith - class LeftDone,0.0,0.0,0.0,0.0,0.0,0.0,0.0
HEAD,0,package stream - class ZStream - method zipWith - class RightDone,0.0,0.0,0.0,0.0,0.0,0.0,0.0
HEAD,1,package stream - class ZStream - method zipWith - object End,0.0,0.0,0.0,0.0,0.0,0.0,0.0
HEAD,5,package stream - object ZStream,110.0,209.0,0.4163346613545817,0.0,0.0,19.0,0.0
HEAD,0,package stream - object ZStream - method apply - <$anon: zio.stream.ZStream[R E O]>,0.0,0.0,0.0,0.0,0.0,0.0,0.0
HEAD,0,package stream - object ZStream - method fromIterator - object StreamEnd,0.0,0.0,0.0,0.0,0.0,0.0,0.0
HEAD,0,package stream - object ZStream - method fromJavaIterator - <$anon: Iterator[A]>,0.0,0.0,0.0,0.0,0.0,0.0,0.0
HEAD,0,package stream - object ZStream - method fromJavaIteratorTotal - <$anon: Iterator[A]>,0.0,0.0,0.0,0.0,0.0,0.0,0.0
HEAD,0,package stream - object ZStream - class AccessPartiallyApplied,0.0,0.0,0.0,0.0,0.0,0.0,0.0
HEAD,0,package stream - object ZStream - class AccessMPartiallyApplied,0.0,0.0,0.0,0.0,0.0,0.0,0.0
HEAD,0,package stream - object ZStream - class AccessStreamPartiallyApplied,0.0,0.0,0.0,0.0,0.0,0.0,0.0
HEAD,1,package stream - object ZStream - class GroupBy,4.0,14.0,0.5384615384615384,0.0,0.0,0.0,0.0
HEAD,1,package stream - object ZStream - class ProvideSomeLayer,0.0,0.0,0.0,0.0,0.0,0.0,0.0
HEAD,0,package stream - object ZStream - class UpdateService,1.0,1.0,0.25,0.0,0.0,0.0,0.0
HEAD,1,package stream - object ZStream - object Pull,2.0,2.0,0.2,0.0,0.0,0.0,0.0
HEAD,0,package stream - object ZStream - object Take,0.0,0.0,0.0,0.0,0.0,0.0,0.0
HEAD,0,package stream - object ZStream - class BufferedPull,4.0,13.0,0.3611111111111111,0.0,0.0,0.0,0.0
HEAD,0,package stream - object ZStream - object BufferedPull,2.0,3.0,0.3,0.0,0.0,0.0,0.0
HEAD,1,package stream - object ZStream - class Handoff,6.0,15.0,0.625,0.0,0.0,6.0,0.0
HEAD,0,package stream - object ZStream - object Handoff,2.0,2.0,0.15384615384615385,0.0,0.0,0.0,0.0
HEAD,0,package stream - object ZStream - object Handoff - trait State,0.0,0.0,0.0,0.0,0.0,0.0,0.0
HEAD,0,package stream - object ZStream - object Handoff - object State,0.0,0.0,0.0,0.0,0.0,0.0,0.0
HEAD,0,package stream - object ZStream - object Handoff - object State - class Empty,0.0,0.0,0.0,0.0,0.0,0.0,0.0
HEAD,0,package stream - object ZStream - object Handoff - object State - class Full,0.0,0.0,0.0,0.0,0.0,0.0,0.0
HEAD,0,package stream - object ZStream - trait TerminationStrategy,0.0,0.0,0.0,0.0,0.0,0.0,0.0
HEAD,0,package stream - object ZStream - object TerminationStrategy,0.0,0.0,0.0,0.0,0.0,0.0,0.0
HEAD,0,package stream - object ZStream - object TerminationStrategy - object Left,0.0,0.0,0.0,0.0,0.0,0.0,0.0
HEAD,0,package stream - object ZStream - object TerminationStrategy - object Right,0.0,0.0,0.0,0.0,0.0,0.0,0.0
HEAD,0,package stream - object ZStream - object TerminationStrategy - object Both,0.0,0.0,0.0,0.0,0.0,0.0,0.0
HEAD,0,package stream - object ZStream - object TerminationStrategy - object Either,0.0,0.0,0.0,0.0,0.0,0.0,0.0
HEAD,0,package stream - object ZStream - class RefineToOrDieOps,0.0,0.0,0.0,0.0,0.0,0.0,0.0
HEAD,0,package zio - trait FutureTransformCompat,0.0,0.0,0.0,0.0,0.0,0.0,0.0
HEAD,0,package zio - class ChunkBuilder,0.0,0.0,0.0,0.0,0.0,0.0,0.0
HEAD,0,package zio - object ChunkBuilder,1.0,1.0,0.0037593984962406013,0.0,0.0,0.0,0.0
HEAD,0,package zio - object ChunkBuilder - method make - <$anon: zio.ChunkBuilder[A]>,0.0,0.0,0.0,0.0,0.0,0.0,0.0
HEAD,0,package zio - object ChunkBuilder - class Boolean,1.0,1.0,0.018518518518518517,0.0,0.0,0.0,0.0
HEAD,0,package zio - object ChunkBuilder - class Byte,0.0,0.0,0.0,0.0,0.0,0.0,0.0
HEAD,0,package zio - object ChunkBuilder - class Char,0.0,0.0,0.0,0.0,0.0,0.0,0.0
HEAD,0,package zio - object ChunkBuilder - class Double,0.0,0.0,0.0,0.0,0.0,0.0,0.0
HEAD,0,package zio - object ChunkBuilder - class Float,0.0,0.0,0.0,0.0,0.0,0.0,0.0
HEAD,0,package zio - object ChunkBuilder - class Int,0.0,0.0,0.0,0.0,0.0,0.0,0.0
HEAD,0,package zio - object ChunkBuilder - class Long,0.0,0.0,0.0,0.0,0.0,0.0,0.0
HEAD,0,package zio - object ChunkBuilder - class Short,0.0,0.0,0.0,0.0,0.0,0.0,0.0
HEAD,0,package zio - trait BuildFromCompat,0.0,0.0,0.0,0.0,0.0,0.0,0.0
HEAD,0,package zio - trait FutureTransformCompat,0.0,0.0,0.0,0.0,0.0,0.0,0.0
HEAD,0,package compression - class CompressionException,0.0,0.0,0.0,0.0,0.0,0.0,0.0
HEAD,0,package compression - object CompressionException,0.0,0.0,0.0,0.0,0.0,0.0,0.0
HEAD,0,package internal - trait PlatformSpecific,2.0,2.0,0.05405405405405406,0.0,0.0,1.0,0.0
HEAD,0,package internal - trait PlatformSpecific - method fromExecutor - <$anon: zio.internal.Platform>,0.0,0.0,0.0,0.0,0.0,0.0,0.0
HEAD,0,package fix - class CurriedAssert,0.0,0.0,0.0,0.0,0.0,0.0,0.0
HEAD,0,package internal - class DefaultExecutors,0.0,0.0,0.0,0.0,0.0,0.0,0.0
HEAD,0,package zio - class GenBenchmarks,4.0,4.0,0.058823529411764705,0.0,0.0,0.0,0.0
HEAD,3,package stm - object STM,0.0,0.0,0.0,0.0,0.0,0.0,0.0
HEAD,0,package internal - trait ExecutorPlatformSpecific,0.0,0.0,0.0,0.0,0.0,0.0,0.0
HEAD,0,package internal - trait ExecutorPlatformSpecific - <$anon: java.util.concurrent.AbstractExecutorService with scala.concurrent.ExecutionContextExecutorService>,0.0,0.0,0.0,0.0,0.0,0.0,0.0
HEAD,0,package chunks - class ChunkConcatBenchmarks,0.0,0.0,0.0,0.0,0.0,0.0,0.0
HEAD,0,package zio - class QueueParallelBenchmark,18.0,20.0,0.38461538461538464,2.0,0.0,2.0,0.0
HEAD,0,package zio - trait BuildFromCompat,0.0,0.0,0.0,0.0,0.0,0.0,0.0
HEAD,0,package zio - trait BuildFromCompat - class BuildFromOps,0.0,0.0,0.0,0.0,0.0,0.0,0.0
HEAD,0,package chunks - class ChunkArrayBenchmarks,6.0,6.0,0.42857142857142855,0.0,0.0,0.0,0.0
HEAD,0,package stm - class TMapOpsBenchmarks,8.0,7.0,0.2692307692307692,3.0,0.0,0.0,0.0
HEAD,0,package zio - trait ChunkLike,0.0,0.0,0.0,0.0,0.0,0.0,0.0
HEAD,0,package zio - object ChunkLike,1.0,1.0,0.07142857142857142,0.0,0.0,0.0,0.0
HEAD,1,package zio - class Semaphore,12.0,18.0,0.3829787234042553,0.0,0.0,1.0,0.0
HEAD,0,package zio - object Semaphore,1.0,1.0,0.3333333333333333,0.0,0.0,0.0,0.0
HEAD,0,package zio - object internals,0.0,0.0,0.0,0.0,0.0,0.0,0.0
HEAD,0,package zio - object internals - class Acquisition,0.0,0.0,0.0,0.0,0.0,0.0,0.0
HEAD,0,package zio - object internals - class NegativeArgument,0.0,0.0,0.0,0.0,0.0,0.0,0.0
HEAD,0,package zio - trait FiberPlatformSpecific,9.0,7.0,0.16666666666666666,0.0,0.0,0.0,0.0
HEAD,0,package zio - trait FiberPlatformSpecific - method fromCompletionStage - <$anon: zio.Fiber.Synthetic.Internal[Throwable A]>,4.0,3.0,0.17647058823529413,0.0,0.0,0.0,0.0
HEAD,0,package zio - trait FiberPlatformSpecific - method fromFutureJava - <$anon: zio.Fiber.Synthetic.Internal[Throwable A]>,5.0,4.0,0.23529411764705882,0.0,0.0,0.0,0.0
HEAD,0,package zio - trait BootstrapRuntime,0.0,0.0,0.0,0.0,0.0,0.0,0.0
HEAD,0,package internal - class DefaultExecutors,1.0,1.0,0.020833333333333332,0.0,0.0,0.0,0.0
HEAD,0,package internal - class DefaultExecutors - method fromThreadPoolExecutor - <$anon: zio.internal.Executor>,0.0,0.0,0.0,0.0,0.0,0.0,0.0
HEAD,0,package internal - class DefaultExecutors - method fromThreadPoolExecutor - <$anon: zio.internal.Executor> - method metrics0 - <$anon: zio.internal.ExecutionMetrics>,0.0,0.0,0.0,0.0,0.0,0.0,0.0
HEAD,0,package zio - trait ZManagedPlatformSpecific,9.0,10.0,0.25,0.0,0.0,3.0,0.0
HEAD,2,package zio - object Task,0.0,0.0,0.0,0.0,0.0,0.0,0.0
HEAD,0,package zio - trait VersionSpecific,1.0,7.0,0.1044776119402985,0.0,0.0,0.0,0.0
HEAD,1,package stream - trait ZSinkPlatformSpecificConstructors,6.0,18.0,0.391304347826087,0.0,0.0,3.0,0.0
HEAD,1,package stream - trait ZStreamPlatformSpecificConstructors,75.0,175.0,0.6433823529411765,0.0,0.0,32.0,0.0
HEAD,0,package stream - trait ZStreamPlatformSpecificConstructors - method fromSocketServer - <$anon: java.nio.channels.CompletionHandler[java.nio.channels.AsynchronousSocketChannel Void]>,0.0,0.0,0.0,0.0,0.0,0.0,0.0
HEAD,0,package stream - trait ZStreamPlatformSpecificConstructors - class Connection,4.0,32.0,0.8421052631578947,0.0,0.0,4.0,0.0
HEAD,0,package stream - trait ZStreamPlatformSpecificConstructors - class Connection - method read - <$anon: java.nio.channels.CompletionHandler[Integer Void]>,0.0,0.0,0.0,0.0,0.0,0.0,0.0
HEAD,0,package stream - trait ZStreamPlatformSpecificConstructors - class Connection - method write - <$anon: java.nio.channels.CompletionHandler[Integer Void]>,0.0,0.0,0.0,0.0,0.0,0.0,0.0
HEAD,0,package stream - trait ZStreamPlatformSpecificConstructors - object Connection,1.0,1.0,0.2,0.0,0.0,0.0,0.0
HEAD,0,package stream - trait ZTransducerPlatformSpecificConstructors,9.0,48.0,0.41739130434782606,0.0,0.0,7.0,0.0
HEAD,0,package zio - class FiberFailure,0.0,0.0,0.0,0.0,0.0,0.0,0.0
HEAD,0,package stream - trait ZSinkPlatformSpecificConstructors,0.0,0.0,0.0,0.0,0.0,0.0,0.0
HEAD,0,package stream - trait ZStreamPlatformSpecificConstructors,10.0,24.0,0.5454545454545454,0.0,0.0,1.0,0.0
HEAD,0,package stream - trait StreamPlatformSpecificConstructors,0.0,0.0,0.0,0.0,0.0,0.0,0.0
HEAD,0,package stream - trait ZTransducerPlatformSpecificConstructors,0.0,0.0,0.0,0.0,0.0,0.0,0.0
HEAD,0,package stm - class TQueue,13.0,90.0,0.8490566037735849,0.0,0.0,6.0,1.0
HEAD,0,package stm - object TQueue,1.0,1.0,0.16666666666666666,0.0,0.0,0.0,0.0
HEAD,0,package internal - class SingleThreadedRingBuffer,0.0,0.0,0.0,0.0,0.0,0.0,0.0
HEAD,0,package internal - object SingleThreadedRingBuffer,0.0,0.0,0.0,0.0,0.0,0.0,0.0
HEAD,1,package zio - object Queue,0.0,0.0,0.0,0.0,0.0,0.0,0.0
HEAD,0,package zio - class InterruptStatus,0.0,0.0,0.0,0.0,0.0,0.0,0.0
HEAD,0,package zio - object InterruptStatus,0.0,0.0,0.0,0.0,0.0,0.0,0.0
HEAD,0,package zio - object InterruptStatus - object Interruptible,0.0,0.0,0.0,0.0,0.0,0.0,0.0
HEAD,0,package zio - object InterruptStatus - object Uninterruptible,0.0,0.0,0.0,0.0,0.0,0.0,0.0
HEAD,0,package stm - class TSemaphore,5.0,6.0,0.3,0.0,0.0,4.0,0.0
HEAD,0,package stm - object TSemaphore,1.0,1.0,0.25,0.0,0.0,0.0,0.0
HEAD,0,package internal - object Sync,0.0,0.0,0.0,0.0,0.0,0.0,0.0
HEAD,0,package zio - class Exit,18.0,11.0,0.125,0.0,0.0,0.0,0.0
HEAD,1,package zio - object Exit,16.0,13.0,0.37142857142857144,0.0,0.0,0.0,0.0
HEAD,0,package zio - object Exit - class Success,0.0,0.0,0.0,0.0,0.0,0.0,0.0
HEAD,0,package zio - object Exit - class Failure,0.0,0.0,0.0,0.0,0.0,0.0,0.0
HEAD,0,package zio - class Has,0.0,0.0,0.0,0.0,0.0,0.0,0.0
HEAD,0,package zio - object Has,2.0,5.0,0.011441647597254004,0.0,0.0,0.0,0.0
HEAD,0,package zio - object Has - class IsHas,0.0,0.0,0.0,0.0,0.0,0.0,0.0
HEAD,0,package zio - object Has - object IsHas,0.0,0.0,0.0,0.0,0.0,0.0,0.0
HEAD,0,package zio - object Has - object IsHas - method ImplicitIs - <$anon: zio.Has.IsHas[R]>,0.0,0.0,0.0,0.0,0.0,0.0,0.0
HEAD,0,package zio - object Has - class Union,0.0,0.0,0.0,0.0,0.0,0.0,0.0
HEAD,0,package zio - object Has - object Union,0.0,0.0,0.0,0.0,0.0,0.0,0.0
HEAD,0,package zio - object Has - object Union - method HasHasUnion - <$anon: zio.Has.Union[R R1]>,0.0,0.0,0.0,0.0,0.0,0.0,0.0
HEAD,0,package zio - object Has - class LowPriorityUnionImplicits,0.0,0.0,0.0,0.0,0.0,0.0,0.0
HEAD,0,package zio - object Has - class LowPriorityUnionImplicits - method HasAnyUnion - <$anon: zio.Has.Union[R Any]>,0.0,0.0,0.0,0.0,0.0,0.0,0.0
HEAD,0,package zio - object Has - class LowPriorityUnionImplicits - method AnyHasUnion - <$anon: zio.Has.Union[Any R1]>,0.0,0.0,0.0,0.0,0.0,0.0,0.0
HEAD,0,package zio - object Has - class LowPriorityUnionImplicits - <$anon: zio.Has.Union[Any Any]>,0.0,0.0,0.0,0.0,0.0,0.0,0.0
HEAD,0,package zio - object Has - class UnionAll,0.0,0.0,0.0,0.0,0.0,0.0,0.0
HEAD,0,package zio - object Has - object UnionAll,0.0,0.0,0.0,0.0,0.0,0.0,0.0
HEAD,0,package zio - object Has - object UnionAll - method HasHasUnionAll - <$anon: zio.Has.UnionAll[R R1]>,0.0,0.0,0.0,0.0,0.0,0.0,0.0
HEAD,0,package zio - object Has - class LowPriorityUnionAllImplicits,0.0,0.0,0.0,0.0,0.0,0.0,0.0
HEAD,0,package zio - object Has - class LowPriorityUnionAllImplicits - method HasAnyUnionAll - <$anon: zio.Has.UnionAll[R Any]>,0.0,0.0,0.0,0.0,0.0,0.0,0.0
HEAD,0,package zio - object Has - class LowPriorityUnionAllImplicits - method AnyHasUnionAll - <$anon: zio.Has.UnionAll[Any R1]>,0.0,0.0,0.0,0.0,0.0,0.0,0.0
HEAD,0,package zio - object Has - class LowPriorityUnionAllImplicits - <$anon: zio.Has.UnionAll[Any Any]>,0.0,0.0,0.0,0.0,0.0,0.0,0.0
HEAD,0,package zio - object Has - class HasSyntax,0.0,0.0,0.0,0.0,0.0,0.0,0.0
HEAD,0,package zio - object Has - class Scoped,1.0,1.0,0.2,0.0,0.0,0.0,0.0
HEAD,0,package zio - class Fiber,34.0,39.0,0.34210526315789475,0.0,0.0,0.0,0.0
HEAD,0,package zio - class Fiber - method mapM - <$anon: zio.Fiber.Synthetic[E1 B]>,5.0,3.0,0.2727272727272727,0.0,0.0,0.0,0.0
HEAD,0,package zio - class Fiber - method orElse - <$anon: zio.Fiber.Synthetic[E1 A1]>,4.0,12.0,0.5454545454545454,0.0,0.0,0.0,0.0
HEAD,0,package zio - class Fiber - method toFutureWith - <$anon: zio.CancelableFuture[A]>,1.0,1.0,0.25,0.0,0.0,0.0,0.0
HEAD,0,package zio - class Fiber - method zipWith - <$anon: zio.Fiber.Synthetic[E1 C]>,7.0,7.0,0.5,0.0,0.0,0.0,0.0
HEAD,1,package zio - object Fiber,36.0,27.0,0.13989637305699482,0.0,0.0,0.0,0.0
HEAD,0,package zio - object Fiber - class Runtime,3.0,4.0,0.3076923076923077,0.0,0.0,0.0,0.0
HEAD,0,package zio - object Fiber - object Runtime,1.0,1.0,0.16666666666666666,0.0,0.0,0.0,0.0
HEAD,0,package zio - object Fiber - object Runtime - class Internal,0.0,0.0,0.0,0.0,0.0,0.0,0.0
HEAD,0,package zio - object Fiber - class Synthetic,0.0,0.0,0.0,0.0,0.0,0.0,0.0
HEAD,0,package zio - object Fiber - object Synthetic,0.0,0.0,0.0,0.0,0.0,0.0,0.0
HEAD,0,package zio - object Fiber - object Synthetic - class Internal,0.0,0.0,0.0,0.0,0.0,0.0,0.0
HEAD,0,package zio - object Fiber - class Descriptor,0.0,0.0,0.0,0.0,0.0,0.0,0.0
HEAD,0,package zio - object Fiber - object Descriptor,0.0,0.0,0.0,0.0,0.0,0.0,0.0
HEAD,0,package zio - object Fiber - object Descriptor - method apply - <$anon: zio.Fiber.Descriptor>,0.0,0.0,0.0,0.0,0.0,0.0,0.0
HEAD,0,package zio - object Fiber - class Dump,0.0,0.0,0.0,0.0,0.0,0.0,0.0
HEAD,0,package zio - object Fiber - object Dump,0.0,0.0,0.0,0.0,0.0,0.0,0.0
HEAD,0,package zio - object Fiber - object Dump - method apply - <$anon: zio.Fiber.Dump>,0.0,0.0,0.0,0.0,0.0,0.0,0.0
HEAD,0,package zio - object Fiber - class Id,0.0,0.0,0.0,0.0,0.0,0.0,0.0
HEAD,0,package zio - object Fiber - object Id,0.0,0.0,0.0,0.0,0.0,0.0,0.0
HEAD,0,package zio - object Fiber - class Status,0.0,0.0,0.0,0.0,0.0,0.0,0.0
HEAD,0,package zio - object Fiber - object Status,0.0,0.0,0.0,0.0,0.0,0.0,0.0
HEAD,0,package zio - object Fiber - object Status - object Done,0.0,0.0,0.0,0.0,0.0,0.0,0.0
HEAD,0,package zio - object Fiber - object Status - class Finishing,0.0,0.0,0.0,0.0,0.0,0.0,0.0
HEAD,0,package zio - object Fiber - object Status - class Running,0.0,0.0,0.0,0.0,0.0,0.0,0.0
HEAD,0,package zio - object Fiber - object Status - class Suspended,0.0,0.0,0.0,0.0,0.0,0.0,0.0
HEAD,0,package zio - object Fiber - method collectAll - <$anon: zio.Fiber.Synthetic[E Collection[A]]>,20.0,12.0,0.5714285714285714,0.0,0.0,0.0,0.0
HEAD,0,package zio - object Fiber - method done - <$anon: zio.Fiber.Synthetic[E A]>,0.0,0.0,0.0,0.0,0.0,0.0,0.0
HEAD,0,package zio - object Fiber - method fromFuture - <$anon: zio.Fiber.Synthetic[Throwable A]>,5.0,4.0,0.2857142857142857,0.0,0.0,0.0,0.0
HEAD,0,package zio - object Fiber - <$anon: zio.Fiber.Synthetic[Nothing Nothing]>,0.0,0.0,0.0,0.0,0.0,0.0,0.0
HEAD,0,package stm - class SingleRefBenchmark,8.0,8.0,0.5,2.0,0.0,6.0,0.0
HEAD,0,package internal - class JCToolsQueue,0.0,0.0,0.0,0.0,0.0,0.0,0.0
HEAD,0,package zio - trait ChunkFactory,0.0,0.0,0.0,0.0,0.0,0.0,0.0
HEAD,1,package zio - class Promise,7.0,25.0,0.2808988764044944,0.0,0.0,2.0,1.0
HEAD,0,package zio - object Promise,2.0,2.0,0.15384615384615385,0.0,0.0,0.0,0.0
HEAD,0,package zio - object Promise - object internal,0.0,0.0,0.0,0.0,0.0,0.0,0.0
HEAD,0,package zio - object Promise - object internal - class State,0.0,0.0,0.0,0.0,0.0,0.0,0.0
HEAD,0,package zio - object Promise - object internal - class Pending,0.0,0.0,0.0,0.0,0.0,0.0,0.0
HEAD,0,package zio - object Promise - object internal - class Done,0.0,0.0,0.0,0.0,0.0,0.0,0.0
HEAD,0,package zio - trait ZManagedPlatformSpecific,0.0,0.0,0.0,0.0,0.0,0.0,0.0
HEAD,1,package zio - object RefM,0.0,0.0,0.0,0.0,0.0,0.0,0.0
HEAD,0,package zio - class TracingStatus,0.0,0.0,0.0,0.0,0.0,0.0,0.0
HEAD,0,package zio - object TracingStatus,0.0,0.0,0.0,0.0,0.0,0.0,0.0
HEAD,0,package zio - object TracingStatus - object Traced,0.0,0.0,0.0,0.0,0.0,0.0,0.0
HEAD,0,package zio - object TracingStatus - object Untraced,0.0,0.0,0.0,0.0,0.0,0.0,0.0
HEAD,0,package internal - class OneElementConcurrentQueue,0.0,0.0,0.0,0.0,0.0,0.0,0.0
HEAD,0,package zio - class BubbleSortBenchmarks,12.0,12.0,0.32432432432432434,0.0,0.0,6.0,0.0
HEAD,0,package internal - class PingPongBenchmark,0.0,0.0,0.0,0.0,0.0,0.0,0.0
HEAD,0,package internal - class OneShot,0.0,0.0,0.0,0.0,0.0,0.0,0.0
HEAD,0,package internal - object OneShot,0.0,0.0,0.0,0.0,0.0,0.0,0.0
HEAD,3,package zio - package object zio,0.0,0.0,0.0,0.0,0.0,0.0,0.0
HEAD,1,package zio - package object zio - object <*>,0.0,0.0,0.0,0.0,0.0,0.0,0.0
HEAD,0,package zio - class ZRef,26.0,11.0,0.2619047619047619,0.0,0.0,2.0,0.0
HEAD,2,package zio - object ZRef,64.0,114.0,0.24152542372881355,0.0,1.0,8.0,0.0
HEAD,1,package zio - object ZRef - class Atomic,4.0,4.0,0.02666666666666667,0.0,1.0,0.0,0.0
HEAD,0,package zio - object ZRef - class Atomic - method fold - <$anon: zio.ZRef.Derived[EC ED C D]>,0.0,0.0,0.0,0.0,0.0,0.0,0.0
HEAD,0,package zio - object ZRef - class Atomic - method foldAll - <$anon: zio.ZRef.DerivedAll[EC ED C D]>,0.0,0.0,0.0,0.0,0.0,0.0,0.0
HEAD,0,package zio - object ZRef - class Derived,16.0,8.0,0.17391304347826086,0.0,0.0,0.0,0.0
HEAD,0,package zio - object ZRef - class Derived - method fold - <$anon: zio.ZRef.Derived[EC ED C D]>,4.0,2.0,0.2222222222222222,0.0,0.0,0.0,0.0
HEAD,0,package zio - object ZRef - class Derived - method foldAll - <$anon: zio.ZRef.DerivedAll[EC ED C D]>,5.0,3.0,0.25,0.0,0.0,0.0,0.0
HEAD,0,package zio - object ZRef - class DerivedAll,14.0,16.0,0.2857142857142857,0.0,0.0,2.0,0.0
HEAD,0,package zio - object ZRef - class DerivedAll - method fold - <$anon: zio.ZRef.DerivedAll[EC ED C D]>,4.0,2.0,0.2222222222222222,0.0,0.0,0.0,0.0
HEAD,0,package zio - object ZRef - class DerivedAll - method foldAll - <$anon: zio.ZRef.DerivedAll[EC ED C D]>,5.0,3.0,0.25,0.0,0.0,0.0,0.0
HEAD,1,package zio - object ZRef - class UnifiedSyntax,14.0,38.0,0.42696629213483145,0.0,0.0,2.0,0.0
HEAD,0,package zio - object ZRef - class UnsafeSyntax,16.0,48.0,0.3902439024390244,0.0,0.0,4.0,0.0
HEAD,0,package zio - trait App,1.0,1.0,0.2,0.0,0.0,1.0,0.0
HEAD,0,package zio - class CancelableFuture,0.0,0.0,0.0,0.0,0.0,0.0,0.0
HEAD,0,package stm - class TSetOpsBenchmarks,0.0,0.0,0.0,0.0,0.0,0.0,0.0
HEAD,0,package internal - class ExecutionMetrics,0.0,0.0,0.0,0.0,0.0,0.0,0.0
HEAD,0,package zio - package duration - package object duration,2.0,2.0,0.021739130434782608,0.0,0.0,0.0,0.0
HEAD,0,package zio - package duration - package object duration - object Duration,0.0,0.0,0.0,0.0,0.0,0.0,0.0
HEAD,0,package zio - package duration - package object duration - object Duration - object Finite,0.0,0.0,0.0,0.0,0.0,0.0,0.0
HEAD,0,package zio - package duration - package object duration - class DurationOps,2.0,2.0,0.03571428571428571,0.0,0.0,0.0,0.0
HEAD,0,package zio - package duration - package object duration - <$anon: scala.math.Ordering[zio.duration.package.Duration]>,0.0,0.0,0.0,0.0,0.0,0.0,0.0
HEAD,0,package zio - class DurationSyntax,0.0,0.0,0.0,0.0,0.0,0.0,0.0
HEAD,1,package zio - package random - package object random,38.0,57.0,0.3081081081081081,0.0,0.0,6.0,0.0
HEAD,1,package zio - package random - package object random - object Random,21.0,40.0,0.2684563758389262,0.0,0.0,6.0,0.0
HEAD,0,package zio - package random - package object random - object Random - trait Service,0.0,0.0,0.0,0.0,0.0,0.0,0.0
HEAD,0,package zio - package random - package object random - object Random - object Service,3.0,3.0,0.06521739130434782,0.0,0.0,0.0,0.0
HEAD,0,package zio - package random - package object random - object Random - object Service - <$anon: zio.random.Random.Service>,3.0,3.0,0.06976744186046512,0.0,0.0,0.0,0.0
HEAD,0,package internal - class OfferBenchmark,0.0,0.0,0.0,0.0,0.0,0.0,0.0
HEAD,1,package macros - object AccessibleMacroExample,17.0,25.0,0.43859649122807015,0.0,0.0,0.0,0.0
HEAD,0,package macros - object AccessibleMacroExample - trait Foo,0.0,0.0,0.0,0.0,0.0,0.0,0.0
HEAD,0,package macros - object AccessibleMacroExample - class Bar,0.0,0.0,0.0,0.0,0.0,0.0,0.0
HEAD,0,package macros - object AccessibleMacroExample - class Wrapped,0.0,0.0,0.0,0.0,0.0,0.0,0.0
HEAD,1,package macros - object AccessibleMacroExample - trait Service,0.0,0.0,0.0,0.0,0.0,0.0,0.0
HEAD,1,package macros - object AccessibleMacroExample - <$anon: zio.examples.macros.AccessibleMacroExample.Service>,0.0,0.0,0.0,0.0,0.0,0.0,0.0
HEAD,0,package zio - class CanFail,0.0,0.0,0.0,0.0,0.0,0.0,0.0
HEAD,0,package zio - object CanFail,0.0,0.0,0.0,0.0,0.0,0.0,0.0
HEAD,2,package zio - object URIO,0.0,0.0,0.0,0.0,0.0,0.0,0.0
HEAD,0,package zio - trait ZIOPlatformSpecific,0.0,0.0,0.0,0.0,0.0,0.0,0.0
HEAD,0,package zio - trait ZIOCompanionPlatformSpecific,0.0,0.0,0.0,0.0,0.0,0.0,0.0
HEAD,0,package zio - package blocking - package object blocking,12.0,29.0,0.2543859649122807,0.0,0.0,1.0,0.0
HEAD,0,package zio - package blocking - package object blocking - object Blocking,5.0,22.0,0.27848101265822783,0.0,0.0,1.0,0.0
HEAD,0,package zio - package blocking - package object blocking - object Blocking - trait Service,5.0,22.0,0.3235294117647059,0.0,0.0,1.0,0.0
HEAD,0,package zio - package blocking - package object blocking - object Blocking - object Service,0.0,0.0,0.0,0.0,0.0,0.0,0.0
HEAD,0,package zio - package blocking - package object blocking - object Blocking - object Service - <$anon: zio.blocking.Blocking.Service>,0.0,0.0,0.0,0.0,0.0,0.0,0.0
HEAD,0,package zio - package blocking - package object blocking - object internal,1.0,1.0,0.047619047619047616,0.0,0.0,0.0,0.0
HEAD,0,package macros - class accessible,0.0,0.0,0.0,0.0,0.0,0.0,0.0
HEAD,0,package internal - class OneShot,0.0,0.0,0.0,0.0,0.0,0.0,0.0
HEAD,0,package internal - object OneShot,0.0,0.0,0.0,0.0,0.0,0.0,0.0
HEAD,0,package internal - object RingBuffer,0.0,0.0,0.0,0.0,0.0,0.0,0.0
HEAD,0,package internal - class RingBuffer,1.0,1.0,0.011235955056179775,0.0,0.0,0.0,0.0
HEAD,0,package zio - package system - package object system,17.0,17.0,0.22666666666666666,0.0,0.0,0.0,0.0
HEAD,0,package zio - package system - package object system - object System,8.0,8.0,0.14814814814814814,0.0,0.0,0.0,0.0
HEAD,0,package zio - package system - package object system - object System - trait Service,0.0,0.0,0.0,0.0,0.0,0.0,0.0
HEAD,0,package zio - package system - package object system - object System - object Service,4.0,4.0,0.18181818181818182,0.0,0.0,0.0,0.0
HEAD,0,package zio - package system - package object system - object System - object Service - <$anon: zio.system.System.Service>,4.0,4.0,0.21052631578947367,0.0,0.0,0.0,0.0
HEAD,0,package zio - class =!=,0.0,0.0,0.0,0.0,0.0,0.0,0.0
HEAD,0,package zio - object =!=,0.0,0.0,0.0,0.0,0.0,0.0,0.0
HEAD,0,package zio - object =!= - method neq - <$anon: A =!= B>,0.0,0.0,0.0,0.0,0.0,0.0,0.0
HEAD,0,package internal - object Sync,0.0,0.0,0.0,0.0,0.0,0.0,0.0
HEAD,0,package zio - trait ManagedApp,1.0,1.0,0.125,0.0,0.0,0.0,0.0
HEAD,0,package zio - trait ManagedApp - <$anon: zio.App>,1.0,1.0,0.25,0.0,0.0,0.0,0.0
HEAD,0,package stream - class Take,5.0,4.0,0.2222222222222222,0.0,0.0,0.0,0.0
HEAD,2,package stream - object Take,8.0,4.0,0.18181818181818182,0.0,0.0,0.0,0.0
HEAD,0,package stream - class ZTransducer,38.0,31.0,0.5254237288135594,0.0,0.0,0.0,0.0
HEAD,2,package stream - object ZTransducer,118.0,375.0,0.6893382352941176,0.0,1.0,7.0,7.0
HEAD,0,package stream - object ZTransducer - method apply - <$anon: zio.stream.ZTransducer[R E I O]>,0.0,0.0,0.0,0.0,0.0,0.0,0.0
HEAD,0,package stream - object ZTransducer - method branchAfter - trait State,0.0,0.0,0.0,0.0,0.0,0.0,0.0
HEAD,0,package stream - object ZTransducer - method branchAfter - object State,0.0,0.0,0.0,0.0,0.0,0.0,0.0
HEAD,0,package stream - object ZTransducer - method branchAfter - object State - class Collecting,0.0,0.0,0.0,0.0,0.0,0.0,0.0
HEAD,0,package stream - object ZTransducer - method branchAfter - object State - class Emitting,0.0,0.0,0.0,0.0,0.0,0.0,0.0
HEAD,0,package stream - object ZTransducer - method foldWeightedDecompose - class FoldWeightedState,0.0,0.0,0.0,0.0,0.0,0.0,0.0
HEAD,0,package stream - object ZTransducer - method foldWeightedDecomposeM - class FoldWeightedState,0.0,0.0,0.0,0.0,0.0,0.0,0.0
HEAD,0,package stream - object ZTransducer - object Push,0.0,0.0,0.0,0.0,0.0,0.0,0.0
HEAD,0,package internal - class Executor,1.0,3.0,0.16666666666666666,0.0,0.0,1.0,0.0
HEAD,0,package internal - class Executor - <$anon: scala.concurrent.ExecutionContext>,0.0,0.0,0.0,0.0,0.0,0.0,0.0
HEAD,0,package internal - object Executor,0.0,0.0,0.0,0.0,0.0,0.0,0.0
HEAD,0,package internal - object Executor - method fromExecutionContext - <$anon: zio.internal.Executor>,0.0,0.0,0.0,0.0,0.0,0.0,0.0
HEAD,0,package clock - trait PlatformSpecific,2.0,5.0,0.22727272727272727,0.0,1.0,0.0,0.0
HEAD,0,package clock - trait PlatformSpecific - <$anon: zio.internal.Scheduler>,2.0,5.0,0.25,0.0,1.0,0.0,0.0
HEAD,0,package zio - class ZLayer,27.0,40.0,0.3252032520325203,0.0,0.0,0.0,0.0
HEAD,1,package zio - object ZLayer,691.0,492.0,0.39805825242718446,0.0,0.0,0.0,0.0
HEAD,1,package zio - object ZLayer - class Fold,0.0,0.0,0.0,0.0,0.0,0.0,0.0
HEAD,0,package zio - object ZLayer - class Fresh,0.0,0.0,0.0,0.0,0.0,0.0,0.0
HEAD,0,package zio - object ZLayer - class Managed,0.0,0.0,0.0,0.0,0.0,0.0,0.0
HEAD,0,package zio - object ZLayer - class Suspend,0.0,0.0,0.0,0.0,0.0,0.0,0.0
HEAD,1,package zio - object ZLayer - class ZipWithPar,0.0,0.0,0.0,0.0,0.0,0.0,0.0
HEAD,0,package zio - object ZLayer - class ZLayerPassthroughOps,0.0,0.0,0.0,0.0,0.0,0.0,0.0
HEAD,0,package zio - object ZLayer - class MemoMap,0.0,0.0,0.0,0.0,0.0,0.0,0.0
HEAD,0,package zio - object ZLayer - object MemoMap,27.0,59.0,0.8939393939393939,0.0,0.0,0.0,0.0
HEAD,0,package zio - object ZLayer - object MemoMap - method make - <$anon: zio.ZLayer.MemoMap>,26.0,52.0,0.896551724137931,0.0,0.0,0.0,0.0
HEAD,0,package zio - class IONarrowFlatMapBenchmark,13.0,13.0,0.15853658536585366,0.0,0.0,0.0,0.0
HEAD,0,package chunks - class ChainBenchmarks,10.0,10.0,0.38461538461538464,0.0,0.0,0.0,0.0
HEAD,0,package internal - class ReduceAllParBenchmark,3.0,3.0,0.25,0.0,0.0,2.0,0.0
HEAD,0,package internal - class OneElementQueueSeqBenchmark,2.0,2.0,0.07407407407407407,0.0,0.0,0.0,0.0
HEAD,0,package chunks - class MixedChunkBenchmarks,7.0,7.0,0.1891891891891892,0.0,0.0,0.0,0.0
HEAD,0,package internal - object RingBuffer,0.0,0.0,0.0,0.0,0.0,0.0,0.0
HEAD,0,package internal - class RingBuffer,1.0,1.0,0.011235955056179775,0.0,0.0,0.0,0.0
HEAD,0,package internal - class RingBufferArb,0.0,0.0,0.0,0.0,0.0,0.0,0.0
HEAD,0,package internal - object RingBufferArb,0.0,0.0,0.0,0.0,0.0,0.0,0.0
HEAD,0,package zio - class ChunkCanBuildFrom,0.0,0.0,0.0,0.0,0.0,0.0,0.0
HEAD,0,package zio - object ChunkCanBuildFrom,0.0,0.0,0.0,0.0,0.0,0.0,0.0
HEAD,0,package zio - object ChunkCanBuildFrom - method apply - <$anon: zio.ChunkCanBuildFrom[A]>,0.0,0.0,0.0,0.0,0.0,0.0,0.0
HEAD,0,package zio - object ChunkCanBuildFrom - <$anon: zio.ChunkCanBuildFrom[Boolean]>,0.0,0.0,0.0,0.0,0.0,0.0,0.0
HEAD,0,package zio - object ChunkCanBuildFrom - <$anon: zio.ChunkCanBuildFrom[Byte]>,0.0,0.0,0.0,0.0,0.0,0.0,0.0
HEAD,0,package zio - object ChunkCanBuildFrom - <$anon: zio.ChunkCanBuildFrom[Char]>,0.0,0.0,0.0,0.0,0.0,0.0,0.0
HEAD,0,package zio - object ChunkCanBuildFrom - <$anon: zio.ChunkCanBuildFrom[Double]>,0.0,0.0,0.0,0.0,0.0,0.0,0.0
HEAD,0,package zio - object ChunkCanBuildFrom - <$anon: zio.ChunkCanBuildFrom[Float]>,0.0,0.0,0.0,0.0,0.0,0.0,0.0
HEAD,0,package zio - object ChunkCanBuildFrom - <$anon: zio.ChunkCanBuildFrom[Int]>,0.0,0.0,0.0,0.0,0.0,0.0,0.0
HEAD,0,package zio - object ChunkCanBuildFrom - <$anon: zio.ChunkCanBuildFrom[Long]>,0.0,0.0,0.0,0.0,0.0,0.0,0.0
HEAD,0,package zio - object ChunkCanBuildFrom - <$anon: zio.ChunkCanBuildFrom[Short]>,0.0,0.0,0.0,0.0,0.0,0.0,0.0
HEAD,0,package stm - class TPriorityQueue,22.0,68.0,0.7640449438202247,0.0,0.0,5.0,1.0
HEAD,0,package stm - object TPriorityQueue,4.0,3.0,0.3,0.0,0.0,0.0,0.0
HEAD,0,package stream - class SubscriptionRef,0.0,0.0,0.0,0.0,0.0,0.0,0.0
HEAD,0,package stream - object SubscriptionRef,1.0,3.0,0.5,0.0,0.0,0.0,0.0
HEAD,0,package internal - class Tracing,0.0,0.0,0.0,0.0,0.0,0.0,0.0
HEAD,0,package internal - object Tracing,0.0,0.0,0.0,0.0,0.0,0.0,0.0
HEAD,0,package stm - class TReentrantLockBenchmark,6.0,6.0,0.11764705882352941,0.0,0.0,4.0,0.0
HEAD,0,package zio - class ZOutputStream,0.0,0.0,0.0,0.0,0.0,0.0,0.0
HEAD,0,package zio - object ZOutputStream,0.0,0.0,0.0,0.0,0.0,0.0,0.0
HEAD,0,package zio - object ZOutputStream - method fromOutputStream - <$anon: zio.ZOutputStream>,0.0,0.0,0.0,0.0,0.0,0.0,0.0
HEAD,0,package stm - object TRef,0.0,0.0,0.0,0.0,0.0,0.0,0.0
HEAD,0,package internal - object Sync,0.0,0.0,0.0,0.0,0.0,0.0,0.0
HEAD,0,package chunks - class ArrayBenchmarks,4.0,3.0,0.05357142857142857,0.0,0.0,0.0,0.0
HEAD,0,package internal - class BenchQueueType,0.0,0.0,0.0,0.0,0.0,0.0,0.0
HEAD,0,package internal - object BenchQueueType,0.0,0.0,0.0,0.0,0.0,0.0,0.0
HEAD,0,package internal - object RingBufferPow2Type,0.0,0.0,0.0,0.0,0.0,0.0,0.0
HEAD,0,package internal - object RingBufferArbType,0.0,0.0,0.0,0.0,0.0,0.0,0.0
HEAD,0,package internal - object OneElementQueueType,0.0,0.0,0.0,0.0,0.0,0.0,0.0
HEAD,0,package internal - object OneElementQueueNoMetricType,0.0,0.0,0.0,0.0,0.0,0.0,0.0
HEAD,0,package internal - object LinkedQueueType,0.0,0.0,0.0,0.0,0.0,0.0,0.0
HEAD,0,package internal - object JucBlockingType,0.0,0.0,0.0,0.0,0.0,0.0,0.0
HEAD,0,package internal - object JCToolsType,0.0,0.0,0.0,0.0,0.0,0.0,0.0
HEAD,0,package internal - object NotThreadSafeType,0.0,0.0,0.0,0.0,0.0,0.0,0.0
HEAD,0,package stm - class TPromise,1.0,4.0,0.25,0.0,0.0,0.0,0.0
HEAD,0,package stm - object TPromise,1.0,1.0,0.25,0.0,0.0,0.0,0.0
HEAD,0,package stm - class STMFlatMapBenchmark,2.0,1.0,0.1111111111111111,0.0,0.0,0.0,0.0
HEAD,0,package internal - object PlatformConstants,0.0,0.0,0.0,0.0,0.0,0.0,0.0
HEAD,0,package internal - trait ExecutorPlatformSpecific,0.0,0.0,0.0,0.0,0.0,0.0,0.0
HEAD,0,package internal - trait ExecutorPlatformSpecific - <$anon: java.util.concurrent.AbstractExecutorService with scala.concurrent.ExecutionContextExecutorService>,0.0,0.0,0.0,0.0,0.0,0.0,0.0
HEAD,0,package clock - trait PlatformSpecific,2.0,5.0,0.22727272727272727,0.0,1.0,0.0,0.0
HEAD,0,package clock - trait PlatformSpecific - <$anon: zio.internal.Scheduler>,2.0,5.0,0.25,0.0,1.0,0.0,0.0
HEAD,0,package internal - class NamedThreadFactory,1.0,1.0,0.07142857142857142,0.0,0.0,0.0,0.0
HEAD,0,package zio - class ZInputStream,0.0,0.0,0.0,0.0,0.0,0.0,0.0
HEAD,0,package zio - object ZInputStream,0.0,0.0,0.0,0.0,0.0,0.0,0.0
HEAD,0,package zio - object ZInputStream - method fromInputStream - <$anon: zio.ZInputStream>,0.0,0.0,0.0,0.0,0.0,0.0,0.0
HEAD,0,package zio - trait ZManagedPlatformSpecific,0.0,0.0,0.0,0.0,0.0,0.0,0.0
HEAD,0,package zio - class Cause,16.0,21.0,0.06158357771260997,0.0,0.0,0.0,0.0
HEAD,0,package zio - class Cause - method prettyPrint - class Segment,0.0,0.0,0.0,0.0,0.0,0.0,0.0
HEAD,0,package zio - class Cause - method prettyPrint - class Step,0.0,0.0,0.0,0.0,0.0,0.0,0.0
HEAD,0,package zio - class Cause - method prettyPrint - class Sequential,0.0,0.0,0.0,0.0,0.0,0.0,0.0
HEAD,0,package zio - class Cause - method prettyPrint - class Parallel,0.0,0.0,0.0,0.0,0.0,0.0,0.0
HEAD,0,package zio - class Cause - method prettyPrint - class Failure,0.0,0.0,0.0,0.0,0.0,0.0,0.0
HEAD,1,package zio - object Cause,18.0,18.0,0.06474820143884892,0.0,0.0,0.0,0.0
HEAD,1,package zio - object Cause - object Empty,0.0,0.0,0.0,0.0,0.0,0.0,0.0
HEAD,0,package zio - object Cause - object Fail,0.0,0.0,0.0,0.0,0.0,0.0,0.0
HEAD,0,package zio - object Cause - object Die,0.0,0.0,0.0,0.0,0.0,0.0,0.0
HEAD,0,package zio - object Cause - object Interrupt,0.0,0.0,0.0,0.0,0.0,0.0,0.0
HEAD,0,package zio - object Cause - object Traced,0.0,0.0,0.0,0.0,0.0,0.0,0.0
HEAD,0,package zio - object Cause - object Then,0.0,0.0,0.0,0.0,0.0,0.0,0.0
HEAD,0,package zio - object Cause - object Both,0.0,0.0,0.0,0.0,0.0,0.0,0.0
HEAD,0,package zio - object Cause - object Internal,14.0,14.0,0.08045977011494253,0.0,0.0,0.0,0.0
HEAD,0,package zio - object Cause - object Internal - object Empty,0.0,0.0,0.0,0.0,0.0,0.0,0.0
HEAD,0,package zio - object Cause - object Internal - class Fail,2.0,2.0,0.2,0.0,0.0,0.0,0.0
HEAD,0,package zio - object Cause - object Internal - class Die,2.0,2.0,0.2,0.0,0.0,0.0,0.0
HEAD,0,package zio - object Cause - object Internal - class Interrupt,2.0,2.0,0.18181818181818182,0.0,0.0,0.0,0.0
HEAD,0,package zio - object Cause - object Internal - class Traced,0.0,0.0,0.0,0.0,0.0,0.0,0.0
HEAD,0,package zio - object Cause - object Internal - class Meta,0.0,0.0,0.0,0.0,0.0,0.0,0.0
HEAD,0,package zio - object Cause - object Internal - class Then,3.0,1.0,0.037037037037037035,0.0,0.0,0.0,0.0
HEAD,0,package zio - object Cause - object Internal - class Both,3.0,1.0,0.03225806451612903,0.0,0.0,0.0,0.0
HEAD,0,package zio - object Cause - object Internal - class Data,0.0,0.0,0.0,0.0,0.0,0.0,0.0
HEAD,0,package zio - object Cause - class FiberTrace,0.0,0.0,0.0,0.0,0.0,0.0,0.0
HEAD,0,package internal - class Tracing,0.0,0.0,0.0,0.0,0.0,0.0,0.0
HEAD,0,package internal - object Tracing,0.0,0.0,0.0,0.0,0.0,0.0,0.0
HEAD,0,package zio - trait FiberPlatformSpecific,0.0,0.0,0.0,0.0,0.0,0.0,0.0
HEAD,0,package zio - class NeedsEnv,0.0,0.0,0.0,0.0,0.0,0.0,0.0
HEAD,0,package zio - object NeedsEnv,0.0,0.0,0.0,0.0,0.0,0.0,0.0
HEAD,0,package zio - class Supervisor,0.0,0.0,0.0,0.0,0.0,0.0,0.0
HEAD,0,package zio - class Supervisor - method && - <$anon: zio.Supervisor[(A  B)]>,0.0,0.0,0.0,0.0,0.0,0.0,0.0
HEAD,0,package zio - class Supervisor - method || - <$anon: zio.Supervisor[(A  B)]>,0.0,0.0,0.0,0.0,0.0,0.0,0.0
HEAD,0,package zio - object Supervisor,2.0,2.0,0.029411764705882353,0.0,0.0,0.0,0.0
HEAD,0,package zio - object Supervisor - class Propagation,0.0,0.0,0.0,0.0,0.0,0.0,0.0
HEAD,0,package zio - object Supervisor - object Propagation,0.0,0.0,0.0,0.0,0.0,0.0,0.0
HEAD,0,package zio - object Supervisor - object Propagation - object Stop,0.0,0.0,0.0,0.0,0.0,0.0,0.0
HEAD,0,package zio - object Supervisor - object Propagation - object Continue,0.0,0.0,0.0,0.0,0.0,0.0,0.0
HEAD,0,package zio - object Supervisor - method track - <$anon: zio.Supervisor[zio.Chunk[zio.Fiber.Runtime[Any Any]]]>,0.0,0.0,0.0,0.0,0.0,0.0,0.0
HEAD,0,package zio - object Supervisor - method fibersIn - <$anon: zio.Supervisor[scala.collection.immutable.SortedSet[zio.Fiber.Runtime[Any Any]]]>,2.0,2.0,0.11764705882352941,0.0,0.0,0.0,0.0
HEAD,0,package zio - object Supervisor - <$anon: zio.Supervisor[Unit]>,0.0,0.0,0.0,0.0,0.0,0.0,0.0
HEAD,0,package internal - class UniqueKey,0.0,0.0,0.0,0.0,0.0,0.0,0.0
HEAD,0,package internal - object UniqueKey,0.0,0.0,0.0,0.0,0.0,0.0,0.0
HEAD,0,package zio - trait TaskPlatformSpecific,3.0,10.0,0.7142857142857143,0.0,0.0,0.0,0.0